product,product_category,scheme,is_number,is_title,qco_number,ministry,notification_date,effective_date,amendment,source_url,retrieved_at
Sulphate Resisting Portland Cement,Cement (any variety of cement manufactured or sold in India) such as,Scheme I (ISI Mark),IS 12330,,,,17 Feb 2003,,,https://www.bis.gov.in/MandatoryProducts/QCOrder/SO-No-191(E).pdf,2026-09-03
Low heat Portland Cement,Cement (any variety of cement manufactured or sold in India) such as,Scheme I (ISI Mark),IS 12600,,,,17 Feb 2003,,,https://www.bis.gov.in/MandatoryProducts/QCOrder/SO-No-191(E).pdf,2026-09-03
Portland Pozzolana Cement-Part1 Fly-ash based,Cement (any variety of cement manufactured or sold in India) such as,Scheme I (ISI Mark),IS 1489 (Part 1),,,,17 Feb 2003,,,https://www.bis.gov.in/MandatoryProducts/QCOrder/SO-No-191(E).pdf,2026-09-03
Portland Pozzolana Cement-Part 2 Calcined clay based,Cement (any variety of cement manufactured or sold in India) such as,Scheme I (ISI Mark),IS 1489 (Part 2),,,,17 Feb 2003,,,https://www.bis.gov.in/MandatoryProducts/QCOrder/SO-No-191(E).pdf,2026-09-03
Ordinary Portland Cement,Cement (any variety of cement manufactured or sold in India) such as,Scheme I (ISI Mark),IS 269,,,,17 Feb 2003,,,https://www.bis.gov.in/MandatoryProducts/QCOrder/SO-No-191(E).pdf,2026-09-03
Masonry Cement,Cement (any variety of cement manufactured or sold in India) such as,Scheme I (ISI Mark),IS 3466,,,,17 Feb 2003,,,https://www.bis.gov.in/MandatoryProducts/QCOrder/SO-No-191(E).pdf,2026-09-03
Portland Slag Cement,Cement (any variety of cement manufactured or sold in India) such as,Scheme I (ISI Mark),IS 455,,,,17 Feb 2003,,,https://www.bis.gov.in/MandatoryProducts/QCOrder/SO-No-191(E).pdf,2026-09-03
High Alumina Cement for Structural use,Cement (any variety of cement manufactured or sold in India) such as,Scheme I (ISI Mark),IS 6452,,,,17 Feb 2003,,,https://www.bis.gov.in/MandatoryProducts/QCOrder/SO-No-191(E).pdf,2026-09-03
Super sulphated cement,Cement (any variety of cement manufactured or sold in India) such as,Scheme I (ISI Mark),IS 6909,,,,17 Feb 2003,,,https://www.bis.gov.in/MandatoryProducts/QCOrder/SO-No-191(E).pdf,2026-09-03
Rapid hardening Portland cement,Cement (any variety of cement manufactured or sold in India) such as,Scheme I (ISI Mark),IS 8041,,,,17 Feb 2003,,,https://www.bis.gov.in/MandatoryProducts/QCOrder/SO-No-191(E).pdf,2026-09-03
White Portland Cement,Cement (any variety of cement manufactured or sold in India) such as,Scheme I (ISI Mark),IS 8042,,,,17 Feb 2003,,,https://www.bis.gov.in/MandatoryProducts/QCOrder/SO-No-191(E).pdf,2026-09-03
Hydrophobic Portland Cement,Cement (any variety of cement manufactured or sold in India) such as,Scheme I (ISI Mark),IS 8043,,,,17 Feb 2003,,,https://www.bis.gov.in/MandatoryProducts/QCOrder/SO-No-191(E).pdf,2026-09-03
Oil well Cement,Cement (any variety of cement manufactured or sold in India) such as,Scheme I (ISI Mark),IS 8229,,,,17 Feb 2003,,,https://www.bis.gov.in/MandatoryProducts/QCOrder/SO-No-191(E).pdf,2026-09-03
Composite Cement- Specification.,Cement (any variety of cement manufactured or sold in India) such as,Scheme I (ISI Mark),IS 16415: 2015,,,,17 Feb 2003,,,https://www.bis.gov.in/MandatoryProducts/QCOrder/SO-No-191(E).pdf,2026-09-03
Microfine Ordinary Portland Cement- Specification.,Cement (any variety of cement manufactured or sold in India) such as,Scheme I (ISI Mark),IS 16993: 2018,,,,17 Feb 2003,,,https://www.bis.gov.in/MandatoryProducts/QCOrder/SO-No-191(E).pdf,2026-09-03
High Alumina Refractory Cement.,Cement (any variety of cement manufactured or sold in India) such as,Scheme I (ISI Mark),IS 15895: 2018,,,,17 Feb 2003,,,https://www.bis.gov.in/MandatoryProducts/QCOrder/SO-No-191(E).pdf,2026-09-03
Residual current operated circuit breakers for house hold and similar uses-Part 1 Circuit breakers without integral overcurrent protection (RCCBs),Household Electrical goods,Scheme I (ISI Mark),IS 12640 (Part 1),,S.O. 165(E),,17 Feb 2003,,,https://www.bis.gov.in/MandatoryProducts/QCOrder/SO-No-189(E).pdf | https://www.bis.gov.in/MandatoryProducts/QCOrder/SO-No-165(E).pdf | https://www.bis.gov.in/MandatoryProducts/QCOrder/SO-No-1172(E).pdf | https://www.bis.gov.in/MandatoryProducts/QCOrder/SO-No-512(E).pdf | https://www.bis.gov.in/MandatoryProducts/QCOrder/SO-No-2058(E).pdf | https://www.bis.gov.in/MandatoryProducts/QCOrder/SO-No-2604(E).pdf,2026-09-03
Residual current operated circuit breakers for household and similar uses–Part 2 Circuit breakers with integral overcurrent protection(RCVOs),Household Electrical goods,Scheme I (ISI Mark),IS 12640 (Part 2),,S.O. 165(E),,17 Feb 2003,,,https://www.bis.gov.in/MandatoryProducts/QCOrder/SO-No-189(E).pdf | https://www.bis.gov.in/MandatoryProducts/QCOrder/SO-No-165(E).pdf | https://www.bis.gov.in/MandatoryProducts/QCOrder/SO-No-1172(E).pdf | https://www.bis.gov.in/MandatoryProducts/QCOrder/SO-No-512(E).pdf | https://www.bis.gov.in/MandatoryProducts/QCOrder/SO-No-2058(E).pdf | https://www.bis.gov.in/MandatoryProducts/QCOrder/SO-No-2604(E).pdf,2026-09-03
"AC watt-hour meters, class 0.5, 1 & 2",Household Electrical goods,Scheme I (ISI Mark),IS 13010,,S.O. 165(E),,17 Feb 2003,,,https://www.bis.gov.in/MandatoryProducts/QCOrder/SO-No-189(E).pdf | https://www.bis.gov.in/MandatoryProducts/QCOrder/SO-No-165(E).pdf | https://www.bis.gov.in/MandatoryProducts/QCOrder/SO-No-1172(E).pdf | https://www.bis.gov.in/MandatoryProducts/QCOrder/SO-No-512(E).pdf | https://www.bis.gov.in/MandatoryProducts/QCOrder/SO-No-2058(E).pdf | https://www.bis.gov.in/MandatoryProducts/QCOrder/SO-No-2604(E).pdf,2026-09-03
"AC static watt-hour meters, class 1 & 2",Household Electrical goods,Scheme I (ISI Mark),IS 13779,,S.O. 165(E),,17 Feb 2003,,,https://www.bis.gov.in/MandatoryProducts/QCOrder/SO-No-189(E).pdf | https://www.bis.gov.in/MandatoryProducts/QCOrder/SO-No-165(E).pdf | https://www.bis.gov.in/MandatoryProducts/QCOrder/SO-No-1172(E).pdf | https://www.bis.gov.in/MandatoryProducts/QCOrder/SO-No-512(E).pdf | https://www.bis.gov.in/MandatoryProducts/QCOrder/SO-No-2058(E).pdf | https://www.bis.gov.in/MandatoryProducts/QCOrder/SO-No-2604(E).pdf,2026-09-03
"AC static transformer operated watt-hour and VAR-hour meters, class 0.2S & 0.5S",Household Electrical goods,Scheme I (ISI Mark),IS 14697,,S.O. 165(E),,17 Feb 2003,,,https://www.bis.gov.in/MandatoryProducts/QCOrder/SO-No-189(E).pdf | https://www.bis.gov.in/MandatoryProducts/QCOrder/SO-No-165(E).pdf | https://www.bis.gov.in/MandatoryProducts/QCOrder/SO-No-1172(E).pdf | https://www.bis.gov.in/MandatoryProducts/QCOrder/SO-No-512(E).pdf | https://www.bis.gov.in/MandatoryProducts/QCOrder/SO-No-2058(E).pdf | https://www.bis.gov.in/MandatoryProducts/QCOrder/SO-No-2604(E).pdf,2026-09-03
Self Ballasted Lamps for General Lighting Services – Part 1 : Safety Requirements & Part 2 : Performance Requirements,Household Electrical goods,Scheme I (ISI Mark),IS 15111 (Part 1 & 2),,S.O. 165(E),,17 Feb 2003,,,https://www.bis.gov.in/MandatoryProducts/QCOrder/SO-No-189(E).pdf | https://www.bis.gov.in/MandatoryProducts/QCOrder/SO-No-165(E).pdf | https://www.bis.gov.in/MandatoryProducts/QCOrder/SO-No-1172(E).pdf | https://www.bis.gov.in/MandatoryProducts/QCOrder/SO-No-512(E).pdf | https://www.bis.gov.in/MandatoryProducts/QCOrder/SO-No-2058(E).pdf | https://www.bis.gov.in/MandatoryProducts/QCOrder/SO-No-2604(E).pdf,2026-09-03
Safety of household and similar electrical appliances – Electric iron,Household Electrical goods,Scheme I (ISI Mark),IS 302 (Part 2/Sec 3),,S.O. 165(E),,17 Feb 2003,,,https://www.bis.gov.in/MandatoryProducts/QCOrder/SO-No-189(E).pdf | https://www.bis.gov.in/MandatoryProducts/QCOrder/SO-No-165(E).pdf | https://www.bis.gov.in/MandatoryProducts/QCOrder/SO-No-1172(E).pdf | https://www.bis.gov.in/MandatoryProducts/QCOrder/SO-No-512(E).pdf | https://www.bis.gov.in/MandatoryProducts/QCOrder/SO-No-2058(E).pdf | https://www.bis.gov.in/MandatoryProducts/QCOrder/SO-No-2604(E).pdf,2026-09-03
Safety of household and similar electrical appliances– Electric immersion water-heaters,Household Electrical goods,Scheme I (ISI Mark),IS 302 (Part 2/Sec 201),,S.O. 165(E),,17 Feb 2003,,,https://www.bis.gov.in/MandatoryProducts/QCOrder/SO-No-189(E).pdf | https://www.bis.gov.in/MandatoryProducts/QCOrder/SO-No-165(E).pdf | https://www.bis.gov.in/MandatoryProducts/QCOrder/SO-No-1172(E).pdf | https://www.bis.gov.in/MandatoryProducts/QCOrder/SO-No-512(E).pdf | https://www.bis.gov.in/MandatoryProducts/QCOrder/SO-No-2058(E).pdf | https://www.bis.gov.in/MandatoryProducts/QCOrder/SO-No-2604(E).pdf,2026-09-03
Safety of household and similar electrical appliances –Electric stoves,Household Electrical goods,Scheme I (ISI Mark),IS 302 (Part 2/Sec 202),,S.O. 165(E),,17 Feb 2003,,,https://www.bis.gov.in/MandatoryProducts/QCOrder/SO-No-189(E).pdf | https://www.bis.gov.in/MandatoryProducts/QCOrder/SO-No-165(E).pdf | https://www.bis.gov.in/MandatoryProducts/QCOrder/SO-No-1172(E).pdf | https://www.bis.gov.in/MandatoryProducts/QCOrder/SO-No-512(E).pdf | https://www.bis.gov.in/MandatoryProducts/QCOrder/SO-No-2058(E).pdf | https://www.bis.gov.in/MandatoryProducts/QCOrder/SO-No-2604(E).pdf,2026-09-03
Safety of household and similar electrical appliances-Room heaters,Household Electrical goods,Scheme I (ISI Mark),IS 302 (Part 2/Sec 30),,S.O. 165(E),,17 Feb 2003,,,https://www.bis.gov.in/MandatoryProducts/QCOrder/SO-No-189(E).pdf | https://www.bis.gov.in/MandatoryProducts/QCOrder/SO-No-165(E).pdf | https://www.bis.gov.in/MandatoryProducts/QCOrder/SO-No-1172(E).pdf | https://www.bis.gov.in/MandatoryProducts/QCOrder/SO-No-512(E).pdf | https://www.bis.gov.in/MandatoryProducts/QCOrder/SO-No-2058(E).pdf | https://www.bis.gov.in/MandatoryProducts/QCOrder/SO-No-2604(E).pdf,2026-09-03
Switches for domestic and similar purposes,Household Electrical goods,Scheme I (ISI Mark),IS 3854,,S.O. 165(E),,17 Feb 2003,,,https://www.bis.gov.in/MandatoryProducts/QCOrder/SO-No-189(E).pdf | https://www.bis.gov.in/MandatoryProducts/QCOrder/SO-No-165(E).pdf | https://www.bis.gov.in/MandatoryProducts/QCOrder/SO-No-1172(E).pdf | https://www.bis.gov.in/MandatoryProducts/QCOrder/SO-No-512(E).pdf | https://www.bis.gov.in/MandatoryProducts/QCOrder/SO-No-2058(E).pdf | https://www.bis.gov.in/MandatoryProducts/QCOrder/SO-No-2604(E).pdf,2026-09-03
Tungsten filament general service electric lamps (upto100 W ),Household Electrical goods,Scheme I (ISI Mark),IS 418,,S.O. 165(E),,17 Feb 2003,,,https://www.bis.gov.in/MandatoryProducts/QCOrder/SO-No-189(E).pdf | https://www.bis.gov.in/MandatoryProducts/QCOrder/SO-No-165(E).pdf | https://www.bis.gov.in/MandatoryProducts/QCOrder/SO-No-1172(E).pdf | https://www.bis.gov.in/MandatoryProducts/QCOrder/SO-No-512(E).pdf | https://www.bis.gov.in/MandatoryProducts/QCOrder/SO-No-2058(E).pdf | https://www.bis.gov.in/MandatoryProducts/QCOrder/SO-No-2604(E).pdf,2026-09-03
PVC insulated cables for working voltages up to and including 1100V,Household Electrical goods,Scheme I (ISI Mark),IS 694,,S.O. 165(E),,17 Feb 2003,,,https://www.bis.gov.in/MandatoryProducts/QCOrder/SO-No-189(E).pdf | https://www.bis.gov.in/MandatoryProducts/QCOrder/SO-No-165(E).pdf | https://www.bis.gov.in/MandatoryProducts/QCOrder/SO-No-1172(E).pdf | https://www.bis.gov.in/MandatoryProducts/QCOrder/SO-No-512(E).pdf | https://www.bis.gov.in/MandatoryProducts/QCOrder/SO-No-2058(E).pdf | https://www.bis.gov.in/MandatoryProducts/QCOrder/SO-No-2604(E).pdf,2026-09-03
Electrical Accessories-Circuit breakers for overcurrent protection for household and similar installations,Household Electrical goods,Scheme I (ISI Mark),IS 8828 *,,S.O. 165(E),,17 Feb 2003,,,https://www.bis.gov.in/MandatoryProducts/QCOrder/SO-No-189(E).pdf | https://www.bis.gov.in/MandatoryProducts/QCOrder/SO-No-165(E).pdf | https://www.bis.gov.in/MandatoryProducts/QCOrder/SO-No-1172(E).pdf | https://www.bis.gov.in/MandatoryProducts/QCOrder/SO-No-512(E).pdf | https://www.bis.gov.in/MandatoryProducts/QCOrder/SO-No-2058(E).pdf | https://www.bis.gov.in/MandatoryProducts/QCOrder/SO-No-2604(E).pdf,2026-09-03
Elastomer insulated cables (Part.1): For working voltages up to and including1100 V,Household Electrical goods,Scheme I (ISI Mark),IS 9968 (Part 1),,S.O. 165(E),,17 Feb 2003,,,https://www.bis.gov.in/MandatoryProducts/QCOrder/SO-No-189(E).pdf | https://www.bis.gov.in/MandatoryProducts/QCOrder/SO-No-165(E).pdf | https://www.bis.gov.in/MandatoryProducts/QCOrder/SO-No-1172(E).pdf | https://www.bis.gov.in/MandatoryProducts/QCOrder/SO-No-512(E).pdf | https://www.bis.gov.in/MandatoryProducts/QCOrder/SO-No-2058(E).pdf | https://www.bis.gov.in/MandatoryProducts/QCOrder/SO-No-2604(E).pdf,2026-09-03
Multi-Purpose dry batteries,Batteries,Scheme I (ISI Mark),IS 8144,,SO 516(E),,25th May 1987,,,https://bis.gov.in/MandatoryProducts/QCOrder/516_E.pdf,2026-09-03
Follow–up formula –complimentary foods    De-notified from compulsory BIS certification,Food & Related Products,Scheme I (ISI Mark),IS 15757,,GSR 759(E),,,,,https://www.bis.gov.in/MandatoryProducts/QCOrder/GSR-NO-759(E).pdf | https://www.bis.gov.in/MandatoryProducts/QCOrder/GSR-No-760(E).pdf | https://bis.gov.in/wp-content/uploads/2024/11/De-notification-FoodProducts.pdf,2026-09-03
,Food & Related Products,Scheme I (ISI Mark),IS 11536,,GSR 759(E),,,,,https://www.bis.gov.in/MandatoryProducts/QCOrder/GSR-NO-759(E).pdf | https://www.bis.gov.in/MandatoryProducts/QCOrder/GSR-No-760(E).pdf | https://bis.gov.in/wp-content/uploads/2024/11/De-notification-FoodProducts.pdf,2026-09-03
,Food & Related Products,Scheme I (ISI Mark),IS 1165,,GSR 759(E),,,,,https://www.bis.gov.in/MandatoryProducts/QCOrder/GSR-NO-759(E).pdf | https://www.bis.gov.in/MandatoryProducts/QCOrder/GSR-No-760(E).pdf | https://bis.gov.in/wp-content/uploads/2024/11/De-notification-FoodProducts.pdf,2026-09-03
,Food & Related Products,Scheme I (ISI Mark),IS 1166,,GSR 759(E),,,,,https://www.bis.gov.in/MandatoryProducts/QCOrder/GSR-NO-759(E).pdf | https://www.bis.gov.in/MandatoryProducts/QCOrder/GSR-No-760(E).pdf | https://bis.gov.in/wp-content/uploads/2024/11/De-notification-FoodProducts.pdf,2026-09-03
,Food & Related Products,Scheme I (ISI Mark),IS 12176,,GSR 759(E),,,,,https://www.bis.gov.in/MandatoryProducts/QCOrder/GSR-NO-759(E).pdf | https://www.bis.gov.in/MandatoryProducts/QCOrder/GSR-No-760(E).pdf | https://bis.gov.in/wp-content/uploads/2024/11/De-notification-FoodProducts.pdf,2026-09-03
"Skimmed milk-powder, standard grade    De-notified from compulsory BIS certification",Food & Related Products,Scheme I (ISI Mark),IS 13334 (Part 1),,,,,,,https://bis.gov.in/MandatoryProducts/QCOrder/Food%20Products/FSSAI%20Regulation%202011.pdf,2026-09-03
"Skimmed milk-powder, extra grade    De-notified from compulsory BIS certification",Food & Related Products,Scheme I (ISI Mark),IS 13334 (Part 2),,GSR 759(E),,,,,https://bis.gov.in/MandatoryProducts/QCOrder/Food%20Products/FSSAI%20Regulation%202011.pdf | https://bis.gov.in/MandatoryProducts/QCOrder/Food%20Products/GSR%20NO%20759(E).pdf | https://bis.gov.in/MandatoryProducts/QCOrder/Food%20Products/GSR%20NO%20759(E).pdf | https://bis.gov.in/wp-content/uploads/2023/02/Gazette_Notification_Prohibition_02_09_2022.pdf | https://bis.gov.in/wp-content/uploads/2024/11/De-notification-FoodProducts.pdf,2026-09-03
,Food & Related Products,Scheme I (ISI Mark),IS 13428,,GSR 759(E),,,,,https://bis.gov.in/MandatoryProducts/QCOrder/Food%20Products/FSSAI%20Regulation%202011.pdf | https://bis.gov.in/MandatoryProducts/QCOrder/Food%20Products/GSR%20NO%20759(E).pdf | https://bis.gov.in/MandatoryProducts/QCOrder/Food%20Products/GSR%20NO%20759(E).pdf | https://bis.gov.in/wp-content/uploads/2023/02/Gazette_Notification_Prohibition_02_09_2022.pdf | https://bis.gov.in/wp-content/uploads/2024/11/De-notification-FoodProducts.pdf,2026-09-03
,Food & Related Products,Scheme I (ISI Mark),IS 14433,,GSR 759(E),,,,,https://bis.gov.in/MandatoryProducts/QCOrder/Food%20Products/FSSAI%20Regulation%202011.pdf | https://bis.gov.in/MandatoryProducts/QCOrder/Food%20Products/GSR%20NO%20759(E).pdf | https://bis.gov.in/MandatoryProducts/QCOrder/Food%20Products/GSR%20NO%20759(E).pdf | https://bis.gov.in/wp-content/uploads/2023/02/Gazette_Notification_Prohibition_02_09_2022.pdf | https://bis.gov.in/wp-content/uploads/2024/11/De-notification-FoodProducts.pdf,2026-09-03
,Food & Related Products,Scheme I (ISI Mark),IS 17945: 2022,,GSR 759(E),,,,,https://bis.gov.in/MandatoryProducts/QCOrder/Food%20Products/FSSAI%20Regulation%202011.pdf | https://bis.gov.in/MandatoryProducts/QCOrder/Food%20Products/GSR%20NO%20759(E).pdf | https://bis.gov.in/MandatoryProducts/QCOrder/Food%20Products/GSR%20NO%20759(E).pdf | https://bis.gov.in/wp-content/uploads/2023/02/Gazette_Notification_Prohibition_02_09_2022.pdf | https://bis.gov.in/wp-content/uploads/2024/11/De-notification-FoodProducts.pdf,2026-09-03
,Food & Related Products,Scheme I (ISI Mark),IS 14542,,GSR 759(E),,,,,https://bis.gov.in/MandatoryProducts/QCOrder/Food%20Products/FSSAI%20Regulation%202011.pdf | https://bis.gov.in/MandatoryProducts/QCOrder/Food%20Products/GSR%20NO%20759(E).pdf | https://bis.gov.in/MandatoryProducts/QCOrder/Food%20Products/GSR%20NO%20759(E).pdf | https://bis.gov.in/wp-content/uploads/2023/02/Gazette_Notification_Prohibition_02_09_2022.pdf | https://bis.gov.in/wp-content/uploads/2024/11/De-notification-FoodProducts.pdf,2026-09-03
,Food & Related Products,Scheme I (ISI Mark),IS 14543,,GSR 759(E),,,,,https://bis.gov.in/MandatoryProducts/QCOrder/Food%20Products/FSSAI%20Regulation%202011.pdf | https://bis.gov.in/MandatoryProducts/QCOrder/Food%20Products/GSR%20NO%20759(E).pdf | https://bis.gov.in/MandatoryProducts/QCOrder/Food%20Products/GSR%20NO%20759(E).pdf | https://bis.gov.in/wp-content/uploads/2023/02/Gazette_Notification_Prohibition_02_09_2022.pdf | https://bis.gov.in/wp-content/uploads/2024/11/De-notification-FoodProducts.pdf,2026-09-03
,Food & Related Products,Scheme I (ISI Mark),IS 1656,,GSR 759(E),,,,,https://bis.gov.in/MandatoryProducts/QCOrder/Food%20Products/FSSAI%20Regulation%202011.pdf | https://bis.gov.in/MandatoryProducts/QCOrder/Food%20Products/GSR%20NO%20759(E).pdf | https://bis.gov.in/MandatoryProducts/QCOrder/Food%20Products/GSR%20NO%20759(E).pdf | https://bis.gov.in/wp-content/uploads/2023/02/Gazette_Notification_Prohibition_02_09_2022.pdf | https://bis.gov.in/wp-content/uploads/2024/11/De-notification-FoodProducts.pdf,2026-09-03
Plastic Feeding Bottles,Feeding Bottles,Scheme I (ISI Mark),IS 14625,,,,,,,https://indiacode.nic.in/bitstream/123456789/1958/1/199241.pdf,2026-09-03
Glass Feeding Bottles,Feeding Bottles,Scheme I (ISI Mark),IS 5168,,,,,,,https://indiacode.nic.in/bitstream/123456789/1958/1/199241.pdf,2026-09-03
"Oil pressure stove, offset burner type",Oil Pressure Stoves,Scheme I (ISI Mark),IS 10109,,SO 451(E),,16 June 1997,,,https://www.bis.gov.in/MandatoryProducts/QCOrder/SO-No-451(E).pdf,2026-09-03
Multi-burner oil pressure stoves,Oil Pressure Stoves,Scheme I (ISI Mark),IS 2787,,SO 451(E),,16 June 1997,,,https://www.bis.gov.in/MandatoryProducts/QCOrder/SO-No-451(E).pdf,2026-09-03
Oil pressure stoves,Oil Pressure Stoves,Scheme I (ISI Mark),IS 1342,,SO 451(E),,16 June 1997,,,https://www.bis.gov.in/MandatoryProducts/QCOrder/SO-No-451(E).pdf,2026-09-03
Automotive vehicles –Tubes for pneumatic tyres,Automobile Accessories,Scheme I (ISI Mark),IS 13098,,,,19-11-2009,,,https://www.bis.gov.in/MandatoryProducts/QCOrder/SO%20No.%202953%20(E).pdf | https://www.bis.gov.in/MandatoryProducts/QCOrder/SO%20No.%201057%20(E).pdf | https://www.bis.gov.in/MandatoryProducts/QCOrder/SO%20No.%202758%20(E).pdf,2026-09-03
Automotive vehicles– Pneumatic tyres for two and three-wheeled motor vehicles,Automobile Accessories,Scheme I (ISI Mark),IS 15627,,,,19-11-2009,,,https://www.bis.gov.in/MandatoryProducts/QCOrder/SO%20No.%202953%20(E).pdf | https://www.bis.gov.in/MandatoryProducts/QCOrder/SO%20No.%201057%20(E).pdf | https://www.bis.gov.in/MandatoryProducts/QCOrder/SO%20No.%202758%20(E).pdf,2026-09-03
Automotive vehicles-Pneumatic tyres for passenger car vehicles–  Diagonal and radial ply,Automobile Accessories,Scheme I (ISI Mark),IS 15633,,,,19-11-2009,,,https://www.bis.gov.in/MandatoryProducts/QCOrder/SO%20No.%202953%20(E).pdf | https://www.bis.gov.in/MandatoryProducts/QCOrder/SO%20No.%201057%20(E).pdf | https://www.bis.gov.in/MandatoryProducts/QCOrder/SO%20No.%202758%20(E).pdf,2026-09-03
Automotive vehicles- Pneumatic tyres for commercial vehicles-Diagonal and radial ply,Automobile Accessories,Scheme I (ISI Mark),IS 15636,,,,19-11-2009,,,https://www.bis.gov.in/MandatoryProducts/QCOrder/SO%20No.%202953%20(E).pdf | https://www.bis.gov.in/MandatoryProducts/QCOrder/SO%20No.%201057%20(E).pdf | https://www.bis.gov.in/MandatoryProducts/QCOrder/SO%20No.%202758%20(E).pdf,2026-09-03
Liquefied petroleum gas containers for automotive use,"Cylinder, Valves and Regulator",Scheme I (ISI Mark),IS 14899,,,,22-11-2016,,,https://www.bis.gov.in/MandatoryProducts/QCOrder/S.O%201081%20(E).pdf | https://www.bis.gov.in/wp-content/uploads/2026/05/Gas-Cylinder-Amendment-Rules-2026.pdf | https://www.bis.gov.in/wp-content/uploads/2026/06/Gas-Cylinder-Second-Amendment-Rules-05062026.pdf,2026-09-03
Multifunction valve assembly for permanently fixed liquefied petroleum gas (LPG) containers for automotive use,"Cylinder, Valves and Regulator",Scheme I (ISI Mark),IS 15100,,,,22-11-2016,,,https://www.bis.gov.in/MandatoryProducts/QCOrder/S.O%201081%20(E).pdf | https://www.bis.gov.in/wp-content/uploads/2026/05/Gas-Cylinder-Amendment-Rules-2026.pdf | https://www.bis.gov.in/wp-content/uploads/2026/06/Gas-Cylinder-Second-Amendment-Rules-05062026.pdf,2026-09-03
Welded low carbon steel cylinders exceeding 5 litre Water capacity for low pressure liquefiable gases Part 4 Cylinders for toxic and corrosive gases,"Cylinder, Valves and Regulator",Scheme I (ISI Mark),IS 3196 (Part 4),,,,22-11-2016,,,https://www.bis.gov.in/MandatoryProducts/QCOrder/S.O%201081%20(E).pdf | https://www.bis.gov.in/wp-content/uploads/2026/05/Gas-Cylinder-Amendment-Rules-2026.pdf | https://www.bis.gov.in/wp-content/uploads/2026/06/Gas-Cylinder-Second-Amendment-Rules-05062026.pdf,2026-09-03
Welded low carbon steel gas cylinder exceeding 5 litre water capacity for low pressure liquefiable gases Part1 Cylinders for liquefied petroleum gas (LPG),"Cylinder, Valves and Regulator",Scheme I (ISI Mark),IS 3196 (Part 1),,,,22-11-2016,,,https://www.bis.gov.in/MandatoryProducts/QCOrder/S.O%201081%20(E).pdf | https://www.bis.gov.in/wp-content/uploads/2026/05/Gas-Cylinder-Amendment-Rules-2026.pdf | https://www.bis.gov.in/wp-content/uploads/2026/06/Gas-Cylinder-Second-Amendment-Rules-05062026.pdf,2026-09-03
Welded low carbon steel gas cylinder exceeding 5-litre water capacity for low pressure liquefiable gases Part 2 Cylinders for liquefiable gases other than LPG.,"Cylinder, Valves and Regulator",Scheme I (ISI Mark),IS 3196 (Part 2),,,,22-11-2016,,,https://www.bis.gov.in/MandatoryProducts/QCOrder/S.O%201081%20(E).pdf | https://www.bis.gov.in/wp-content/uploads/2026/05/Gas-Cylinder-Amendment-Rules-2026.pdf | https://www.bis.gov.in/wp-content/uploads/2026/06/Gas-Cylinder-Second-Amendment-Rules-05062026.pdf,2026-09-03
Valve fittings for compressed gas cylinder excluding liquefied petroleum gas cylinders,"Cylinder, Valves and Regulator",Scheme I (ISI Mark),IS 3224,,,,22-11-2016,,,https://www.bis.gov.in/MandatoryProducts/QCOrder/S.O%201081%20(E).pdf | https://www.bis.gov.in/wp-content/uploads/2026/05/Gas-Cylinder-Amendment-Rules-2026.pdf | https://www.bis.gov.in/wp-content/uploads/2026/06/Gas-Cylinder-Second-Amendment-Rules-05062026.pdf,2026-09-03
Yoke Type Valve Connection for Small Medical Gas Cylinders,"Cylinder, Valves and Regulator",Scheme I (ISI Mark),IS 3745,,,,22-11-2016,,,https://www.bis.gov.in/MandatoryProducts/QCOrder/S.O%201081%20(E).pdf | https://www.bis.gov.in/wp-content/uploads/2026/05/Gas-Cylinder-Amendment-Rules-2026.pdf | https://www.bis.gov.in/wp-content/uploads/2026/06/Gas-Cylinder-Second-Amendment-Rules-05062026.pdf,2026-09-03
Welded low carbon steel cylinders for low pressure liquefiable gases not exceeding 5 litre water capacity,"Cylinder, Valves and Regulator",Scheme I (ISI Mark),IS 7142,,,,22-11-2016,,,https://www.bis.gov.in/MandatoryProducts/QCOrder/S.O%201081%20(E).pdf | https://www.bis.gov.in/wp-content/uploads/2026/05/Gas-Cylinder-Amendment-Rules-2026.pdf | https://www.bis.gov.in/wp-content/uploads/2026/06/Gas-Cylinder-Second-Amendment-Rules-05062026.pdf,2026-09-03
Refillable Seamless steel gas cylinders Part1 Normalized steel cylinders,"Cylinder, Valves and Regulator",Scheme I (ISI Mark),IS 7285 (Part 1),,,,22-11-2016,,,https://www.bis.gov.in/MandatoryProducts/QCOrder/S.O%201081%20(E).pdf | https://www.bis.gov.in/wp-content/uploads/2026/05/Gas-Cylinder-Amendment-Rules-2026.pdf | https://www.bis.gov.in/wp-content/uploads/2026/06/Gas-Cylinder-Second-Amendment-Rules-05062026.pdf,2026-09-03
Refillable Seamless steel gas cylinders Part 2 Quenched and tempered steel cylinders with tensile strength less than 1100 MPa (112 kgf/mm2),"Cylinder, Valves and Regulator",Scheme I (ISI Mark),IS 7285 (Part 2),,,,22-11-2016,,,https://www.bis.gov.in/MandatoryProducts/QCOrder/S.O%201081%20(E).pdf | https://www.bis.gov.in/wp-content/uploads/2026/05/Gas-Cylinder-Amendment-Rules-2026.pdf | https://www.bis.gov.in/wp-content/uploads/2026/06/Gas-Cylinder-Second-Amendment-Rules-05062026.pdf,2026-09-03
Valve fittings for gas cylinder valves for use with breathing apparatus,"Cylinder, Valves and Regulator",Scheme I (ISI Mark),IS 7302,,,,22-11-2016,,,https://www.bis.gov.in/MandatoryProducts/QCOrder/S.O%201081%20(E).pdf | https://www.bis.gov.in/wp-content/uploads/2026/05/Gas-Cylinder-Amendment-Rules-2026.pdf | https://www.bis.gov.in/wp-content/uploads/2026/06/Gas-Cylinder-Second-Amendment-Rules-05062026.pdf,2026-09-03
Welded and seamless steel dissolved acetylene gas cylinders,"Cylinder, Valves and Regulator",Scheme I (ISI Mark),IS 7312,,,,22-11-2016,,,https://www.bis.gov.in/MandatoryProducts/QCOrder/S.O%201081%20(E).pdf | https://www.bis.gov.in/wp-content/uploads/2026/05/Gas-Cylinder-Amendment-Rules-2026.pdf | https://www.bis.gov.in/wp-content/uploads/2026/06/Gas-Cylinder-Second-Amendment-Rules-05062026.pdf,2026-09-03
Valve fittings for use with liquefied petroleum gas cylinders of more than 5 litre water capacity Part 2 Valve fittings for newly manufactured LPG cylinders,"Cylinder, Valves and Regulator",Scheme I (ISI Mark),IS 8737,,,,22-11-2016,,,https://www.bis.gov.in/MandatoryProducts/QCOrder/S.O%201081%20(E).pdf | https://www.bis.gov.in/wp-content/uploads/2026/05/Gas-Cylinder-Amendment-Rules-2026.pdf | https://www.bis.gov.in/wp-content/uploads/2026/06/Gas-Cylinder-Second-Amendment-Rules-05062026.pdf,2026-09-03
Valve Fittings for Use with Liquefied Petroleum Gas (LPG) Cylinders up to and Including 5-Litre Water Capacity,"Cylinder, Valves and Regulator",Scheme I (ISI Mark),IS 8776,,,,22-11-2016,,,https://www.bis.gov.in/MandatoryProducts/QCOrder/S.O%201081%20(E).pdf | https://www.bis.gov.in/wp-content/uploads/2026/05/Gas-Cylinder-Amendment-Rules-2026.pdf | https://www.bis.gov.in/wp-content/uploads/2026/06/Gas-Cylinder-Second-Amendment-Rules-05062026.pdf,2026-09-03
Low pressure regulators for use with liquefied petroleum gas (LPG) mixtures,"Cylinder, Valves and Regulator",Scheme I (ISI Mark),IS 9798,,,,22-11-2016,,,https://www.bis.gov.in/MandatoryProducts/QCOrder/S.O%201081%20(E).pdf | https://www.bis.gov.in/wp-content/uploads/2026/05/Gas-Cylinder-Amendment-Rules-2026.pdf | https://www.bis.gov.in/wp-content/uploads/2026/06/Gas-Cylinder-Second-Amendment-Rules-05062026.pdf,2026-09-03
Clinical thermometers :Part 2 Enclosed scale type,Medical Equipment,Scheme I (ISI Mark),IS 3055 (Part 2),,,,,,,,2026-09-03
Diagnostic Medical X-Ray Equipment,Medical Equipment,Scheme I (ISI Mark),IS 7620 (Part 1),,,,,,,https://www.bis.gov.in/MandatoryProducts/QCOrder/Medical%20X%20Ray%20QC%20order.pdf,2026-09-03
Plain Hard-drawn Steel Wire For Pre-stressed Concrete: Part 1 Cold Drawn Stress-relieved Wire,Steel and Iron Products,Scheme I (ISI Mark),IS 1785 (Part 1) : 1983,,S.O. 756(E),,14-02-2020,,,https://bis.gov.in/wp-content/uploads/2020/03/Steel-QCO-14022020-1.pdf | https://bis.gov.in/wp-content/uploads/2020/06/Steel-QCO-2020-dated-27th-May-2020.pdf | https://bis.gov.in/wp-content/uploads/2020/07/Steel-QCO-dated-17-July-2020-with-corrigendum.pdf | https://bis.gov.in/wp-content/uploads/2020/07/Steel-QCO-extension-order.pdf | https://bis.gov.in/wp-content/uploads/2020/10/Order-of-Extension-in-the-date-of-enforcement-of-Quality-Control-Order.pdf | https://bis.gov.in/wp-content/uploads/2020/11/QCO-on-144-Steel-Steel-Products-1.pdf | https://bis.gov.in/wp-content/uploads/2021/01/145-QCO-Order.pdf | https://bis.gov.in/wp-content/uploads/2021/04/Order-of-extension-in-the-enforcement-date-for-Indian-Standards-covered-under-the-Quality-Control-Order-namely-IS-3748-IS-7291-and-IS-12146.pdf | https://bis.gov.in/wp-content/uploads/2021/04/Order-of-extension-in-the-enforcement-date-for-some-Indian-Standards-covered-under-the-Quality-Control-Order-namely-IS-4398-and-IS-3195.pdf | https://bis.gov.in/wp-content/uploads/2021/04/ORDERO1.pdf | https://bis.gov.in/wp-content/uploads/2021/06/Order-for-extension-in-date-of-enforcement-for-IS-1110-and-IS-4409.pdf | https://bis.gov.in/wp-content/uploads/2021/06/Order-of-Extension-in-date-of-enforcement-of-IS-4432-IS-5518-IS-12145-IS-13387-IS-4072-IS-13352-covered-under-Qulaity-Control-Order.pdf | https://bis.gov.in/wp-content/uploads/2021/06/Order-of-Extension-in-date-of-enforcement-of-IS-7226-and-IS-14331-covered-under-Qulaity-Control-Order.pdf | https://bis.gov.in/wp-content/uploads/2021/06/Order-of-Extension-in-date-of-enforcement-of-IS-6529-covered-under-Qulaity-Control-Order.pdf | https://bis.gov.in/wp-content/uploads/2021/06/Order-of-extension-in-the-enforcement-date-of-Quality-Control-Order-for-Tin-Plate-and-Tin-Free-Steel.pdf | https://bis.gov.in/wp-content/uploads/2021/08/Extension-in-the-date-of-enforcement-of-Quality-Control-Order-on-IS-3748-IS-7291-and-IS-12146.pdf | https://bis.gov.in/wp-content/uploads/2021/09/Order-of-extension-in-the-date-of-enforcement-of-Quality-Control-Order-for-Indian-Standards-IS-4454-Part-4-IS-11946-IS-11947.pdf | https://bis.gov.in/wp-content/uploads/2021/12/Extension-order-in-the-date-of-enforcement-of-Quality-Control-Order-for-Indian-Standards-IS-1110-1990-and-IS-4409-1973.pdf | https://bis.gov.in/wp-content/uploads/2021/12/Extension-order-IS-14331.pdf | https://bis.gov.in/wp-content/uploads/2021/12/Extension-order-IS-13387.pdf | https://bis.gov.in/wp-content/uploads/2022/05/QCO-Extension-Order-26042022.pdf | https://bis.gov.in/wp-content/uploads/2022/11/Ministry-of-Steel-Order-for-extension-of-date-of-implementation-IS-1110-IS-4409.pdf | https://bis.gov.in/wp-content/uploads/2023/02/Extension-oreder-of-IS-4409.pdf | https://bis.gov.in/wp-content/uploads/2023/07/Extension-order-IS-4409-dt-25-07-2023.pdf | https://bis.gov.in/wp-content/uploads/2024/02/Steel-Steel-Product-QCO-2024.pdf | https://bis.gov.in/wp-content/uploads/2024/05/Ferrocnickel-Extension-Quality-Control-Order-2024.pdf | https://bis.gov.in/wp-content/uploads/2024/08/IS-4409-2023-Specification-for-Ferronickel.pdf | https://bis.gov.in/wp-content/uploads/2024/09/Steel-and-Steel-Products-QCO-2024.pdf | https://www.bis.gov.in/wp-content/uploads/2025/11/Steel-and-Steel-Products-Quality-Control-Amendment-Order-2025.pdf | https://www.bis.gov.in/wp-content/uploads/2026/06/Steel-and-Steel-Products-Quality-Control-Amendment-Order-2026-1.pdf,2026-09-03
Plain hard-drawn steel wire for pre-stressed concrete Part 2: As drawn wire,Steel and Iron Products,Scheme I (ISI Mark),IS 1785 (Part 2) : 1983,,S.O. 756(E),,14-02-2020,,,https://bis.gov.in/wp-content/uploads/2020/03/Steel-QCO-14022020-1.pdf | https://bis.gov.in/wp-content/uploads/2020/06/Steel-QCO-2020-dated-27th-May-2020.pdf | https://bis.gov.in/wp-content/uploads/2020/07/Steel-QCO-dated-17-July-2020-with-corrigendum.pdf | https://bis.gov.in/wp-content/uploads/2020/07/Steel-QCO-extension-order.pdf | https://bis.gov.in/wp-content/uploads/2020/10/Order-of-Extension-in-the-date-of-enforcement-of-Quality-Control-Order.pdf | https://bis.gov.in/wp-content/uploads/2020/11/QCO-on-144-Steel-Steel-Products-1.pdf | https://bis.gov.in/wp-content/uploads/2021/01/145-QCO-Order.pdf | https://bis.gov.in/wp-content/uploads/2021/04/Order-of-extension-in-the-enforcement-date-for-Indian-Standards-covered-under-the-Quality-Control-Order-namely-IS-3748-IS-7291-and-IS-12146.pdf | https://bis.gov.in/wp-content/uploads/2021/04/Order-of-extension-in-the-enforcement-date-for-some-Indian-Standards-covered-under-the-Quality-Control-Order-namely-IS-4398-and-IS-3195.pdf | https://bis.gov.in/wp-content/uploads/2021/04/ORDERO1.pdf | https://bis.gov.in/wp-content/uploads/2021/06/Order-for-extension-in-date-of-enforcement-for-IS-1110-and-IS-4409.pdf | https://bis.gov.in/wp-content/uploads/2021/06/Order-of-Extension-in-date-of-enforcement-of-IS-4432-IS-5518-IS-12145-IS-13387-IS-4072-IS-13352-covered-under-Qulaity-Control-Order.pdf | https://bis.gov.in/wp-content/uploads/2021/06/Order-of-Extension-in-date-of-enforcement-of-IS-7226-and-IS-14331-covered-under-Qulaity-Control-Order.pdf | https://bis.gov.in/wp-content/uploads/2021/06/Order-of-Extension-in-date-of-enforcement-of-IS-6529-covered-under-Qulaity-Control-Order.pdf | https://bis.gov.in/wp-content/uploads/2021/06/Order-of-extension-in-the-enforcement-date-of-Quality-Control-Order-for-Tin-Plate-and-Tin-Free-Steel.pdf | https://bis.gov.in/wp-content/uploads/2021/08/Extension-in-the-date-of-enforcement-of-Quality-Control-Order-on-IS-3748-IS-7291-and-IS-12146.pdf | https://bis.gov.in/wp-content/uploads/2021/09/Order-of-extension-in-the-date-of-enforcement-of-Quality-Control-Order-for-Indian-Standards-IS-4454-Part-4-IS-11946-IS-11947.pdf | https://bis.gov.in/wp-content/uploads/2021/12/Extension-order-in-the-date-of-enforcement-of-Quality-Control-Order-for-Indian-Standards-IS-1110-1990-and-IS-4409-1973.pdf | https://bis.gov.in/wp-content/uploads/2021/12/Extension-order-IS-14331.pdf | https://bis.gov.in/wp-content/uploads/2021/12/Extension-order-IS-13387.pdf | https://bis.gov.in/wp-content/uploads/2022/05/QCO-Extension-Order-26042022.pdf | https://bis.gov.in/wp-content/uploads/2022/11/Ministry-of-Steel-Order-for-extension-of-date-of-implementation-IS-1110-IS-4409.pdf | https://bis.gov.in/wp-content/uploads/2023/02/Extension-oreder-of-IS-4409.pdf | https://bis.gov.in/wp-content/uploads/2023/07/Extension-order-IS-4409-dt-25-07-2023.pdf | https://bis.gov.in/wp-content/uploads/2024/02/Steel-Steel-Product-QCO-2024.pdf | https://bis.gov.in/wp-content/uploads/2024/05/Ferrocnickel-Extension-Quality-Control-Order-2024.pdf | https://bis.gov.in/wp-content/uploads/2024/08/IS-4409-2023-Specification-for-Ferronickel.pdf | https://bis.gov.in/wp-content/uploads/2024/09/Steel-and-Steel-Products-QCO-2024.pdf | https://www.bis.gov.in/wp-content/uploads/2025/11/Steel-and-Steel-Products-Quality-Control-Amendment-Order-2025.pdf | https://www.bis.gov.in/wp-content/uploads/2026/06/Steel-and-Steel-Products-Quality-Control-Amendment-Order-2026-1.pdf,2026-09-03
Indented wire for Pre-stressed concrete,Steel and Iron Products,Scheme I (ISI Mark),IS 6003:2010,,S.O. 756(E),,14-02-2020,,,https://bis.gov.in/wp-content/uploads/2020/03/Steel-QCO-14022020-1.pdf | https://bis.gov.in/wp-content/uploads/2020/06/Steel-QCO-2020-dated-27th-May-2020.pdf | https://bis.gov.in/wp-content/uploads/2020/07/Steel-QCO-dated-17-July-2020-with-corrigendum.pdf | https://bis.gov.in/wp-content/uploads/2020/07/Steel-QCO-extension-order.pdf | https://bis.gov.in/wp-content/uploads/2020/10/Order-of-Extension-in-the-date-of-enforcement-of-Quality-Control-Order.pdf | https://bis.gov.in/wp-content/uploads/2020/11/QCO-on-144-Steel-Steel-Products-1.pdf | https://bis.gov.in/wp-content/uploads/2021/01/145-QCO-Order.pdf | https://bis.gov.in/wp-content/uploads/2021/04/Order-of-extension-in-the-enforcement-date-for-Indian-Standards-covered-under-the-Quality-Control-Order-namely-IS-3748-IS-7291-and-IS-12146.pdf | https://bis.gov.in/wp-content/uploads/2021/04/Order-of-extension-in-the-enforcement-date-for-some-Indian-Standards-covered-under-the-Quality-Control-Order-namely-IS-4398-and-IS-3195.pdf | https://bis.gov.in/wp-content/uploads/2021/04/ORDERO1.pdf | https://bis.gov.in/wp-content/uploads/2021/06/Order-for-extension-in-date-of-enforcement-for-IS-1110-and-IS-4409.pdf | https://bis.gov.in/wp-content/uploads/2021/06/Order-of-Extension-in-date-of-enforcement-of-IS-4432-IS-5518-IS-12145-IS-13387-IS-4072-IS-13352-covered-under-Qulaity-Control-Order.pdf | https://bis.gov.in/wp-content/uploads/2021/06/Order-of-Extension-in-date-of-enforcement-of-IS-7226-and-IS-14331-covered-under-Qulaity-Control-Order.pdf | https://bis.gov.in/wp-content/uploads/2021/06/Order-of-Extension-in-date-of-enforcement-of-IS-6529-covered-under-Qulaity-Control-Order.pdf | https://bis.gov.in/wp-content/uploads/2021/06/Order-of-extension-in-the-enforcement-date-of-Quality-Control-Order-for-Tin-Plate-and-Tin-Free-Steel.pdf | https://bis.gov.in/wp-content/uploads/2021/08/Extension-in-the-date-of-enforcement-of-Quality-Control-Order-on-IS-3748-IS-7291-and-IS-12146.pdf | https://bis.gov.in/wp-content/uploads/2021/09/Order-of-extension-in-the-date-of-enforcement-of-Quality-Control-Order-for-Indian-Standards-IS-4454-Part-4-IS-11946-IS-11947.pdf | https://bis.gov.in/wp-content/uploads/2021/12/Extension-order-in-the-date-of-enforcement-of-Quality-Control-Order-for-Indian-Standards-IS-1110-1990-and-IS-4409-1973.pdf | https://bis.gov.in/wp-content/uploads/2021/12/Extension-order-IS-14331.pdf | https://bis.gov.in/wp-content/uploads/2021/12/Extension-order-IS-13387.pdf | https://bis.gov.in/wp-content/uploads/2022/05/QCO-Extension-Order-26042022.pdf | https://bis.gov.in/wp-content/uploads/2022/11/Ministry-of-Steel-Order-for-extension-of-date-of-implementation-IS-1110-IS-4409.pdf | https://bis.gov.in/wp-content/uploads/2023/02/Extension-oreder-of-IS-4409.pdf | https://bis.gov.in/wp-content/uploads/2023/07/Extension-order-IS-4409-dt-25-07-2023.pdf | https://bis.gov.in/wp-content/uploads/2024/02/Steel-Steel-Product-QCO-2024.pdf | https://bis.gov.in/wp-content/uploads/2024/05/Ferrocnickel-Extension-Quality-Control-Order-2024.pdf | https://bis.gov.in/wp-content/uploads/2024/08/IS-4409-2023-Specification-for-Ferronickel.pdf | https://bis.gov.in/wp-content/uploads/2024/09/Steel-and-Steel-Products-QCO-2024.pdf | https://www.bis.gov.in/wp-content/uploads/2025/11/Steel-and-Steel-Products-Quality-Control-Amendment-Order-2025.pdf | https://www.bis.gov.in/wp-content/uploads/2026/06/Steel-and-Steel-Products-Quality-Control-Amendment-Order-2026-1.pdf,2026-09-03
Uncoated stress relieved strand for Pre-stressed concrete.,Steel and Iron Products,Scheme I (ISI Mark),IS 6006:2014,,S.O. 756(E),,14-02-2020,,,https://bis.gov.in/wp-content/uploads/2020/03/Steel-QCO-14022020-1.pdf | https://bis.gov.in/wp-content/uploads/2020/06/Steel-QCO-2020-dated-27th-May-2020.pdf | https://bis.gov.in/wp-content/uploads/2020/07/Steel-QCO-dated-17-July-2020-with-corrigendum.pdf | https://bis.gov.in/wp-content/uploads/2020/07/Steel-QCO-extension-order.pdf | https://bis.gov.in/wp-content/uploads/2020/10/Order-of-Extension-in-the-date-of-enforcement-of-Quality-Control-Order.pdf | https://bis.gov.in/wp-content/uploads/2020/11/QCO-on-144-Steel-Steel-Products-1.pdf | https://bis.gov.in/wp-content/uploads/2021/01/145-QCO-Order.pdf | https://bis.gov.in/wp-content/uploads/2021/04/Order-of-extension-in-the-enforcement-date-for-Indian-Standards-covered-under-the-Quality-Control-Order-namely-IS-3748-IS-7291-and-IS-12146.pdf | https://bis.gov.in/wp-content/uploads/2021/04/Order-of-extension-in-the-enforcement-date-for-some-Indian-Standards-covered-under-the-Quality-Control-Order-namely-IS-4398-and-IS-3195.pdf | https://bis.gov.in/wp-content/uploads/2021/04/ORDERO1.pdf | https://bis.gov.in/wp-content/uploads/2021/06/Order-for-extension-in-date-of-enforcement-for-IS-1110-and-IS-4409.pdf | https://bis.gov.in/wp-content/uploads/2021/06/Order-of-Extension-in-date-of-enforcement-of-IS-4432-IS-5518-IS-12145-IS-13387-IS-4072-IS-13352-covered-under-Qulaity-Control-Order.pdf | https://bis.gov.in/wp-content/uploads/2021/06/Order-of-Extension-in-date-of-enforcement-of-IS-7226-and-IS-14331-covered-under-Qulaity-Control-Order.pdf | https://bis.gov.in/wp-content/uploads/2021/06/Order-of-Extension-in-date-of-enforcement-of-IS-6529-covered-under-Qulaity-Control-Order.pdf | https://bis.gov.in/wp-content/uploads/2021/06/Order-of-extension-in-the-enforcement-date-of-Quality-Control-Order-for-Tin-Plate-and-Tin-Free-Steel.pdf | https://bis.gov.in/wp-content/uploads/2021/08/Extension-in-the-date-of-enforcement-of-Quality-Control-Order-on-IS-3748-IS-7291-and-IS-12146.pdf | https://bis.gov.in/wp-content/uploads/2021/09/Order-of-extension-in-the-date-of-enforcement-of-Quality-Control-Order-for-Indian-Standards-IS-4454-Part-4-IS-11946-IS-11947.pdf | https://bis.gov.in/wp-content/uploads/2021/12/Extension-order-in-the-date-of-enforcement-of-Quality-Control-Order-for-Indian-Standards-IS-1110-1990-and-IS-4409-1973.pdf | https://bis.gov.in/wp-content/uploads/2021/12/Extension-order-IS-14331.pdf | https://bis.gov.in/wp-content/uploads/2021/12/Extension-order-IS-13387.pdf | https://bis.gov.in/wp-content/uploads/2022/05/QCO-Extension-Order-26042022.pdf | https://bis.gov.in/wp-content/uploads/2022/11/Ministry-of-Steel-Order-for-extension-of-date-of-implementation-IS-1110-IS-4409.pdf | https://bis.gov.in/wp-content/uploads/2023/02/Extension-oreder-of-IS-4409.pdf | https://bis.gov.in/wp-content/uploads/2023/07/Extension-order-IS-4409-dt-25-07-2023.pdf | https://bis.gov.in/wp-content/uploads/2024/02/Steel-Steel-Product-QCO-2024.pdf | https://bis.gov.in/wp-content/uploads/2024/05/Ferrocnickel-Extension-Quality-Control-Order-2024.pdf | https://bis.gov.in/wp-content/uploads/2024/08/IS-4409-2023-Specification-for-Ferronickel.pdf | https://bis.gov.in/wp-content/uploads/2024/09/Steel-and-Steel-Products-QCO-2024.pdf | https://www.bis.gov.in/wp-content/uploads/2025/11/Steel-and-Steel-Products-Quality-Control-Amendment-Order-2025.pdf | https://www.bis.gov.in/wp-content/uploads/2026/06/Steel-and-Steel-Products-Quality-Control-Amendment-Order-2026-1.pdf,2026-09-03
Fusion bonded epoxy coated reinforcing bars,Steel and Iron Products,Scheme I (ISI Mark),IS 13620:1993,,S.O. 756(E),,14-02-2020,,,https://bis.gov.in/wp-content/uploads/2020/03/Steel-QCO-14022020-1.pdf | https://bis.gov.in/wp-content/uploads/2020/06/Steel-QCO-2020-dated-27th-May-2020.pdf | https://bis.gov.in/wp-content/uploads/2020/07/Steel-QCO-dated-17-July-2020-with-corrigendum.pdf | https://bis.gov.in/wp-content/uploads/2020/07/Steel-QCO-extension-order.pdf | https://bis.gov.in/wp-content/uploads/2020/10/Order-of-Extension-in-the-date-of-enforcement-of-Quality-Control-Order.pdf | https://bis.gov.in/wp-content/uploads/2020/11/QCO-on-144-Steel-Steel-Products-1.pdf | https://bis.gov.in/wp-content/uploads/2021/01/145-QCO-Order.pdf | https://bis.gov.in/wp-content/uploads/2021/04/Order-of-extension-in-the-enforcement-date-for-Indian-Standards-covered-under-the-Quality-Control-Order-namely-IS-3748-IS-7291-and-IS-12146.pdf | https://bis.gov.in/wp-content/uploads/2021/04/Order-of-extension-in-the-enforcement-date-for-some-Indian-Standards-covered-under-the-Quality-Control-Order-namely-IS-4398-and-IS-3195.pdf | https://bis.gov.in/wp-content/uploads/2021/04/ORDERO1.pdf | https://bis.gov.in/wp-content/uploads/2021/06/Order-for-extension-in-date-of-enforcement-for-IS-1110-and-IS-4409.pdf | https://bis.gov.in/wp-content/uploads/2021/06/Order-of-Extension-in-date-of-enforcement-of-IS-4432-IS-5518-IS-12145-IS-13387-IS-4072-IS-13352-covered-under-Qulaity-Control-Order.pdf | https://bis.gov.in/wp-content/uploads/2021/06/Order-of-Extension-in-date-of-enforcement-of-IS-7226-and-IS-14331-covered-under-Qulaity-Control-Order.pdf | https://bis.gov.in/wp-content/uploads/2021/06/Order-of-Extension-in-date-of-enforcement-of-IS-6529-covered-under-Qulaity-Control-Order.pdf | https://bis.gov.in/wp-content/uploads/2021/06/Order-of-extension-in-the-enforcement-date-of-Quality-Control-Order-for-Tin-Plate-and-Tin-Free-Steel.pdf | https://bis.gov.in/wp-content/uploads/2021/08/Extension-in-the-date-of-enforcement-of-Quality-Control-Order-on-IS-3748-IS-7291-and-IS-12146.pdf | https://bis.gov.in/wp-content/uploads/2021/09/Order-of-extension-in-the-date-of-enforcement-of-Quality-Control-Order-for-Indian-Standards-IS-4454-Part-4-IS-11946-IS-11947.pdf | https://bis.gov.in/wp-content/uploads/2021/12/Extension-order-in-the-date-of-enforcement-of-Quality-Control-Order-for-Indian-Standards-IS-1110-1990-and-IS-4409-1973.pdf | https://bis.gov.in/wp-content/uploads/2021/12/Extension-order-IS-14331.pdf | https://bis.gov.in/wp-content/uploads/2021/12/Extension-order-IS-13387.pdf | https://bis.gov.in/wp-content/uploads/2022/05/QCO-Extension-Order-26042022.pdf | https://bis.gov.in/wp-content/uploads/2022/11/Ministry-of-Steel-Order-for-extension-of-date-of-implementation-IS-1110-IS-4409.pdf | https://bis.gov.in/wp-content/uploads/2023/02/Extension-oreder-of-IS-4409.pdf | https://bis.gov.in/wp-content/uploads/2023/07/Extension-order-IS-4409-dt-25-07-2023.pdf | https://bis.gov.in/wp-content/uploads/2024/02/Steel-Steel-Product-QCO-2024.pdf | https://bis.gov.in/wp-content/uploads/2024/05/Ferrocnickel-Extension-Quality-Control-Order-2024.pdf | https://bis.gov.in/wp-content/uploads/2024/08/IS-4409-2023-Specification-for-Ferronickel.pdf | https://bis.gov.in/wp-content/uploads/2024/09/Steel-and-Steel-Products-QCO-2024.pdf | https://www.bis.gov.in/wp-content/uploads/2025/11/Steel-and-Steel-Products-Quality-Control-Amendment-Order-2025.pdf | https://www.bis.gov.in/wp-content/uploads/2026/06/Steel-and-Steel-Products-Quality-Control-Amendment-Order-2026-1.pdf,2026-09-03
Uncoated Stress Relieved Low Relaxation Seven-ply Strand For Pre-stressed Concrete.,Steel and Iron Products,Scheme I (ISI Mark),IS 14268:1995,,S.O. 756(E),,14-02-2020,,,https://bis.gov.in/wp-content/uploads/2020/03/Steel-QCO-14022020-1.pdf | https://bis.gov.in/wp-content/uploads/2020/06/Steel-QCO-2020-dated-27th-May-2020.pdf | https://bis.gov.in/wp-content/uploads/2020/07/Steel-QCO-dated-17-July-2020-with-corrigendum.pdf | https://bis.gov.in/wp-content/uploads/2020/07/Steel-QCO-extension-order.pdf | https://bis.gov.in/wp-content/uploads/2020/10/Order-of-Extension-in-the-date-of-enforcement-of-Quality-Control-Order.pdf | https://bis.gov.in/wp-content/uploads/2020/11/QCO-on-144-Steel-Steel-Products-1.pdf | https://bis.gov.in/wp-content/uploads/2021/01/145-QCO-Order.pdf | https://bis.gov.in/wp-content/uploads/2021/04/Order-of-extension-in-the-enforcement-date-for-Indian-Standards-covered-under-the-Quality-Control-Order-namely-IS-3748-IS-7291-and-IS-12146.pdf | https://bis.gov.in/wp-content/uploads/2021/04/Order-of-extension-in-the-enforcement-date-for-some-Indian-Standards-covered-under-the-Quality-Control-Order-namely-IS-4398-and-IS-3195.pdf | https://bis.gov.in/wp-content/uploads/2021/04/ORDERO1.pdf | https://bis.gov.in/wp-content/uploads/2021/06/Order-for-extension-in-date-of-enforcement-for-IS-1110-and-IS-4409.pdf | https://bis.gov.in/wp-content/uploads/2021/06/Order-of-Extension-in-date-of-enforcement-of-IS-4432-IS-5518-IS-12145-IS-13387-IS-4072-IS-13352-covered-under-Qulaity-Control-Order.pdf | https://bis.gov.in/wp-content/uploads/2021/06/Order-of-Extension-in-date-of-enforcement-of-IS-7226-and-IS-14331-covered-under-Qulaity-Control-Order.pdf | https://bis.gov.in/wp-content/uploads/2021/06/Order-of-Extension-in-date-of-enforcement-of-IS-6529-covered-under-Qulaity-Control-Order.pdf | https://bis.gov.in/wp-content/uploads/2021/06/Order-of-extension-in-the-enforcement-date-of-Quality-Control-Order-for-Tin-Plate-and-Tin-Free-Steel.pdf | https://bis.gov.in/wp-content/uploads/2021/08/Extension-in-the-date-of-enforcement-of-Quality-Control-Order-on-IS-3748-IS-7291-and-IS-12146.pdf | https://bis.gov.in/wp-content/uploads/2021/09/Order-of-extension-in-the-date-of-enforcement-of-Quality-Control-Order-for-Indian-Standards-IS-4454-Part-4-IS-11946-IS-11947.pdf | https://bis.gov.in/wp-content/uploads/2021/12/Extension-order-in-the-date-of-enforcement-of-Quality-Control-Order-for-Indian-Standards-IS-1110-1990-and-IS-4409-1973.pdf | https://bis.gov.in/wp-content/uploads/2021/12/Extension-order-IS-14331.pdf | https://bis.gov.in/wp-content/uploads/2021/12/Extension-order-IS-13387.pdf | https://bis.gov.in/wp-content/uploads/2022/05/QCO-Extension-Order-26042022.pdf | https://bis.gov.in/wp-content/uploads/2022/11/Ministry-of-Steel-Order-for-extension-of-date-of-implementation-IS-1110-IS-4409.pdf | https://bis.gov.in/wp-content/uploads/2023/02/Extension-oreder-of-IS-4409.pdf | https://bis.gov.in/wp-content/uploads/2023/07/Extension-order-IS-4409-dt-25-07-2023.pdf | https://bis.gov.in/wp-content/uploads/2024/02/Steel-Steel-Product-QCO-2024.pdf | https://bis.gov.in/wp-content/uploads/2024/05/Ferrocnickel-Extension-Quality-Control-Order-2024.pdf | https://bis.gov.in/wp-content/uploads/2024/08/IS-4409-2023-Specification-for-Ferronickel.pdf | https://bis.gov.in/wp-content/uploads/2024/09/Steel-and-Steel-Products-QCO-2024.pdf | https://www.bis.gov.in/wp-content/uploads/2025/11/Steel-and-Steel-Products-Quality-Control-Amendment-Order-2025.pdf | https://www.bis.gov.in/wp-content/uploads/2026/06/Steel-and-Steel-Products-Quality-Control-Amendment-Order-2026-1.pdf,2026-09-03
Galvanized steel sheets ( plain and corrugated).,Steel and Iron Products,Scheme I (ISI Mark),IS 277:2003,,S.O. 756(E),,14-02-2020,,,https://bis.gov.in/wp-content/uploads/2020/03/Steel-QCO-14022020-1.pdf | https://bis.gov.in/wp-content/uploads/2020/06/Steel-QCO-2020-dated-27th-May-2020.pdf | https://bis.gov.in/wp-content/uploads/2020/07/Steel-QCO-dated-17-July-2020-with-corrigendum.pdf | https://bis.gov.in/wp-content/uploads/2020/07/Steel-QCO-extension-order.pdf | https://bis.gov.in/wp-content/uploads/2020/10/Order-of-Extension-in-the-date-of-enforcement-of-Quality-Control-Order.pdf | https://bis.gov.in/wp-content/uploads/2020/11/QCO-on-144-Steel-Steel-Products-1.pdf | https://bis.gov.in/wp-content/uploads/2021/01/145-QCO-Order.pdf | https://bis.gov.in/wp-content/uploads/2021/04/Order-of-extension-in-the-enforcement-date-for-Indian-Standards-covered-under-the-Quality-Control-Order-namely-IS-3748-IS-7291-and-IS-12146.pdf | https://bis.gov.in/wp-content/uploads/2021/04/Order-of-extension-in-the-enforcement-date-for-some-Indian-Standards-covered-under-the-Quality-Control-Order-namely-IS-4398-and-IS-3195.pdf | https://bis.gov.in/wp-content/uploads/2021/04/ORDERO1.pdf | https://bis.gov.in/wp-content/uploads/2021/06/Order-for-extension-in-date-of-enforcement-for-IS-1110-and-IS-4409.pdf | https://bis.gov.in/wp-content/uploads/2021/06/Order-of-Extension-in-date-of-enforcement-of-IS-4432-IS-5518-IS-12145-IS-13387-IS-4072-IS-13352-covered-under-Qulaity-Control-Order.pdf | https://bis.gov.in/wp-content/uploads/2021/06/Order-of-Extension-in-date-of-enforcement-of-IS-7226-and-IS-14331-covered-under-Qulaity-Control-Order.pdf | https://bis.gov.in/wp-content/uploads/2021/06/Order-of-Extension-in-date-of-enforcement-of-IS-6529-covered-under-Qulaity-Control-Order.pdf | https://bis.gov.in/wp-content/uploads/2021/06/Order-of-extension-in-the-enforcement-date-of-Quality-Control-Order-for-Tin-Plate-and-Tin-Free-Steel.pdf | https://bis.gov.in/wp-content/uploads/2021/08/Extension-in-the-date-of-enforcement-of-Quality-Control-Order-on-IS-3748-IS-7291-and-IS-12146.pdf | https://bis.gov.in/wp-content/uploads/2021/09/Order-of-extension-in-the-date-of-enforcement-of-Quality-Control-Order-for-Indian-Standards-IS-4454-Part-4-IS-11946-IS-11947.pdf | https://bis.gov.in/wp-content/uploads/2021/12/Extension-order-in-the-date-of-enforcement-of-Quality-Control-Order-for-Indian-Standards-IS-1110-1990-and-IS-4409-1973.pdf | https://bis.gov.in/wp-content/uploads/2021/12/Extension-order-IS-14331.pdf | https://bis.gov.in/wp-content/uploads/2021/12/Extension-order-IS-13387.pdf | https://bis.gov.in/wp-content/uploads/2022/05/QCO-Extension-Order-26042022.pdf | https://bis.gov.in/wp-content/uploads/2022/11/Ministry-of-Steel-Order-for-extension-of-date-of-implementation-IS-1110-IS-4409.pdf | https://bis.gov.in/wp-content/uploads/2023/02/Extension-oreder-of-IS-4409.pdf | https://bis.gov.in/wp-content/uploads/2023/07/Extension-order-IS-4409-dt-25-07-2023.pdf | https://bis.gov.in/wp-content/uploads/2024/02/Steel-Steel-Product-QCO-2024.pdf | https://bis.gov.in/wp-content/uploads/2024/05/Ferrocnickel-Extension-Quality-Control-Order-2024.pdf | https://bis.gov.in/wp-content/uploads/2024/08/IS-4409-2023-Specification-for-Ferronickel.pdf | https://bis.gov.in/wp-content/uploads/2024/09/Steel-and-Steel-Products-QCO-2024.pdf | https://www.bis.gov.in/wp-content/uploads/2025/11/Steel-and-Steel-Products-Quality-Control-Amendment-Order-2025.pdf | https://www.bis.gov.in/wp-content/uploads/2026/06/Steel-and-Steel-Products-Quality-Control-Amendment-Order-2026-1.pdf,2026-09-03
Steel plates for pressure vessels for intermediate and high temperature service including boilers.,Steel and Iron Products,Scheme I (ISI Mark),IS 2002:2009,,S.O. 756(E),,14-02-2020,,,https://bis.gov.in/wp-content/uploads/2020/03/Steel-QCO-14022020-1.pdf | https://bis.gov.in/wp-content/uploads/2020/06/Steel-QCO-2020-dated-27th-May-2020.pdf | https://bis.gov.in/wp-content/uploads/2020/07/Steel-QCO-dated-17-July-2020-with-corrigendum.pdf | https://bis.gov.in/wp-content/uploads/2020/07/Steel-QCO-extension-order.pdf | https://bis.gov.in/wp-content/uploads/2020/10/Order-of-Extension-in-the-date-of-enforcement-of-Quality-Control-Order.pdf | https://bis.gov.in/wp-content/uploads/2020/11/QCO-on-144-Steel-Steel-Products-1.pdf | https://bis.gov.in/wp-content/uploads/2021/01/145-QCO-Order.pdf | https://bis.gov.in/wp-content/uploads/2021/04/Order-of-extension-in-the-enforcement-date-for-Indian-Standards-covered-under-the-Quality-Control-Order-namely-IS-3748-IS-7291-and-IS-12146.pdf | https://bis.gov.in/wp-content/uploads/2021/04/Order-of-extension-in-the-enforcement-date-for-some-Indian-Standards-covered-under-the-Quality-Control-Order-namely-IS-4398-and-IS-3195.pdf | https://bis.gov.in/wp-content/uploads/2021/04/ORDERO1.pdf | https://bis.gov.in/wp-content/uploads/2021/06/Order-for-extension-in-date-of-enforcement-for-IS-1110-and-IS-4409.pdf | https://bis.gov.in/wp-content/uploads/2021/06/Order-of-Extension-in-date-of-enforcement-of-IS-4432-IS-5518-IS-12145-IS-13387-IS-4072-IS-13352-covered-under-Qulaity-Control-Order.pdf | https://bis.gov.in/wp-content/uploads/2021/06/Order-of-Extension-in-date-of-enforcement-of-IS-7226-and-IS-14331-covered-under-Qulaity-Control-Order.pdf | https://bis.gov.in/wp-content/uploads/2021/06/Order-of-Extension-in-date-of-enforcement-of-IS-6529-covered-under-Qulaity-Control-Order.pdf | https://bis.gov.in/wp-content/uploads/2021/06/Order-of-extension-in-the-enforcement-date-of-Quality-Control-Order-for-Tin-Plate-and-Tin-Free-Steel.pdf | https://bis.gov.in/wp-content/uploads/2021/08/Extension-in-the-date-of-enforcement-of-Quality-Control-Order-on-IS-3748-IS-7291-and-IS-12146.pdf | https://bis.gov.in/wp-content/uploads/2021/09/Order-of-extension-in-the-date-of-enforcement-of-Quality-Control-Order-for-Indian-Standards-IS-4454-Part-4-IS-11946-IS-11947.pdf | https://bis.gov.in/wp-content/uploads/2021/12/Extension-order-in-the-date-of-enforcement-of-Quality-Control-Order-for-Indian-Standards-IS-1110-1990-and-IS-4409-1973.pdf | https://bis.gov.in/wp-content/uploads/2021/12/Extension-order-IS-14331.pdf | https://bis.gov.in/wp-content/uploads/2021/12/Extension-order-IS-13387.pdf | https://bis.gov.in/wp-content/uploads/2022/05/QCO-Extension-Order-26042022.pdf | https://bis.gov.in/wp-content/uploads/2022/11/Ministry-of-Steel-Order-for-extension-of-date-of-implementation-IS-1110-IS-4409.pdf | https://bis.gov.in/wp-content/uploads/2023/02/Extension-oreder-of-IS-4409.pdf | https://bis.gov.in/wp-content/uploads/2023/07/Extension-order-IS-4409-dt-25-07-2023.pdf | https://bis.gov.in/wp-content/uploads/2024/02/Steel-Steel-Product-QCO-2024.pdf | https://bis.gov.in/wp-content/uploads/2024/05/Ferrocnickel-Extension-Quality-Control-Order-2024.pdf | https://bis.gov.in/wp-content/uploads/2024/08/IS-4409-2023-Specification-for-Ferronickel.pdf | https://bis.gov.in/wp-content/uploads/2024/09/Steel-and-Steel-Products-QCO-2024.pdf | https://www.bis.gov.in/wp-content/uploads/2025/11/Steel-and-Steel-Products-Quality-Control-Amendment-Order-2025.pdf | https://www.bis.gov.in/wp-content/uploads/2026/06/Steel-and-Steel-Products-Quality-Control-Amendment-Order-2026-1.pdf,2026-09-03
Steel plates for pressure vessels used at moderate and low temperature,Steel and Iron Products,Scheme I (ISI Mark),IS 2041:2009,,S.O. 756(E),,14-02-2020,,,https://bis.gov.in/wp-content/uploads/2020/03/Steel-QCO-14022020-1.pdf | https://bis.gov.in/wp-content/uploads/2020/06/Steel-QCO-2020-dated-27th-May-2020.pdf | https://bis.gov.in/wp-content/uploads/2020/07/Steel-QCO-dated-17-July-2020-with-corrigendum.pdf | https://bis.gov.in/wp-content/uploads/2020/07/Steel-QCO-extension-order.pdf | https://bis.gov.in/wp-content/uploads/2020/10/Order-of-Extension-in-the-date-of-enforcement-of-Quality-Control-Order.pdf | https://bis.gov.in/wp-content/uploads/2020/11/QCO-on-144-Steel-Steel-Products-1.pdf | https://bis.gov.in/wp-content/uploads/2021/01/145-QCO-Order.pdf | https://bis.gov.in/wp-content/uploads/2021/04/Order-of-extension-in-the-enforcement-date-for-Indian-Standards-covered-under-the-Quality-Control-Order-namely-IS-3748-IS-7291-and-IS-12146.pdf | https://bis.gov.in/wp-content/uploads/2021/04/Order-of-extension-in-the-enforcement-date-for-some-Indian-Standards-covered-under-the-Quality-Control-Order-namely-IS-4398-and-IS-3195.pdf | https://bis.gov.in/wp-content/uploads/2021/04/ORDERO1.pdf | https://bis.gov.in/wp-content/uploads/2021/06/Order-for-extension-in-date-of-enforcement-for-IS-1110-and-IS-4409.pdf | https://bis.gov.in/wp-content/uploads/2021/06/Order-of-Extension-in-date-of-enforcement-of-IS-4432-IS-5518-IS-12145-IS-13387-IS-4072-IS-13352-covered-under-Qulaity-Control-Order.pdf | https://bis.gov.in/wp-content/uploads/2021/06/Order-of-Extension-in-date-of-enforcement-of-IS-7226-and-IS-14331-covered-under-Qulaity-Control-Order.pdf | https://bis.gov.in/wp-content/uploads/2021/06/Order-of-Extension-in-date-of-enforcement-of-IS-6529-covered-under-Qulaity-Control-Order.pdf | https://bis.gov.in/wp-content/uploads/2021/06/Order-of-extension-in-the-enforcement-date-of-Quality-Control-Order-for-Tin-Plate-and-Tin-Free-Steel.pdf | https://bis.gov.in/wp-content/uploads/2021/08/Extension-in-the-date-of-enforcement-of-Quality-Control-Order-on-IS-3748-IS-7291-and-IS-12146.pdf | https://bis.gov.in/wp-content/uploads/2021/09/Order-of-extension-in-the-date-of-enforcement-of-Quality-Control-Order-for-Indian-Standards-IS-4454-Part-4-IS-11946-IS-11947.pdf | https://bis.gov.in/wp-content/uploads/2021/12/Extension-order-in-the-date-of-enforcement-of-Quality-Control-Order-for-Indian-Standards-IS-1110-1990-and-IS-4409-1973.pdf | https://bis.gov.in/wp-content/uploads/2021/12/Extension-order-IS-14331.pdf | https://bis.gov.in/wp-content/uploads/2021/12/Extension-order-IS-13387.pdf | https://bis.gov.in/wp-content/uploads/2022/05/QCO-Extension-Order-26042022.pdf | https://bis.gov.in/wp-content/uploads/2022/11/Ministry-of-Steel-Order-for-extension-of-date-of-implementation-IS-1110-IS-4409.pdf | https://bis.gov.in/wp-content/uploads/2023/02/Extension-oreder-of-IS-4409.pdf | https://bis.gov.in/wp-content/uploads/2023/07/Extension-order-IS-4409-dt-25-07-2023.pdf | https://bis.gov.in/wp-content/uploads/2024/02/Steel-Steel-Product-QCO-2024.pdf | https://bis.gov.in/wp-content/uploads/2024/05/Ferrocnickel-Extension-Quality-Control-Order-2024.pdf | https://bis.gov.in/wp-content/uploads/2024/08/IS-4409-2023-Specification-for-Ferronickel.pdf | https://bis.gov.in/wp-content/uploads/2024/09/Steel-and-Steel-Products-QCO-2024.pdf | https://www.bis.gov.in/wp-content/uploads/2025/11/Steel-and-Steel-Products-Quality-Control-Amendment-Order-2025.pdf | https://www.bis.gov.in/wp-content/uploads/2026/06/Steel-and-Steel-Products-Quality-Control-Amendment-Order-2026-1.pdf,2026-09-03
"Carbon steel cast billet ingots ,billets, blooms and slabs for rerolling into steel for general structural purpose",Steel and Iron Products,Scheme I (ISI Mark),IS 2830:2012,,S.O. 756(E),,14-02-2020,,,https://bis.gov.in/wp-content/uploads/2020/03/Steel-QCO-14022020-1.pdf | https://bis.gov.in/wp-content/uploads/2020/06/Steel-QCO-2020-dated-27th-May-2020.pdf | https://bis.gov.in/wp-content/uploads/2020/07/Steel-QCO-dated-17-July-2020-with-corrigendum.pdf | https://bis.gov.in/wp-content/uploads/2020/07/Steel-QCO-extension-order.pdf | https://bis.gov.in/wp-content/uploads/2020/10/Order-of-Extension-in-the-date-of-enforcement-of-Quality-Control-Order.pdf | https://bis.gov.in/wp-content/uploads/2020/11/QCO-on-144-Steel-Steel-Products-1.pdf | https://bis.gov.in/wp-content/uploads/2021/01/145-QCO-Order.pdf | https://bis.gov.in/wp-content/uploads/2021/04/Order-of-extension-in-the-enforcement-date-for-Indian-Standards-covered-under-the-Quality-Control-Order-namely-IS-3748-IS-7291-and-IS-12146.pdf | https://bis.gov.in/wp-content/uploads/2021/04/Order-of-extension-in-the-enforcement-date-for-some-Indian-Standards-covered-under-the-Quality-Control-Order-namely-IS-4398-and-IS-3195.pdf | https://bis.gov.in/wp-content/uploads/2021/04/ORDERO1.pdf | https://bis.gov.in/wp-content/uploads/2021/06/Order-for-extension-in-date-of-enforcement-for-IS-1110-and-IS-4409.pdf | https://bis.gov.in/wp-content/uploads/2021/06/Order-of-Extension-in-date-of-enforcement-of-IS-4432-IS-5518-IS-12145-IS-13387-IS-4072-IS-13352-covered-under-Qulaity-Control-Order.pdf | https://bis.gov.in/wp-content/uploads/2021/06/Order-of-Extension-in-date-of-enforcement-of-IS-7226-and-IS-14331-covered-under-Qulaity-Control-Order.pdf | https://bis.gov.in/wp-content/uploads/2021/06/Order-of-Extension-in-date-of-enforcement-of-IS-6529-covered-under-Qulaity-Control-Order.pdf | https://bis.gov.in/wp-content/uploads/2021/06/Order-of-extension-in-the-enforcement-date-of-Quality-Control-Order-for-Tin-Plate-and-Tin-Free-Steel.pdf | https://bis.gov.in/wp-content/uploads/2021/08/Extension-in-the-date-of-enforcement-of-Quality-Control-Order-on-IS-3748-IS-7291-and-IS-12146.pdf | https://bis.gov.in/wp-content/uploads/2021/09/Order-of-extension-in-the-date-of-enforcement-of-Quality-Control-Order-for-Indian-Standards-IS-4454-Part-4-IS-11946-IS-11947.pdf | https://bis.gov.in/wp-content/uploads/2021/12/Extension-order-in-the-date-of-enforcement-of-Quality-Control-Order-for-Indian-Standards-IS-1110-1990-and-IS-4409-1973.pdf | https://bis.gov.in/wp-content/uploads/2021/12/Extension-order-IS-14331.pdf | https://bis.gov.in/wp-content/uploads/2021/12/Extension-order-IS-13387.pdf | https://bis.gov.in/wp-content/uploads/2022/05/QCO-Extension-Order-26042022.pdf | https://bis.gov.in/wp-content/uploads/2022/11/Ministry-of-Steel-Order-for-extension-of-date-of-implementation-IS-1110-IS-4409.pdf | https://bis.gov.in/wp-content/uploads/2023/02/Extension-oreder-of-IS-4409.pdf | https://bis.gov.in/wp-content/uploads/2023/07/Extension-order-IS-4409-dt-25-07-2023.pdf | https://bis.gov.in/wp-content/uploads/2024/02/Steel-Steel-Product-QCO-2024.pdf | https://bis.gov.in/wp-content/uploads/2024/05/Ferrocnickel-Extension-Quality-Control-Order-2024.pdf | https://bis.gov.in/wp-content/uploads/2024/08/IS-4409-2023-Specification-for-Ferronickel.pdf | https://bis.gov.in/wp-content/uploads/2024/09/Steel-and-Steel-Products-QCO-2024.pdf | https://www.bis.gov.in/wp-content/uploads/2025/11/Steel-and-Steel-Products-Quality-Control-Amendment-Order-2025.pdf | https://www.bis.gov.in/wp-content/uploads/2026/06/Steel-and-Steel-Products-Quality-Control-Amendment-Order-2026-1.pdf,2026-09-03
High strength deformed steel bars and wires for concrete reinforcement,Steel and Iron Products,Scheme I (ISI Mark),IS 1786:2008,,S.O. 756(E),,14-02-2020,,,https://bis.gov.in/wp-content/uploads/2020/03/Steel-QCO-14022020-1.pdf | https://bis.gov.in/wp-content/uploads/2020/06/Steel-QCO-2020-dated-27th-May-2020.pdf | https://bis.gov.in/wp-content/uploads/2020/07/Steel-QCO-dated-17-July-2020-with-corrigendum.pdf | https://bis.gov.in/wp-content/uploads/2020/07/Steel-QCO-extension-order.pdf | https://bis.gov.in/wp-content/uploads/2020/10/Order-of-Extension-in-the-date-of-enforcement-of-Quality-Control-Order.pdf | https://bis.gov.in/wp-content/uploads/2020/11/QCO-on-144-Steel-Steel-Products-1.pdf | https://bis.gov.in/wp-content/uploads/2021/01/145-QCO-Order.pdf | https://bis.gov.in/wp-content/uploads/2021/04/Order-of-extension-in-the-enforcement-date-for-Indian-Standards-covered-under-the-Quality-Control-Order-namely-IS-3748-IS-7291-and-IS-12146.pdf | https://bis.gov.in/wp-content/uploads/2021/04/Order-of-extension-in-the-enforcement-date-for-some-Indian-Standards-covered-under-the-Quality-Control-Order-namely-IS-4398-and-IS-3195.pdf | https://bis.gov.in/wp-content/uploads/2021/04/ORDERO1.pdf | https://bis.gov.in/wp-content/uploads/2021/06/Order-for-extension-in-date-of-enforcement-for-IS-1110-and-IS-4409.pdf | https://bis.gov.in/wp-content/uploads/2021/06/Order-of-Extension-in-date-of-enforcement-of-IS-4432-IS-5518-IS-12145-IS-13387-IS-4072-IS-13352-covered-under-Qulaity-Control-Order.pdf | https://bis.gov.in/wp-content/uploads/2021/06/Order-of-Extension-in-date-of-enforcement-of-IS-7226-and-IS-14331-covered-under-Qulaity-Control-Order.pdf | https://bis.gov.in/wp-content/uploads/2021/06/Order-of-Extension-in-date-of-enforcement-of-IS-6529-covered-under-Qulaity-Control-Order.pdf | https://bis.gov.in/wp-content/uploads/2021/06/Order-of-extension-in-the-enforcement-date-of-Quality-Control-Order-for-Tin-Plate-and-Tin-Free-Steel.pdf | https://bis.gov.in/wp-content/uploads/2021/08/Extension-in-the-date-of-enforcement-of-Quality-Control-Order-on-IS-3748-IS-7291-and-IS-12146.pdf | https://bis.gov.in/wp-content/uploads/2021/09/Order-of-extension-in-the-date-of-enforcement-of-Quality-Control-Order-for-Indian-Standards-IS-4454-Part-4-IS-11946-IS-11947.pdf | https://bis.gov.in/wp-content/uploads/2021/12/Extension-order-in-the-date-of-enforcement-of-Quality-Control-Order-for-Indian-Standards-IS-1110-1990-and-IS-4409-1973.pdf | https://bis.gov.in/wp-content/uploads/2021/12/Extension-order-IS-14331.pdf | https://bis.gov.in/wp-content/uploads/2021/12/Extension-order-IS-13387.pdf | https://bis.gov.in/wp-content/uploads/2022/05/QCO-Extension-Order-26042022.pdf | https://bis.gov.in/wp-content/uploads/2022/11/Ministry-of-Steel-Order-for-extension-of-date-of-implementation-IS-1110-IS-4409.pdf | https://bis.gov.in/wp-content/uploads/2023/02/Extension-oreder-of-IS-4409.pdf | https://bis.gov.in/wp-content/uploads/2023/07/Extension-order-IS-4409-dt-25-07-2023.pdf | https://bis.gov.in/wp-content/uploads/2024/02/Steel-Steel-Product-QCO-2024.pdf | https://bis.gov.in/wp-content/uploads/2024/05/Ferrocnickel-Extension-Quality-Control-Order-2024.pdf | https://bis.gov.in/wp-content/uploads/2024/08/IS-4409-2023-Specification-for-Ferronickel.pdf | https://bis.gov.in/wp-content/uploads/2024/09/Steel-and-Steel-Products-QCO-2024.pdf | https://www.bis.gov.in/wp-content/uploads/2025/11/Steel-and-Steel-Products-Quality-Control-Amendment-Order-2025.pdf | https://www.bis.gov.in/wp-content/uploads/2026/06/Steel-and-Steel-Products-Quality-Control-Amendment-Order-2026-1.pdf,2026-09-03
Cold rolled non-oriented electrical steel sheets and strip-fully processed type (CRNO),Steel and Iron Products,Scheme I (ISI Mark),IS 648:2006,,S.O. 756(E),,14-02-2020,,,https://bis.gov.in/wp-content/uploads/2020/03/Steel-QCO-14022020-1.pdf | https://bis.gov.in/wp-content/uploads/2020/06/Steel-QCO-2020-dated-27th-May-2020.pdf | https://bis.gov.in/wp-content/uploads/2020/07/Steel-QCO-dated-17-July-2020-with-corrigendum.pdf | https://bis.gov.in/wp-content/uploads/2020/07/Steel-QCO-extension-order.pdf | https://bis.gov.in/wp-content/uploads/2020/10/Order-of-Extension-in-the-date-of-enforcement-of-Quality-Control-Order.pdf | https://bis.gov.in/wp-content/uploads/2020/11/QCO-on-144-Steel-Steel-Products-1.pdf | https://bis.gov.in/wp-content/uploads/2021/01/145-QCO-Order.pdf | https://bis.gov.in/wp-content/uploads/2021/04/Order-of-extension-in-the-enforcement-date-for-Indian-Standards-covered-under-the-Quality-Control-Order-namely-IS-3748-IS-7291-and-IS-12146.pdf | https://bis.gov.in/wp-content/uploads/2021/04/Order-of-extension-in-the-enforcement-date-for-some-Indian-Standards-covered-under-the-Quality-Control-Order-namely-IS-4398-and-IS-3195.pdf | https://bis.gov.in/wp-content/uploads/2021/04/ORDERO1.pdf | https://bis.gov.in/wp-content/uploads/2021/06/Order-for-extension-in-date-of-enforcement-for-IS-1110-and-IS-4409.pdf | https://bis.gov.in/wp-content/uploads/2021/06/Order-of-Extension-in-date-of-enforcement-of-IS-4432-IS-5518-IS-12145-IS-13387-IS-4072-IS-13352-covered-under-Qulaity-Control-Order.pdf | https://bis.gov.in/wp-content/uploads/2021/06/Order-of-Extension-in-date-of-enforcement-of-IS-7226-and-IS-14331-covered-under-Qulaity-Control-Order.pdf | https://bis.gov.in/wp-content/uploads/2021/06/Order-of-Extension-in-date-of-enforcement-of-IS-6529-covered-under-Qulaity-Control-Order.pdf | https://bis.gov.in/wp-content/uploads/2021/06/Order-of-extension-in-the-enforcement-date-of-Quality-Control-Order-for-Tin-Plate-and-Tin-Free-Steel.pdf | https://bis.gov.in/wp-content/uploads/2021/08/Extension-in-the-date-of-enforcement-of-Quality-Control-Order-on-IS-3748-IS-7291-and-IS-12146.pdf | https://bis.gov.in/wp-content/uploads/2021/09/Order-of-extension-in-the-date-of-enforcement-of-Quality-Control-Order-for-Indian-Standards-IS-4454-Part-4-IS-11946-IS-11947.pdf | https://bis.gov.in/wp-content/uploads/2021/12/Extension-order-in-the-date-of-enforcement-of-Quality-Control-Order-for-Indian-Standards-IS-1110-1990-and-IS-4409-1973.pdf | https://bis.gov.in/wp-content/uploads/2021/12/Extension-order-IS-14331.pdf | https://bis.gov.in/wp-content/uploads/2021/12/Extension-order-IS-13387.pdf | https://bis.gov.in/wp-content/uploads/2022/05/QCO-Extension-Order-26042022.pdf | https://bis.gov.in/wp-content/uploads/2022/11/Ministry-of-Steel-Order-for-extension-of-date-of-implementation-IS-1110-IS-4409.pdf | https://bis.gov.in/wp-content/uploads/2023/02/Extension-oreder-of-IS-4409.pdf | https://bis.gov.in/wp-content/uploads/2023/07/Extension-order-IS-4409-dt-25-07-2023.pdf | https://bis.gov.in/wp-content/uploads/2024/02/Steel-Steel-Product-QCO-2024.pdf | https://bis.gov.in/wp-content/uploads/2024/05/Ferrocnickel-Extension-Quality-Control-Order-2024.pdf | https://bis.gov.in/wp-content/uploads/2024/08/IS-4409-2023-Specification-for-Ferronickel.pdf | https://bis.gov.in/wp-content/uploads/2024/09/Steel-and-Steel-Products-QCO-2024.pdf | https://www.bis.gov.in/wp-content/uploads/2025/11/Steel-and-Steel-Products-Quality-Control-Amendment-Order-2025.pdf | https://www.bis.gov.in/wp-content/uploads/2026/06/Steel-and-Steel-Products-Quality-Control-Amendment-Order-2026-1.pdf,2026-09-03
Grain oriented electrical steel sheet & strip (CRGO),Steel and Iron Products,Scheme I (ISI Mark),IS 3024:2015,,S.O. 756(E),,14-02-2020,,,https://bis.gov.in/wp-content/uploads/2020/03/Steel-QCO-14022020-1.pdf | https://bis.gov.in/wp-content/uploads/2020/06/Steel-QCO-2020-dated-27th-May-2020.pdf | https://bis.gov.in/wp-content/uploads/2020/07/Steel-QCO-dated-17-July-2020-with-corrigendum.pdf | https://bis.gov.in/wp-content/uploads/2020/07/Steel-QCO-extension-order.pdf | https://bis.gov.in/wp-content/uploads/2020/10/Order-of-Extension-in-the-date-of-enforcement-of-Quality-Control-Order.pdf | https://bis.gov.in/wp-content/uploads/2020/11/QCO-on-144-Steel-Steel-Products-1.pdf | https://bis.gov.in/wp-content/uploads/2021/01/145-QCO-Order.pdf | https://bis.gov.in/wp-content/uploads/2021/04/Order-of-extension-in-the-enforcement-date-for-Indian-Standards-covered-under-the-Quality-Control-Order-namely-IS-3748-IS-7291-and-IS-12146.pdf | https://bis.gov.in/wp-content/uploads/2021/04/Order-of-extension-in-the-enforcement-date-for-some-Indian-Standards-covered-under-the-Quality-Control-Order-namely-IS-4398-and-IS-3195.pdf | https://bis.gov.in/wp-content/uploads/2021/04/ORDERO1.pdf | https://bis.gov.in/wp-content/uploads/2021/06/Order-for-extension-in-date-of-enforcement-for-IS-1110-and-IS-4409.pdf | https://bis.gov.in/wp-content/uploads/2021/06/Order-of-Extension-in-date-of-enforcement-of-IS-4432-IS-5518-IS-12145-IS-13387-IS-4072-IS-13352-covered-under-Qulaity-Control-Order.pdf | https://bis.gov.in/wp-content/uploads/2021/06/Order-of-Extension-in-date-of-enforcement-of-IS-7226-and-IS-14331-covered-under-Qulaity-Control-Order.pdf | https://bis.gov.in/wp-content/uploads/2021/06/Order-of-Extension-in-date-of-enforcement-of-IS-6529-covered-under-Qulaity-Control-Order.pdf | https://bis.gov.in/wp-content/uploads/2021/06/Order-of-extension-in-the-enforcement-date-of-Quality-Control-Order-for-Tin-Plate-and-Tin-Free-Steel.pdf | https://bis.gov.in/wp-content/uploads/2021/08/Extension-in-the-date-of-enforcement-of-Quality-Control-Order-on-IS-3748-IS-7291-and-IS-12146.pdf | https://bis.gov.in/wp-content/uploads/2021/09/Order-of-extension-in-the-date-of-enforcement-of-Quality-Control-Order-for-Indian-Standards-IS-4454-Part-4-IS-11946-IS-11947.pdf | https://bis.gov.in/wp-content/uploads/2021/12/Extension-order-in-the-date-of-enforcement-of-Quality-Control-Order-for-Indian-Standards-IS-1110-1990-and-IS-4409-1973.pdf | https://bis.gov.in/wp-content/uploads/2021/12/Extension-order-IS-14331.pdf | https://bis.gov.in/wp-content/uploads/2021/12/Extension-order-IS-13387.pdf | https://bis.gov.in/wp-content/uploads/2022/05/QCO-Extension-Order-26042022.pdf | https://bis.gov.in/wp-content/uploads/2022/11/Ministry-of-Steel-Order-for-extension-of-date-of-implementation-IS-1110-IS-4409.pdf | https://bis.gov.in/wp-content/uploads/2023/02/Extension-oreder-of-IS-4409.pdf | https://bis.gov.in/wp-content/uploads/2023/07/Extension-order-IS-4409-dt-25-07-2023.pdf | https://bis.gov.in/wp-content/uploads/2024/02/Steel-Steel-Product-QCO-2024.pdf | https://bis.gov.in/wp-content/uploads/2024/05/Ferrocnickel-Extension-Quality-Control-Order-2024.pdf | https://bis.gov.in/wp-content/uploads/2024/08/IS-4409-2023-Specification-for-Ferronickel.pdf | https://bis.gov.in/wp-content/uploads/2024/09/Steel-and-Steel-Products-QCO-2024.pdf | https://www.bis.gov.in/wp-content/uploads/2025/11/Steel-and-Steel-Products-Quality-Control-Amendment-Order-2025.pdf | https://www.bis.gov.in/wp-content/uploads/2026/06/Steel-and-Steel-Products-Quality-Control-Amendment-Order-2026-1.pdf,2026-09-03
Oriented Electrical Steel Sheet and Strip- Semi-Processed Type- Specification.,Steel and Iron Products,Scheme I (ISI Mark),IS 15391:2003,,S.O. 756(E),,14-02-2020,,,https://bis.gov.in/wp-content/uploads/2020/03/Steel-QCO-14022020-1.pdf | https://bis.gov.in/wp-content/uploads/2020/06/Steel-QCO-2020-dated-27th-May-2020.pdf | https://bis.gov.in/wp-content/uploads/2020/07/Steel-QCO-dated-17-July-2020-with-corrigendum.pdf | https://bis.gov.in/wp-content/uploads/2020/07/Steel-QCO-extension-order.pdf | https://bis.gov.in/wp-content/uploads/2020/10/Order-of-Extension-in-the-date-of-enforcement-of-Quality-Control-Order.pdf | https://bis.gov.in/wp-content/uploads/2020/11/QCO-on-144-Steel-Steel-Products-1.pdf | https://bis.gov.in/wp-content/uploads/2021/01/145-QCO-Order.pdf | https://bis.gov.in/wp-content/uploads/2021/04/Order-of-extension-in-the-enforcement-date-for-Indian-Standards-covered-under-the-Quality-Control-Order-namely-IS-3748-IS-7291-and-IS-12146.pdf | https://bis.gov.in/wp-content/uploads/2021/04/Order-of-extension-in-the-enforcement-date-for-some-Indian-Standards-covered-under-the-Quality-Control-Order-namely-IS-4398-and-IS-3195.pdf | https://bis.gov.in/wp-content/uploads/2021/04/ORDERO1.pdf | https://bis.gov.in/wp-content/uploads/2021/06/Order-for-extension-in-date-of-enforcement-for-IS-1110-and-IS-4409.pdf | https://bis.gov.in/wp-content/uploads/2021/06/Order-of-Extension-in-date-of-enforcement-of-IS-4432-IS-5518-IS-12145-IS-13387-IS-4072-IS-13352-covered-under-Qulaity-Control-Order.pdf | https://bis.gov.in/wp-content/uploads/2021/06/Order-of-Extension-in-date-of-enforcement-of-IS-7226-and-IS-14331-covered-under-Qulaity-Control-Order.pdf | https://bis.gov.in/wp-content/uploads/2021/06/Order-of-Extension-in-date-of-enforcement-of-IS-6529-covered-under-Qulaity-Control-Order.pdf | https://bis.gov.in/wp-content/uploads/2021/06/Order-of-extension-in-the-enforcement-date-of-Quality-Control-Order-for-Tin-Plate-and-Tin-Free-Steel.pdf | https://bis.gov.in/wp-content/uploads/2021/08/Extension-in-the-date-of-enforcement-of-Quality-Control-Order-on-IS-3748-IS-7291-and-IS-12146.pdf | https://bis.gov.in/wp-content/uploads/2021/09/Order-of-extension-in-the-date-of-enforcement-of-Quality-Control-Order-for-Indian-Standards-IS-4454-Part-4-IS-11946-IS-11947.pdf | https://bis.gov.in/wp-content/uploads/2021/12/Extension-order-in-the-date-of-enforcement-of-Quality-Control-Order-for-Indian-Standards-IS-1110-1990-and-IS-4409-1973.pdf | https://bis.gov.in/wp-content/uploads/2021/12/Extension-order-IS-14331.pdf | https://bis.gov.in/wp-content/uploads/2021/12/Extension-order-IS-13387.pdf | https://bis.gov.in/wp-content/uploads/2022/05/QCO-Extension-Order-26042022.pdf | https://bis.gov.in/wp-content/uploads/2022/11/Ministry-of-Steel-Order-for-extension-of-date-of-implementation-IS-1110-IS-4409.pdf | https://bis.gov.in/wp-content/uploads/2023/02/Extension-oreder-of-IS-4409.pdf | https://bis.gov.in/wp-content/uploads/2023/07/Extension-order-IS-4409-dt-25-07-2023.pdf | https://bis.gov.in/wp-content/uploads/2024/02/Steel-Steel-Product-QCO-2024.pdf | https://bis.gov.in/wp-content/uploads/2024/05/Ferrocnickel-Extension-Quality-Control-Order-2024.pdf | https://bis.gov.in/wp-content/uploads/2024/08/IS-4409-2023-Specification-for-Ferronickel.pdf | https://bis.gov.in/wp-content/uploads/2024/09/Steel-and-Steel-Products-QCO-2024.pdf | https://www.bis.gov.in/wp-content/uploads/2025/11/Steel-and-Steel-Products-Quality-Control-Amendment-Order-2025.pdf | https://www.bis.gov.in/wp-content/uploads/2026/06/Steel-and-Steel-Products-Quality-Control-Amendment-Order-2026-1.pdf,2026-09-03
Hot rolled medium and high tensile structural steel,Steel and Iron Products,Scheme I (ISI Mark),IS 2062:2011,,S.O. 756(E),,14-02-2020,,,https://bis.gov.in/wp-content/uploads/2020/03/Steel-QCO-14022020-1.pdf | https://bis.gov.in/wp-content/uploads/2020/06/Steel-QCO-2020-dated-27th-May-2020.pdf | https://bis.gov.in/wp-content/uploads/2020/07/Steel-QCO-dated-17-July-2020-with-corrigendum.pdf | https://bis.gov.in/wp-content/uploads/2020/07/Steel-QCO-extension-order.pdf | https://bis.gov.in/wp-content/uploads/2020/10/Order-of-Extension-in-the-date-of-enforcement-of-Quality-Control-Order.pdf | https://bis.gov.in/wp-content/uploads/2020/11/QCO-on-144-Steel-Steel-Products-1.pdf | https://bis.gov.in/wp-content/uploads/2021/01/145-QCO-Order.pdf | https://bis.gov.in/wp-content/uploads/2021/04/Order-of-extension-in-the-enforcement-date-for-Indian-Standards-covered-under-the-Quality-Control-Order-namely-IS-3748-IS-7291-and-IS-12146.pdf | https://bis.gov.in/wp-content/uploads/2021/04/Order-of-extension-in-the-enforcement-date-for-some-Indian-Standards-covered-under-the-Quality-Control-Order-namely-IS-4398-and-IS-3195.pdf | https://bis.gov.in/wp-content/uploads/2021/04/ORDERO1.pdf | https://bis.gov.in/wp-content/uploads/2021/06/Order-for-extension-in-date-of-enforcement-for-IS-1110-and-IS-4409.pdf | https://bis.gov.in/wp-content/uploads/2021/06/Order-of-Extension-in-date-of-enforcement-of-IS-4432-IS-5518-IS-12145-IS-13387-IS-4072-IS-13352-covered-under-Qulaity-Control-Order.pdf | https://bis.gov.in/wp-content/uploads/2021/06/Order-of-Extension-in-date-of-enforcement-of-IS-7226-and-IS-14331-covered-under-Qulaity-Control-Order.pdf | https://bis.gov.in/wp-content/uploads/2021/06/Order-of-Extension-in-date-of-enforcement-of-IS-6529-covered-under-Qulaity-Control-Order.pdf | https://bis.gov.in/wp-content/uploads/2021/06/Order-of-extension-in-the-enforcement-date-of-Quality-Control-Order-for-Tin-Plate-and-Tin-Free-Steel.pdf | https://bis.gov.in/wp-content/uploads/2021/08/Extension-in-the-date-of-enforcement-of-Quality-Control-Order-on-IS-3748-IS-7291-and-IS-12146.pdf | https://bis.gov.in/wp-content/uploads/2021/09/Order-of-extension-in-the-date-of-enforcement-of-Quality-Control-Order-for-Indian-Standards-IS-4454-Part-4-IS-11946-IS-11947.pdf | https://bis.gov.in/wp-content/uploads/2021/12/Extension-order-in-the-date-of-enforcement-of-Quality-Control-Order-for-Indian-Standards-IS-1110-1990-and-IS-4409-1973.pdf | https://bis.gov.in/wp-content/uploads/2021/12/Extension-order-IS-14331.pdf | https://bis.gov.in/wp-content/uploads/2021/12/Extension-order-IS-13387.pdf | https://bis.gov.in/wp-content/uploads/2022/05/QCO-Extension-Order-26042022.pdf | https://bis.gov.in/wp-content/uploads/2022/11/Ministry-of-Steel-Order-for-extension-of-date-of-implementation-IS-1110-IS-4409.pdf | https://bis.gov.in/wp-content/uploads/2023/02/Extension-oreder-of-IS-4409.pdf | https://bis.gov.in/wp-content/uploads/2023/07/Extension-order-IS-4409-dt-25-07-2023.pdf | https://bis.gov.in/wp-content/uploads/2024/02/Steel-Steel-Product-QCO-2024.pdf | https://bis.gov.in/wp-content/uploads/2024/05/Ferrocnickel-Extension-Quality-Control-Order-2024.pdf | https://bis.gov.in/wp-content/uploads/2024/08/IS-4409-2023-Specification-for-Ferronickel.pdf | https://bis.gov.in/wp-content/uploads/2024/09/Steel-and-Steel-Products-QCO-2024.pdf | https://www.bis.gov.in/wp-content/uploads/2025/11/Steel-and-Steel-Products-Quality-Control-Amendment-Order-2025.pdf | https://www.bis.gov.in/wp-content/uploads/2026/06/Steel-and-Steel-Products-Quality-Control-Amendment-Order-2026-1.pdf,2026-09-03
Mild Steel and Medium Tensile Steel Bars and Hard–Drawn Steel Wire for Concrete Reinforcement: Part 1 Mild steel and medium tensile steel bars,Steel and Iron Products,Scheme I (ISI Mark),IS 432 : Part 1:1982,,S.O. 756(E),,14-02-2020,,,https://bis.gov.in/wp-content/uploads/2020/03/Steel-QCO-14022020-1.pdf | https://bis.gov.in/wp-content/uploads/2020/06/Steel-QCO-2020-dated-27th-May-2020.pdf | https://bis.gov.in/wp-content/uploads/2020/07/Steel-QCO-dated-17-July-2020-with-corrigendum.pdf | https://bis.gov.in/wp-content/uploads/2020/07/Steel-QCO-extension-order.pdf | https://bis.gov.in/wp-content/uploads/2020/10/Order-of-Extension-in-the-date-of-enforcement-of-Quality-Control-Order.pdf | https://bis.gov.in/wp-content/uploads/2020/11/QCO-on-144-Steel-Steel-Products-1.pdf | https://bis.gov.in/wp-content/uploads/2021/01/145-QCO-Order.pdf | https://bis.gov.in/wp-content/uploads/2021/04/Order-of-extension-in-the-enforcement-date-for-Indian-Standards-covered-under-the-Quality-Control-Order-namely-IS-3748-IS-7291-and-IS-12146.pdf | https://bis.gov.in/wp-content/uploads/2021/04/Order-of-extension-in-the-enforcement-date-for-some-Indian-Standards-covered-under-the-Quality-Control-Order-namely-IS-4398-and-IS-3195.pdf | https://bis.gov.in/wp-content/uploads/2021/04/ORDERO1.pdf | https://bis.gov.in/wp-content/uploads/2021/06/Order-for-extension-in-date-of-enforcement-for-IS-1110-and-IS-4409.pdf | https://bis.gov.in/wp-content/uploads/2021/06/Order-of-Extension-in-date-of-enforcement-of-IS-4432-IS-5518-IS-12145-IS-13387-IS-4072-IS-13352-covered-under-Qulaity-Control-Order.pdf | https://bis.gov.in/wp-content/uploads/2021/06/Order-of-Extension-in-date-of-enforcement-of-IS-7226-and-IS-14331-covered-under-Qulaity-Control-Order.pdf | https://bis.gov.in/wp-content/uploads/2021/06/Order-of-Extension-in-date-of-enforcement-of-IS-6529-covered-under-Qulaity-Control-Order.pdf | https://bis.gov.in/wp-content/uploads/2021/06/Order-of-extension-in-the-enforcement-date-of-Quality-Control-Order-for-Tin-Plate-and-Tin-Free-Steel.pdf | https://bis.gov.in/wp-content/uploads/2021/08/Extension-in-the-date-of-enforcement-of-Quality-Control-Order-on-IS-3748-IS-7291-and-IS-12146.pdf | https://bis.gov.in/wp-content/uploads/2021/09/Order-of-extension-in-the-date-of-enforcement-of-Quality-Control-Order-for-Indian-Standards-IS-4454-Part-4-IS-11946-IS-11947.pdf | https://bis.gov.in/wp-content/uploads/2021/12/Extension-order-in-the-date-of-enforcement-of-Quality-Control-Order-for-Indian-Standards-IS-1110-1990-and-IS-4409-1973.pdf | https://bis.gov.in/wp-content/uploads/2021/12/Extension-order-IS-14331.pdf | https://bis.gov.in/wp-content/uploads/2021/12/Extension-order-IS-13387.pdf | https://bis.gov.in/wp-content/uploads/2022/05/QCO-Extension-Order-26042022.pdf | https://bis.gov.in/wp-content/uploads/2022/11/Ministry-of-Steel-Order-for-extension-of-date-of-implementation-IS-1110-IS-4409.pdf | https://bis.gov.in/wp-content/uploads/2023/02/Extension-oreder-of-IS-4409.pdf | https://bis.gov.in/wp-content/uploads/2023/07/Extension-order-IS-4409-dt-25-07-2023.pdf | https://bis.gov.in/wp-content/uploads/2024/02/Steel-Steel-Product-QCO-2024.pdf | https://bis.gov.in/wp-content/uploads/2024/05/Ferrocnickel-Extension-Quality-Control-Order-2024.pdf | https://bis.gov.in/wp-content/uploads/2024/08/IS-4409-2023-Specification-for-Ferronickel.pdf | https://bis.gov.in/wp-content/uploads/2024/09/Steel-and-Steel-Products-QCO-2024.pdf | https://www.bis.gov.in/wp-content/uploads/2025/11/Steel-and-Steel-Products-Quality-Control-Amendment-Order-2025.pdf | https://www.bis.gov.in/wp-content/uploads/2026/06/Steel-and-Steel-Products-Quality-Control-Amendment-Order-2026-1.pdf,2026-09-03
Mild steel and Medium Tensile steel bars and Hard–Drawn Steel Wire for Concrete Reinforcement: Part 2 Hard- Drawn Steel Wire,Steel and Iron Products,Scheme I (ISI Mark),IS 432 : Part 2:1982,,S.O. 756(E),,14-02-2020,,,https://bis.gov.in/wp-content/uploads/2020/03/Steel-QCO-14022020-1.pdf | https://bis.gov.in/wp-content/uploads/2020/06/Steel-QCO-2020-dated-27th-May-2020.pdf | https://bis.gov.in/wp-content/uploads/2020/07/Steel-QCO-dated-17-July-2020-with-corrigendum.pdf | https://bis.gov.in/wp-content/uploads/2020/07/Steel-QCO-extension-order.pdf | https://bis.gov.in/wp-content/uploads/2020/10/Order-of-Extension-in-the-date-of-enforcement-of-Quality-Control-Order.pdf | https://bis.gov.in/wp-content/uploads/2020/11/QCO-on-144-Steel-Steel-Products-1.pdf | https://bis.gov.in/wp-content/uploads/2021/01/145-QCO-Order.pdf | https://bis.gov.in/wp-content/uploads/2021/04/Order-of-extension-in-the-enforcement-date-for-Indian-Standards-covered-under-the-Quality-Control-Order-namely-IS-3748-IS-7291-and-IS-12146.pdf | https://bis.gov.in/wp-content/uploads/2021/04/Order-of-extension-in-the-enforcement-date-for-some-Indian-Standards-covered-under-the-Quality-Control-Order-namely-IS-4398-and-IS-3195.pdf | https://bis.gov.in/wp-content/uploads/2021/04/ORDERO1.pdf | https://bis.gov.in/wp-content/uploads/2021/06/Order-for-extension-in-date-of-enforcement-for-IS-1110-and-IS-4409.pdf | https://bis.gov.in/wp-content/uploads/2021/06/Order-of-Extension-in-date-of-enforcement-of-IS-4432-IS-5518-IS-12145-IS-13387-IS-4072-IS-13352-covered-under-Qulaity-Control-Order.pdf | https://bis.gov.in/wp-content/uploads/2021/06/Order-of-Extension-in-date-of-enforcement-of-IS-7226-and-IS-14331-covered-under-Qulaity-Control-Order.pdf | https://bis.gov.in/wp-content/uploads/2021/06/Order-of-Extension-in-date-of-enforcement-of-IS-6529-covered-under-Qulaity-Control-Order.pdf | https://bis.gov.in/wp-content/uploads/2021/06/Order-of-extension-in-the-enforcement-date-of-Quality-Control-Order-for-Tin-Plate-and-Tin-Free-Steel.pdf | https://bis.gov.in/wp-content/uploads/2021/08/Extension-in-the-date-of-enforcement-of-Quality-Control-Order-on-IS-3748-IS-7291-and-IS-12146.pdf | https://bis.gov.in/wp-content/uploads/2021/09/Order-of-extension-in-the-date-of-enforcement-of-Quality-Control-Order-for-Indian-Standards-IS-4454-Part-4-IS-11946-IS-11947.pdf | https://bis.gov.in/wp-content/uploads/2021/12/Extension-order-in-the-date-of-enforcement-of-Quality-Control-Order-for-Indian-Standards-IS-1110-1990-and-IS-4409-1973.pdf | https://bis.gov.in/wp-content/uploads/2021/12/Extension-order-IS-14331.pdf | https://bis.gov.in/wp-content/uploads/2021/12/Extension-order-IS-13387.pdf | https://bis.gov.in/wp-content/uploads/2022/05/QCO-Extension-Order-26042022.pdf | https://bis.gov.in/wp-content/uploads/2022/11/Ministry-of-Steel-Order-for-extension-of-date-of-implementation-IS-1110-IS-4409.pdf | https://bis.gov.in/wp-content/uploads/2023/02/Extension-oreder-of-IS-4409.pdf | https://bis.gov.in/wp-content/uploads/2023/07/Extension-order-IS-4409-dt-25-07-2023.pdf | https://bis.gov.in/wp-content/uploads/2024/02/Steel-Steel-Product-QCO-2024.pdf | https://bis.gov.in/wp-content/uploads/2024/05/Ferrocnickel-Extension-Quality-Control-Order-2024.pdf | https://bis.gov.in/wp-content/uploads/2024/08/IS-4409-2023-Specification-for-Ferronickel.pdf | https://bis.gov.in/wp-content/uploads/2024/09/Steel-and-Steel-Products-QCO-2024.pdf | https://www.bis.gov.in/wp-content/uploads/2025/11/Steel-and-Steel-Products-Quality-Control-Amendment-Order-2025.pdf | https://www.bis.gov.in/wp-content/uploads/2026/06/Steel-and-Steel-Products-Quality-Control-Amendment-Order-2026-1.pdf,2026-09-03
Cold reduced carbon steel sheets and strips Part 1 Cold Forming and Drawing Purpose,Steel and Iron Products,Scheme I (ISI Mark),IS 513 (Part-1): 2016,,S.O. 756(E),,14-02-2020,,,https://bis.gov.in/wp-content/uploads/2020/03/Steel-QCO-14022020-1.pdf | https://bis.gov.in/wp-content/uploads/2020/06/Steel-QCO-2020-dated-27th-May-2020.pdf | https://bis.gov.in/wp-content/uploads/2020/07/Steel-QCO-dated-17-July-2020-with-corrigendum.pdf | https://bis.gov.in/wp-content/uploads/2020/07/Steel-QCO-extension-order.pdf | https://bis.gov.in/wp-content/uploads/2020/10/Order-of-Extension-in-the-date-of-enforcement-of-Quality-Control-Order.pdf | https://bis.gov.in/wp-content/uploads/2020/11/QCO-on-144-Steel-Steel-Products-1.pdf | https://bis.gov.in/wp-content/uploads/2021/01/145-QCO-Order.pdf | https://bis.gov.in/wp-content/uploads/2021/04/Order-of-extension-in-the-enforcement-date-for-Indian-Standards-covered-under-the-Quality-Control-Order-namely-IS-3748-IS-7291-and-IS-12146.pdf | https://bis.gov.in/wp-content/uploads/2021/04/Order-of-extension-in-the-enforcement-date-for-some-Indian-Standards-covered-under-the-Quality-Control-Order-namely-IS-4398-and-IS-3195.pdf | https://bis.gov.in/wp-content/uploads/2021/04/ORDERO1.pdf | https://bis.gov.in/wp-content/uploads/2021/06/Order-for-extension-in-date-of-enforcement-for-IS-1110-and-IS-4409.pdf | https://bis.gov.in/wp-content/uploads/2021/06/Order-of-Extension-in-date-of-enforcement-of-IS-4432-IS-5518-IS-12145-IS-13387-IS-4072-IS-13352-covered-under-Qulaity-Control-Order.pdf | https://bis.gov.in/wp-content/uploads/2021/06/Order-of-Extension-in-date-of-enforcement-of-IS-7226-and-IS-14331-covered-under-Qulaity-Control-Order.pdf | https://bis.gov.in/wp-content/uploads/2021/06/Order-of-Extension-in-date-of-enforcement-of-IS-6529-covered-under-Qulaity-Control-Order.pdf | https://bis.gov.in/wp-content/uploads/2021/06/Order-of-extension-in-the-enforcement-date-of-Quality-Control-Order-for-Tin-Plate-and-Tin-Free-Steel.pdf | https://bis.gov.in/wp-content/uploads/2021/08/Extension-in-the-date-of-enforcement-of-Quality-Control-Order-on-IS-3748-IS-7291-and-IS-12146.pdf | https://bis.gov.in/wp-content/uploads/2021/09/Order-of-extension-in-the-date-of-enforcement-of-Quality-Control-Order-for-Indian-Standards-IS-4454-Part-4-IS-11946-IS-11947.pdf | https://bis.gov.in/wp-content/uploads/2021/12/Extension-order-in-the-date-of-enforcement-of-Quality-Control-Order-for-Indian-Standards-IS-1110-1990-and-IS-4409-1973.pdf | https://bis.gov.in/wp-content/uploads/2021/12/Extension-order-IS-14331.pdf | https://bis.gov.in/wp-content/uploads/2021/12/Extension-order-IS-13387.pdf | https://bis.gov.in/wp-content/uploads/2022/05/QCO-Extension-Order-26042022.pdf | https://bis.gov.in/wp-content/uploads/2022/11/Ministry-of-Steel-Order-for-extension-of-date-of-implementation-IS-1110-IS-4409.pdf | https://bis.gov.in/wp-content/uploads/2023/02/Extension-oreder-of-IS-4409.pdf | https://bis.gov.in/wp-content/uploads/2023/07/Extension-order-IS-4409-dt-25-07-2023.pdf | https://bis.gov.in/wp-content/uploads/2024/02/Steel-Steel-Product-QCO-2024.pdf | https://bis.gov.in/wp-content/uploads/2024/05/Ferrocnickel-Extension-Quality-Control-Order-2024.pdf | https://bis.gov.in/wp-content/uploads/2024/08/IS-4409-2023-Specification-for-Ferronickel.pdf | https://bis.gov.in/wp-content/uploads/2024/09/Steel-and-Steel-Products-QCO-2024.pdf | https://www.bis.gov.in/wp-content/uploads/2025/11/Steel-and-Steel-Products-Quality-Control-Amendment-Order-2025.pdf | https://www.bis.gov.in/wp-content/uploads/2026/06/Steel-and-Steel-Products-Quality-Control-Amendment-Order-2026-1.pdf,2026-09-03
Cold reduced carbon steel sheets and strips Part 2 High Tensile and Multi-phase Steel,Steel and Iron Products,Scheme I (ISI Mark),IS 513(Part-2):2016,,S.O. 756(E),,14-02-2020,,,https://bis.gov.in/wp-content/uploads/2020/03/Steel-QCO-14022020-1.pdf | https://bis.gov.in/wp-content/uploads/2020/06/Steel-QCO-2020-dated-27th-May-2020.pdf | https://bis.gov.in/wp-content/uploads/2020/07/Steel-QCO-dated-17-July-2020-with-corrigendum.pdf | https://bis.gov.in/wp-content/uploads/2020/07/Steel-QCO-extension-order.pdf | https://bis.gov.in/wp-content/uploads/2020/10/Order-of-Extension-in-the-date-of-enforcement-of-Quality-Control-Order.pdf | https://bis.gov.in/wp-content/uploads/2020/11/QCO-on-144-Steel-Steel-Products-1.pdf | https://bis.gov.in/wp-content/uploads/2021/01/145-QCO-Order.pdf | https://bis.gov.in/wp-content/uploads/2021/04/Order-of-extension-in-the-enforcement-date-for-Indian-Standards-covered-under-the-Quality-Control-Order-namely-IS-3748-IS-7291-and-IS-12146.pdf | https://bis.gov.in/wp-content/uploads/2021/04/Order-of-extension-in-the-enforcement-date-for-some-Indian-Standards-covered-under-the-Quality-Control-Order-namely-IS-4398-and-IS-3195.pdf | https://bis.gov.in/wp-content/uploads/2021/04/ORDERO1.pdf | https://bis.gov.in/wp-content/uploads/2021/06/Order-for-extension-in-date-of-enforcement-for-IS-1110-and-IS-4409.pdf | https://bis.gov.in/wp-content/uploads/2021/06/Order-of-Extension-in-date-of-enforcement-of-IS-4432-IS-5518-IS-12145-IS-13387-IS-4072-IS-13352-covered-under-Qulaity-Control-Order.pdf | https://bis.gov.in/wp-content/uploads/2021/06/Order-of-Extension-in-date-of-enforcement-of-IS-7226-and-IS-14331-covered-under-Qulaity-Control-Order.pdf | https://bis.gov.in/wp-content/uploads/2021/06/Order-of-Extension-in-date-of-enforcement-of-IS-6529-covered-under-Qulaity-Control-Order.pdf | https://bis.gov.in/wp-content/uploads/2021/06/Order-of-extension-in-the-enforcement-date-of-Quality-Control-Order-for-Tin-Plate-and-Tin-Free-Steel.pdf | https://bis.gov.in/wp-content/uploads/2021/08/Extension-in-the-date-of-enforcement-of-Quality-Control-Order-on-IS-3748-IS-7291-and-IS-12146.pdf | https://bis.gov.in/wp-content/uploads/2021/09/Order-of-extension-in-the-date-of-enforcement-of-Quality-Control-Order-for-Indian-Standards-IS-4454-Part-4-IS-11946-IS-11947.pdf | https://bis.gov.in/wp-content/uploads/2021/12/Extension-order-in-the-date-of-enforcement-of-Quality-Control-Order-for-Indian-Standards-IS-1110-1990-and-IS-4409-1973.pdf | https://bis.gov.in/wp-content/uploads/2021/12/Extension-order-IS-14331.pdf | https://bis.gov.in/wp-content/uploads/2021/12/Extension-order-IS-13387.pdf | https://bis.gov.in/wp-content/uploads/2022/05/QCO-Extension-Order-26042022.pdf | https://bis.gov.in/wp-content/uploads/2022/11/Ministry-of-Steel-Order-for-extension-of-date-of-implementation-IS-1110-IS-4409.pdf | https://bis.gov.in/wp-content/uploads/2023/02/Extension-oreder-of-IS-4409.pdf | https://bis.gov.in/wp-content/uploads/2023/07/Extension-order-IS-4409-dt-25-07-2023.pdf | https://bis.gov.in/wp-content/uploads/2024/02/Steel-Steel-Product-QCO-2024.pdf | https://bis.gov.in/wp-content/uploads/2024/05/Ferrocnickel-Extension-Quality-Control-Order-2024.pdf | https://bis.gov.in/wp-content/uploads/2024/08/IS-4409-2023-Specification-for-Ferronickel.pdf | https://bis.gov.in/wp-content/uploads/2024/09/Steel-and-Steel-Products-QCO-2024.pdf | https://www.bis.gov.in/wp-content/uploads/2025/11/Steel-and-Steel-Products-Quality-Control-Amendment-Order-2025.pdf | https://www.bis.gov.in/wp-content/uploads/2026/06/Steel-and-Steel-Products-Quality-Control-Amendment-Order-2026-1.pdf,2026-09-03
"Hot Rolled Carbon Steel Sheet, Plate and Strip — Specification.",Steel and Iron Products,Scheme I (ISI Mark),IS 1079: 2017,,S.O. 756(E),,14-02-2020,,,https://bis.gov.in/wp-content/uploads/2020/03/Steel-QCO-14022020-1.pdf | https://bis.gov.in/wp-content/uploads/2020/06/Steel-QCO-2020-dated-27th-May-2020.pdf | https://bis.gov.in/wp-content/uploads/2020/07/Steel-QCO-dated-17-July-2020-with-corrigendum.pdf | https://bis.gov.in/wp-content/uploads/2020/07/Steel-QCO-extension-order.pdf | https://bis.gov.in/wp-content/uploads/2020/10/Order-of-Extension-in-the-date-of-enforcement-of-Quality-Control-Order.pdf | https://bis.gov.in/wp-content/uploads/2020/11/QCO-on-144-Steel-Steel-Products-1.pdf | https://bis.gov.in/wp-content/uploads/2021/01/145-QCO-Order.pdf | https://bis.gov.in/wp-content/uploads/2021/04/Order-of-extension-in-the-enforcement-date-for-Indian-Standards-covered-under-the-Quality-Control-Order-namely-IS-3748-IS-7291-and-IS-12146.pdf | https://bis.gov.in/wp-content/uploads/2021/04/Order-of-extension-in-the-enforcement-date-for-some-Indian-Standards-covered-under-the-Quality-Control-Order-namely-IS-4398-and-IS-3195.pdf | https://bis.gov.in/wp-content/uploads/2021/04/ORDERO1.pdf | https://bis.gov.in/wp-content/uploads/2021/06/Order-for-extension-in-date-of-enforcement-for-IS-1110-and-IS-4409.pdf | https://bis.gov.in/wp-content/uploads/2021/06/Order-of-Extension-in-date-of-enforcement-of-IS-4432-IS-5518-IS-12145-IS-13387-IS-4072-IS-13352-covered-under-Qulaity-Control-Order.pdf | https://bis.gov.in/wp-content/uploads/2021/06/Order-of-Extension-in-date-of-enforcement-of-IS-7226-and-IS-14331-covered-under-Qulaity-Control-Order.pdf | https://bis.gov.in/wp-content/uploads/2021/06/Order-of-Extension-in-date-of-enforcement-of-IS-6529-covered-under-Qulaity-Control-Order.pdf | https://bis.gov.in/wp-content/uploads/2021/06/Order-of-extension-in-the-enforcement-date-of-Quality-Control-Order-for-Tin-Plate-and-Tin-Free-Steel.pdf | https://bis.gov.in/wp-content/uploads/2021/08/Extension-in-the-date-of-enforcement-of-Quality-Control-Order-on-IS-3748-IS-7291-and-IS-12146.pdf | https://bis.gov.in/wp-content/uploads/2021/09/Order-of-extension-in-the-date-of-enforcement-of-Quality-Control-Order-for-Indian-Standards-IS-4454-Part-4-IS-11946-IS-11947.pdf | https://bis.gov.in/wp-content/uploads/2021/12/Extension-order-in-the-date-of-enforcement-of-Quality-Control-Order-for-Indian-Standards-IS-1110-1990-and-IS-4409-1973.pdf | https://bis.gov.in/wp-content/uploads/2021/12/Extension-order-IS-14331.pdf | https://bis.gov.in/wp-content/uploads/2021/12/Extension-order-IS-13387.pdf | https://bis.gov.in/wp-content/uploads/2022/05/QCO-Extension-Order-26042022.pdf | https://bis.gov.in/wp-content/uploads/2022/11/Ministry-of-Steel-Order-for-extension-of-date-of-implementation-IS-1110-IS-4409.pdf | https://bis.gov.in/wp-content/uploads/2023/02/Extension-oreder-of-IS-4409.pdf | https://bis.gov.in/wp-content/uploads/2023/07/Extension-order-IS-4409-dt-25-07-2023.pdf | https://bis.gov.in/wp-content/uploads/2024/02/Steel-Steel-Product-QCO-2024.pdf | https://bis.gov.in/wp-content/uploads/2024/05/Ferrocnickel-Extension-Quality-Control-Order-2024.pdf | https://bis.gov.in/wp-content/uploads/2024/08/IS-4409-2023-Specification-for-Ferronickel.pdf | https://bis.gov.in/wp-content/uploads/2024/09/Steel-and-Steel-Products-QCO-2024.pdf | https://www.bis.gov.in/wp-content/uploads/2025/11/Steel-and-Steel-Products-Quality-Control-Amendment-Order-2025.pdf | https://www.bis.gov.in/wp-content/uploads/2026/06/Steel-and-Steel-Products-Quality-Control-Amendment-Order-2026-1.pdf,2026-09-03
"Carbon steel billets, blooms, slabs and bars for forgings.",Steel and Iron Products,Scheme I (ISI Mark),IS 1875:1992,,S.O. 756(E),,14-02-2020,,,https://bis.gov.in/wp-content/uploads/2020/03/Steel-QCO-14022020-1.pdf | https://bis.gov.in/wp-content/uploads/2020/06/Steel-QCO-2020-dated-27th-May-2020.pdf | https://bis.gov.in/wp-content/uploads/2020/07/Steel-QCO-dated-17-July-2020-with-corrigendum.pdf | https://bis.gov.in/wp-content/uploads/2020/07/Steel-QCO-extension-order.pdf | https://bis.gov.in/wp-content/uploads/2020/10/Order-of-Extension-in-the-date-of-enforcement-of-Quality-Control-Order.pdf | https://bis.gov.in/wp-content/uploads/2020/11/QCO-on-144-Steel-Steel-Products-1.pdf | https://bis.gov.in/wp-content/uploads/2021/01/145-QCO-Order.pdf | https://bis.gov.in/wp-content/uploads/2021/04/Order-of-extension-in-the-enforcement-date-for-Indian-Standards-covered-under-the-Quality-Control-Order-namely-IS-3748-IS-7291-and-IS-12146.pdf | https://bis.gov.in/wp-content/uploads/2021/04/Order-of-extension-in-the-enforcement-date-for-some-Indian-Standards-covered-under-the-Quality-Control-Order-namely-IS-4398-and-IS-3195.pdf | https://bis.gov.in/wp-content/uploads/2021/04/ORDERO1.pdf | https://bis.gov.in/wp-content/uploads/2021/06/Order-for-extension-in-date-of-enforcement-for-IS-1110-and-IS-4409.pdf | https://bis.gov.in/wp-content/uploads/2021/06/Order-of-Extension-in-date-of-enforcement-of-IS-4432-IS-5518-IS-12145-IS-13387-IS-4072-IS-13352-covered-under-Qulaity-Control-Order.pdf | https://bis.gov.in/wp-content/uploads/2021/06/Order-of-Extension-in-date-of-enforcement-of-IS-7226-and-IS-14331-covered-under-Qulaity-Control-Order.pdf | https://bis.gov.in/wp-content/uploads/2021/06/Order-of-Extension-in-date-of-enforcement-of-IS-6529-covered-under-Qulaity-Control-Order.pdf | https://bis.gov.in/wp-content/uploads/2021/06/Order-of-extension-in-the-enforcement-date-of-Quality-Control-Order-for-Tin-Plate-and-Tin-Free-Steel.pdf | https://bis.gov.in/wp-content/uploads/2021/08/Extension-in-the-date-of-enforcement-of-Quality-Control-Order-on-IS-3748-IS-7291-and-IS-12146.pdf | https://bis.gov.in/wp-content/uploads/2021/09/Order-of-extension-in-the-date-of-enforcement-of-Quality-Control-Order-for-Indian-Standards-IS-4454-Part-4-IS-11946-IS-11947.pdf | https://bis.gov.in/wp-content/uploads/2021/12/Extension-order-in-the-date-of-enforcement-of-Quality-Control-Order-for-Indian-Standards-IS-1110-1990-and-IS-4409-1973.pdf | https://bis.gov.in/wp-content/uploads/2021/12/Extension-order-IS-14331.pdf | https://bis.gov.in/wp-content/uploads/2021/12/Extension-order-IS-13387.pdf | https://bis.gov.in/wp-content/uploads/2022/05/QCO-Extension-Order-26042022.pdf | https://bis.gov.in/wp-content/uploads/2022/11/Ministry-of-Steel-Order-for-extension-of-date-of-implementation-IS-1110-IS-4409.pdf | https://bis.gov.in/wp-content/uploads/2023/02/Extension-oreder-of-IS-4409.pdf | https://bis.gov.in/wp-content/uploads/2023/07/Extension-order-IS-4409-dt-25-07-2023.pdf | https://bis.gov.in/wp-content/uploads/2024/02/Steel-Steel-Product-QCO-2024.pdf | https://bis.gov.in/wp-content/uploads/2024/05/Ferrocnickel-Extension-Quality-Control-Order-2024.pdf | https://bis.gov.in/wp-content/uploads/2024/08/IS-4409-2023-Specification-for-Ferronickel.pdf | https://bis.gov.in/wp-content/uploads/2024/09/Steel-and-Steel-Products-QCO-2024.pdf | https://www.bis.gov.in/wp-content/uploads/2025/11/Steel-and-Steel-Products-Quality-Control-Amendment-Order-2025.pdf | https://www.bis.gov.in/wp-content/uploads/2026/06/Steel-and-Steel-Products-Quality-Control-Amendment-Order-2026-1.pdf,2026-09-03
Mild steel for metal arc welding electrodes.,Steel and Iron Products,Scheme I (ISI Mark),IS 2879:1998,,S.O. 756(E),,14-02-2020,,,https://bis.gov.in/wp-content/uploads/2020/03/Steel-QCO-14022020-1.pdf | https://bis.gov.in/wp-content/uploads/2020/06/Steel-QCO-2020-dated-27th-May-2020.pdf | https://bis.gov.in/wp-content/uploads/2020/07/Steel-QCO-dated-17-July-2020-with-corrigendum.pdf | https://bis.gov.in/wp-content/uploads/2020/07/Steel-QCO-extension-order.pdf | https://bis.gov.in/wp-content/uploads/2020/10/Order-of-Extension-in-the-date-of-enforcement-of-Quality-Control-Order.pdf | https://bis.gov.in/wp-content/uploads/2020/11/QCO-on-144-Steel-Steel-Products-1.pdf | https://bis.gov.in/wp-content/uploads/2021/01/145-QCO-Order.pdf | https://bis.gov.in/wp-content/uploads/2021/04/Order-of-extension-in-the-enforcement-date-for-Indian-Standards-covered-under-the-Quality-Control-Order-namely-IS-3748-IS-7291-and-IS-12146.pdf | https://bis.gov.in/wp-content/uploads/2021/04/Order-of-extension-in-the-enforcement-date-for-some-Indian-Standards-covered-under-the-Quality-Control-Order-namely-IS-4398-and-IS-3195.pdf | https://bis.gov.in/wp-content/uploads/2021/04/ORDERO1.pdf | https://bis.gov.in/wp-content/uploads/2021/06/Order-for-extension-in-date-of-enforcement-for-IS-1110-and-IS-4409.pdf | https://bis.gov.in/wp-content/uploads/2021/06/Order-of-Extension-in-date-of-enforcement-of-IS-4432-IS-5518-IS-12145-IS-13387-IS-4072-IS-13352-covered-under-Qulaity-Control-Order.pdf | https://bis.gov.in/wp-content/uploads/2021/06/Order-of-Extension-in-date-of-enforcement-of-IS-7226-and-IS-14331-covered-under-Qulaity-Control-Order.pdf | https://bis.gov.in/wp-content/uploads/2021/06/Order-of-Extension-in-date-of-enforcement-of-IS-6529-covered-under-Qulaity-Control-Order.pdf | https://bis.gov.in/wp-content/uploads/2021/06/Order-of-extension-in-the-enforcement-date-of-Quality-Control-Order-for-Tin-Plate-and-Tin-Free-Steel.pdf | https://bis.gov.in/wp-content/uploads/2021/08/Extension-in-the-date-of-enforcement-of-Quality-Control-Order-on-IS-3748-IS-7291-and-IS-12146.pdf | https://bis.gov.in/wp-content/uploads/2021/09/Order-of-extension-in-the-date-of-enforcement-of-Quality-Control-Order-for-Indian-Standards-IS-4454-Part-4-IS-11946-IS-11947.pdf | https://bis.gov.in/wp-content/uploads/2021/12/Extension-order-in-the-date-of-enforcement-of-Quality-Control-Order-for-Indian-Standards-IS-1110-1990-and-IS-4409-1973.pdf | https://bis.gov.in/wp-content/uploads/2021/12/Extension-order-IS-14331.pdf | https://bis.gov.in/wp-content/uploads/2021/12/Extension-order-IS-13387.pdf | https://bis.gov.in/wp-content/uploads/2022/05/QCO-Extension-Order-26042022.pdf | https://bis.gov.in/wp-content/uploads/2022/11/Ministry-of-Steel-Order-for-extension-of-date-of-implementation-IS-1110-IS-4409.pdf | https://bis.gov.in/wp-content/uploads/2023/02/Extension-oreder-of-IS-4409.pdf | https://bis.gov.in/wp-content/uploads/2023/07/Extension-order-IS-4409-dt-25-07-2023.pdf | https://bis.gov.in/wp-content/uploads/2024/02/Steel-Steel-Product-QCO-2024.pdf | https://bis.gov.in/wp-content/uploads/2024/05/Ferrocnickel-Extension-Quality-Control-Order-2024.pdf | https://bis.gov.in/wp-content/uploads/2024/08/IS-4409-2023-Specification-for-Ferronickel.pdf | https://bis.gov.in/wp-content/uploads/2024/09/Steel-and-Steel-Products-QCO-2024.pdf | https://www.bis.gov.in/wp-content/uploads/2025/11/Steel-and-Steel-Products-Quality-Control-Amendment-Order-2025.pdf | https://www.bis.gov.in/wp-content/uploads/2026/06/Steel-and-Steel-Products-Quality-Control-Amendment-Order-2026-1.pdf,2026-09-03
Steel Chequered Plates,Steel and Iron Products,Scheme I (ISI Mark),IS 3502:2009,,S.O. 756(E),,14-02-2020,,,https://bis.gov.in/wp-content/uploads/2020/03/Steel-QCO-14022020-1.pdf | https://bis.gov.in/wp-content/uploads/2020/06/Steel-QCO-2020-dated-27th-May-2020.pdf | https://bis.gov.in/wp-content/uploads/2020/07/Steel-QCO-dated-17-July-2020-with-corrigendum.pdf | https://bis.gov.in/wp-content/uploads/2020/07/Steel-QCO-extension-order.pdf | https://bis.gov.in/wp-content/uploads/2020/10/Order-of-Extension-in-the-date-of-enforcement-of-Quality-Control-Order.pdf | https://bis.gov.in/wp-content/uploads/2020/11/QCO-on-144-Steel-Steel-Products-1.pdf | https://bis.gov.in/wp-content/uploads/2021/01/145-QCO-Order.pdf | https://bis.gov.in/wp-content/uploads/2021/04/Order-of-extension-in-the-enforcement-date-for-Indian-Standards-covered-under-the-Quality-Control-Order-namely-IS-3748-IS-7291-and-IS-12146.pdf | https://bis.gov.in/wp-content/uploads/2021/04/Order-of-extension-in-the-enforcement-date-for-some-Indian-Standards-covered-under-the-Quality-Control-Order-namely-IS-4398-and-IS-3195.pdf | https://bis.gov.in/wp-content/uploads/2021/04/ORDERO1.pdf | https://bis.gov.in/wp-content/uploads/2021/06/Order-for-extension-in-date-of-enforcement-for-IS-1110-and-IS-4409.pdf | https://bis.gov.in/wp-content/uploads/2021/06/Order-of-Extension-in-date-of-enforcement-of-IS-4432-IS-5518-IS-12145-IS-13387-IS-4072-IS-13352-covered-under-Qulaity-Control-Order.pdf | https://bis.gov.in/wp-content/uploads/2021/06/Order-of-Extension-in-date-of-enforcement-of-IS-7226-and-IS-14331-covered-under-Qulaity-Control-Order.pdf | https://bis.gov.in/wp-content/uploads/2021/06/Order-of-Extension-in-date-of-enforcement-of-IS-6529-covered-under-Qulaity-Control-Order.pdf | https://bis.gov.in/wp-content/uploads/2021/06/Order-of-extension-in-the-enforcement-date-of-Quality-Control-Order-for-Tin-Plate-and-Tin-Free-Steel.pdf | https://bis.gov.in/wp-content/uploads/2021/08/Extension-in-the-date-of-enforcement-of-Quality-Control-Order-on-IS-3748-IS-7291-and-IS-12146.pdf | https://bis.gov.in/wp-content/uploads/2021/09/Order-of-extension-in-the-date-of-enforcement-of-Quality-Control-Order-for-Indian-Standards-IS-4454-Part-4-IS-11946-IS-11947.pdf | https://bis.gov.in/wp-content/uploads/2021/12/Extension-order-in-the-date-of-enforcement-of-Quality-Control-Order-for-Indian-Standards-IS-1110-1990-and-IS-4409-1973.pdf | https://bis.gov.in/wp-content/uploads/2021/12/Extension-order-IS-14331.pdf | https://bis.gov.in/wp-content/uploads/2021/12/Extension-order-IS-13387.pdf | https://bis.gov.in/wp-content/uploads/2022/05/QCO-Extension-Order-26042022.pdf | https://bis.gov.in/wp-content/uploads/2022/11/Ministry-of-Steel-Order-for-extension-of-date-of-implementation-IS-1110-IS-4409.pdf | https://bis.gov.in/wp-content/uploads/2023/02/Extension-oreder-of-IS-4409.pdf | https://bis.gov.in/wp-content/uploads/2023/07/Extension-order-IS-4409-dt-25-07-2023.pdf | https://bis.gov.in/wp-content/uploads/2024/02/Steel-Steel-Product-QCO-2024.pdf | https://bis.gov.in/wp-content/uploads/2024/05/Ferrocnickel-Extension-Quality-Control-Order-2024.pdf | https://bis.gov.in/wp-content/uploads/2024/08/IS-4409-2023-Specification-for-Ferronickel.pdf | https://bis.gov.in/wp-content/uploads/2024/09/Steel-and-Steel-Products-QCO-2024.pdf | https://www.bis.gov.in/wp-content/uploads/2025/11/Steel-and-Steel-Products-Quality-Control-Amendment-Order-2025.pdf | https://www.bis.gov.in/wp-content/uploads/2026/06/Steel-and-Steel-Products-Quality-Control-Amendment-Order-2026-1.pdf,2026-09-03
Cold Rolled Steel Strips (Box Strappings).,Steel and Iron Products,Scheme I (ISI Mark),IS 5872:1990,,S.O. 756(E),,14-02-2020,,,https://bis.gov.in/wp-content/uploads/2020/03/Steel-QCO-14022020-1.pdf | https://bis.gov.in/wp-content/uploads/2020/06/Steel-QCO-2020-dated-27th-May-2020.pdf | https://bis.gov.in/wp-content/uploads/2020/07/Steel-QCO-dated-17-July-2020-with-corrigendum.pdf | https://bis.gov.in/wp-content/uploads/2020/07/Steel-QCO-extension-order.pdf | https://bis.gov.in/wp-content/uploads/2020/10/Order-of-Extension-in-the-date-of-enforcement-of-Quality-Control-Order.pdf | https://bis.gov.in/wp-content/uploads/2020/11/QCO-on-144-Steel-Steel-Products-1.pdf | https://bis.gov.in/wp-content/uploads/2021/01/145-QCO-Order.pdf | https://bis.gov.in/wp-content/uploads/2021/04/Order-of-extension-in-the-enforcement-date-for-Indian-Standards-covered-under-the-Quality-Control-Order-namely-IS-3748-IS-7291-and-IS-12146.pdf | https://bis.gov.in/wp-content/uploads/2021/04/Order-of-extension-in-the-enforcement-date-for-some-Indian-Standards-covered-under-the-Quality-Control-Order-namely-IS-4398-and-IS-3195.pdf | https://bis.gov.in/wp-content/uploads/2021/04/ORDERO1.pdf | https://bis.gov.in/wp-content/uploads/2021/06/Order-for-extension-in-date-of-enforcement-for-IS-1110-and-IS-4409.pdf | https://bis.gov.in/wp-content/uploads/2021/06/Order-of-Extension-in-date-of-enforcement-of-IS-4432-IS-5518-IS-12145-IS-13387-IS-4072-IS-13352-covered-under-Qulaity-Control-Order.pdf | https://bis.gov.in/wp-content/uploads/2021/06/Order-of-Extension-in-date-of-enforcement-of-IS-7226-and-IS-14331-covered-under-Qulaity-Control-Order.pdf | https://bis.gov.in/wp-content/uploads/2021/06/Order-of-Extension-in-date-of-enforcement-of-IS-6529-covered-under-Qulaity-Control-Order.pdf | https://bis.gov.in/wp-content/uploads/2021/06/Order-of-extension-in-the-enforcement-date-of-Quality-Control-Order-for-Tin-Plate-and-Tin-Free-Steel.pdf | https://bis.gov.in/wp-content/uploads/2021/08/Extension-in-the-date-of-enforcement-of-Quality-Control-Order-on-IS-3748-IS-7291-and-IS-12146.pdf | https://bis.gov.in/wp-content/uploads/2021/09/Order-of-extension-in-the-date-of-enforcement-of-Quality-Control-Order-for-Indian-Standards-IS-4454-Part-4-IS-11946-IS-11947.pdf | https://bis.gov.in/wp-content/uploads/2021/12/Extension-order-in-the-date-of-enforcement-of-Quality-Control-Order-for-Indian-Standards-IS-1110-1990-and-IS-4409-1973.pdf | https://bis.gov.in/wp-content/uploads/2021/12/Extension-order-IS-14331.pdf | https://bis.gov.in/wp-content/uploads/2021/12/Extension-order-IS-13387.pdf | https://bis.gov.in/wp-content/uploads/2022/05/QCO-Extension-Order-26042022.pdf | https://bis.gov.in/wp-content/uploads/2022/11/Ministry-of-Steel-Order-for-extension-of-date-of-implementation-IS-1110-IS-4409.pdf | https://bis.gov.in/wp-content/uploads/2023/02/Extension-oreder-of-IS-4409.pdf | https://bis.gov.in/wp-content/uploads/2023/07/Extension-order-IS-4409-dt-25-07-2023.pdf | https://bis.gov.in/wp-content/uploads/2024/02/Steel-Steel-Product-QCO-2024.pdf | https://bis.gov.in/wp-content/uploads/2024/05/Ferrocnickel-Extension-Quality-Control-Order-2024.pdf | https://bis.gov.in/wp-content/uploads/2024/08/IS-4409-2023-Specification-for-Ferronickel.pdf | https://bis.gov.in/wp-content/uploads/2024/09/Steel-and-Steel-Products-QCO-2024.pdf | https://www.bis.gov.in/wp-content/uploads/2025/11/Steel-and-Steel-Products-Quality-Control-Amendment-Order-2025.pdf | https://www.bis.gov.in/wp-content/uploads/2026/06/Steel-and-Steel-Products-Quality-Control-Amendment-Order-2026-1.pdf,2026-09-03
"Hot Rolled Steel Sheet, Plate and Strip for Forming and Flanging Purposes — Specification.",Steel and Iron Products,Scheme I (ISI Mark),IS 5986: 2017,,S.O. 756(E),,14-02-2020,,,https://bis.gov.in/wp-content/uploads/2020/03/Steel-QCO-14022020-1.pdf | https://bis.gov.in/wp-content/uploads/2020/06/Steel-QCO-2020-dated-27th-May-2020.pdf | https://bis.gov.in/wp-content/uploads/2020/07/Steel-QCO-dated-17-July-2020-with-corrigendum.pdf | https://bis.gov.in/wp-content/uploads/2020/07/Steel-QCO-extension-order.pdf | https://bis.gov.in/wp-content/uploads/2020/10/Order-of-Extension-in-the-date-of-enforcement-of-Quality-Control-Order.pdf | https://bis.gov.in/wp-content/uploads/2020/11/QCO-on-144-Steel-Steel-Products-1.pdf | https://bis.gov.in/wp-content/uploads/2021/01/145-QCO-Order.pdf | https://bis.gov.in/wp-content/uploads/2021/04/Order-of-extension-in-the-enforcement-date-for-Indian-Standards-covered-under-the-Quality-Control-Order-namely-IS-3748-IS-7291-and-IS-12146.pdf | https://bis.gov.in/wp-content/uploads/2021/04/Order-of-extension-in-the-enforcement-date-for-some-Indian-Standards-covered-under-the-Quality-Control-Order-namely-IS-4398-and-IS-3195.pdf | https://bis.gov.in/wp-content/uploads/2021/04/ORDERO1.pdf | https://bis.gov.in/wp-content/uploads/2021/06/Order-for-extension-in-date-of-enforcement-for-IS-1110-and-IS-4409.pdf | https://bis.gov.in/wp-content/uploads/2021/06/Order-of-Extension-in-date-of-enforcement-of-IS-4432-IS-5518-IS-12145-IS-13387-IS-4072-IS-13352-covered-under-Qulaity-Control-Order.pdf | https://bis.gov.in/wp-content/uploads/2021/06/Order-of-Extension-in-date-of-enforcement-of-IS-7226-and-IS-14331-covered-under-Qulaity-Control-Order.pdf | https://bis.gov.in/wp-content/uploads/2021/06/Order-of-Extension-in-date-of-enforcement-of-IS-6529-covered-under-Qulaity-Control-Order.pdf | https://bis.gov.in/wp-content/uploads/2021/06/Order-of-extension-in-the-enforcement-date-of-Quality-Control-Order-for-Tin-Plate-and-Tin-Free-Steel.pdf | https://bis.gov.in/wp-content/uploads/2021/08/Extension-in-the-date-of-enforcement-of-Quality-Control-Order-on-IS-3748-IS-7291-and-IS-12146.pdf | https://bis.gov.in/wp-content/uploads/2021/09/Order-of-extension-in-the-date-of-enforcement-of-Quality-Control-Order-for-Indian-Standards-IS-4454-Part-4-IS-11946-IS-11947.pdf | https://bis.gov.in/wp-content/uploads/2021/12/Extension-order-in-the-date-of-enforcement-of-Quality-Control-Order-for-Indian-Standards-IS-1110-1990-and-IS-4409-1973.pdf | https://bis.gov.in/wp-content/uploads/2021/12/Extension-order-IS-14331.pdf | https://bis.gov.in/wp-content/uploads/2021/12/Extension-order-IS-13387.pdf | https://bis.gov.in/wp-content/uploads/2022/05/QCO-Extension-Order-26042022.pdf | https://bis.gov.in/wp-content/uploads/2022/11/Ministry-of-Steel-Order-for-extension-of-date-of-implementation-IS-1110-IS-4409.pdf | https://bis.gov.in/wp-content/uploads/2023/02/Extension-oreder-of-IS-4409.pdf | https://bis.gov.in/wp-content/uploads/2023/07/Extension-order-IS-4409-dt-25-07-2023.pdf | https://bis.gov.in/wp-content/uploads/2024/02/Steel-Steel-Product-QCO-2024.pdf | https://bis.gov.in/wp-content/uploads/2024/05/Ferrocnickel-Extension-Quality-Control-Order-2024.pdf | https://bis.gov.in/wp-content/uploads/2024/08/IS-4409-2023-Specification-for-Ferronickel.pdf | https://bis.gov.in/wp-content/uploads/2024/09/Steel-and-Steel-Products-QCO-2024.pdf | https://www.bis.gov.in/wp-content/uploads/2025/11/Steel-and-Steel-Products-Quality-Control-Amendment-Order-2025.pdf | https://www.bis.gov.in/wp-content/uploads/2026/06/Steel-and-Steel-Products-Quality-Control-Amendment-Order-2026-1.pdf,2026-09-03
Hot Rolled Steel Plate (up to 6 mm) Sheet and Strip for the Manufacture of Low Pressure Liquefiable Gas Cylinders,Steel and Iron Products,Scheme I (ISI Mark),IS 6240:2008,,S.O. 756(E),,14-02-2020,,,https://bis.gov.in/wp-content/uploads/2020/03/Steel-QCO-14022020-1.pdf | https://bis.gov.in/wp-content/uploads/2020/06/Steel-QCO-2020-dated-27th-May-2020.pdf | https://bis.gov.in/wp-content/uploads/2020/07/Steel-QCO-dated-17-July-2020-with-corrigendum.pdf | https://bis.gov.in/wp-content/uploads/2020/07/Steel-QCO-extension-order.pdf | https://bis.gov.in/wp-content/uploads/2020/10/Order-of-Extension-in-the-date-of-enforcement-of-Quality-Control-Order.pdf | https://bis.gov.in/wp-content/uploads/2020/11/QCO-on-144-Steel-Steel-Products-1.pdf | https://bis.gov.in/wp-content/uploads/2021/01/145-QCO-Order.pdf | https://bis.gov.in/wp-content/uploads/2021/04/Order-of-extension-in-the-enforcement-date-for-Indian-Standards-covered-under-the-Quality-Control-Order-namely-IS-3748-IS-7291-and-IS-12146.pdf | https://bis.gov.in/wp-content/uploads/2021/04/Order-of-extension-in-the-enforcement-date-for-some-Indian-Standards-covered-under-the-Quality-Control-Order-namely-IS-4398-and-IS-3195.pdf | https://bis.gov.in/wp-content/uploads/2021/04/ORDERO1.pdf | https://bis.gov.in/wp-content/uploads/2021/06/Order-for-extension-in-date-of-enforcement-for-IS-1110-and-IS-4409.pdf | https://bis.gov.in/wp-content/uploads/2021/06/Order-of-Extension-in-date-of-enforcement-of-IS-4432-IS-5518-IS-12145-IS-13387-IS-4072-IS-13352-covered-under-Qulaity-Control-Order.pdf | https://bis.gov.in/wp-content/uploads/2021/06/Order-of-Extension-in-date-of-enforcement-of-IS-7226-and-IS-14331-covered-under-Qulaity-Control-Order.pdf | https://bis.gov.in/wp-content/uploads/2021/06/Order-of-Extension-in-date-of-enforcement-of-IS-6529-covered-under-Qulaity-Control-Order.pdf | https://bis.gov.in/wp-content/uploads/2021/06/Order-of-extension-in-the-enforcement-date-of-Quality-Control-Order-for-Tin-Plate-and-Tin-Free-Steel.pdf | https://bis.gov.in/wp-content/uploads/2021/08/Extension-in-the-date-of-enforcement-of-Quality-Control-Order-on-IS-3748-IS-7291-and-IS-12146.pdf | https://bis.gov.in/wp-content/uploads/2021/09/Order-of-extension-in-the-date-of-enforcement-of-Quality-Control-Order-for-Indian-Standards-IS-4454-Part-4-IS-11946-IS-11947.pdf | https://bis.gov.in/wp-content/uploads/2021/12/Extension-order-in-the-date-of-enforcement-of-Quality-Control-Order-for-Indian-Standards-IS-1110-1990-and-IS-4409-1973.pdf | https://bis.gov.in/wp-content/uploads/2021/12/Extension-order-IS-14331.pdf | https://bis.gov.in/wp-content/uploads/2021/12/Extension-order-IS-13387.pdf | https://bis.gov.in/wp-content/uploads/2022/05/QCO-Extension-Order-26042022.pdf | https://bis.gov.in/wp-content/uploads/2022/11/Ministry-of-Steel-Order-for-extension-of-date-of-implementation-IS-1110-IS-4409.pdf | https://bis.gov.in/wp-content/uploads/2023/02/Extension-oreder-of-IS-4409.pdf | https://bis.gov.in/wp-content/uploads/2023/07/Extension-order-IS-4409-dt-25-07-2023.pdf | https://bis.gov.in/wp-content/uploads/2024/02/Steel-Steel-Product-QCO-2024.pdf | https://bis.gov.in/wp-content/uploads/2024/05/Ferrocnickel-Extension-Quality-Control-Order-2024.pdf | https://bis.gov.in/wp-content/uploads/2024/08/IS-4409-2023-Specification-for-Ferronickel.pdf | https://bis.gov.in/wp-content/uploads/2024/09/Steel-and-Steel-Products-QCO-2024.pdf | https://www.bis.gov.in/wp-content/uploads/2025/11/Steel-and-Steel-Products-Quality-Control-Amendment-Order-2025.pdf | https://www.bis.gov.in/wp-content/uploads/2026/06/Steel-and-Steel-Products-Quality-Control-Amendment-Order-2026-1.pdf,2026-09-03
Hot Rolled bars for production of bright bars and machined parts for engineering applications.,Steel and Iron Products,Scheme I (ISI Mark),IS 7283:1992,,S.O. 756(E),,14-02-2020,,,https://bis.gov.in/wp-content/uploads/2020/03/Steel-QCO-14022020-1.pdf | https://bis.gov.in/wp-content/uploads/2020/06/Steel-QCO-2020-dated-27th-May-2020.pdf | https://bis.gov.in/wp-content/uploads/2020/07/Steel-QCO-dated-17-July-2020-with-corrigendum.pdf | https://bis.gov.in/wp-content/uploads/2020/07/Steel-QCO-extension-order.pdf | https://bis.gov.in/wp-content/uploads/2020/10/Order-of-Extension-in-the-date-of-enforcement-of-Quality-Control-Order.pdf | https://bis.gov.in/wp-content/uploads/2020/11/QCO-on-144-Steel-Steel-Products-1.pdf | https://bis.gov.in/wp-content/uploads/2021/01/145-QCO-Order.pdf | https://bis.gov.in/wp-content/uploads/2021/04/Order-of-extension-in-the-enforcement-date-for-Indian-Standards-covered-under-the-Quality-Control-Order-namely-IS-3748-IS-7291-and-IS-12146.pdf | https://bis.gov.in/wp-content/uploads/2021/04/Order-of-extension-in-the-enforcement-date-for-some-Indian-Standards-covered-under-the-Quality-Control-Order-namely-IS-4398-and-IS-3195.pdf | https://bis.gov.in/wp-content/uploads/2021/04/ORDERO1.pdf | https://bis.gov.in/wp-content/uploads/2021/06/Order-for-extension-in-date-of-enforcement-for-IS-1110-and-IS-4409.pdf | https://bis.gov.in/wp-content/uploads/2021/06/Order-of-Extension-in-date-of-enforcement-of-IS-4432-IS-5518-IS-12145-IS-13387-IS-4072-IS-13352-covered-under-Qulaity-Control-Order.pdf | https://bis.gov.in/wp-content/uploads/2021/06/Order-of-Extension-in-date-of-enforcement-of-IS-7226-and-IS-14331-covered-under-Qulaity-Control-Order.pdf | https://bis.gov.in/wp-content/uploads/2021/06/Order-of-Extension-in-date-of-enforcement-of-IS-6529-covered-under-Qulaity-Control-Order.pdf | https://bis.gov.in/wp-content/uploads/2021/06/Order-of-extension-in-the-enforcement-date-of-Quality-Control-Order-for-Tin-Plate-and-Tin-Free-Steel.pdf | https://bis.gov.in/wp-content/uploads/2021/08/Extension-in-the-date-of-enforcement-of-Quality-Control-Order-on-IS-3748-IS-7291-and-IS-12146.pdf | https://bis.gov.in/wp-content/uploads/2021/09/Order-of-extension-in-the-date-of-enforcement-of-Quality-Control-Order-for-Indian-Standards-IS-4454-Part-4-IS-11946-IS-11947.pdf | https://bis.gov.in/wp-content/uploads/2021/12/Extension-order-in-the-date-of-enforcement-of-Quality-Control-Order-for-Indian-Standards-IS-1110-1990-and-IS-4409-1973.pdf | https://bis.gov.in/wp-content/uploads/2021/12/Extension-order-IS-14331.pdf | https://bis.gov.in/wp-content/uploads/2021/12/Extension-order-IS-13387.pdf | https://bis.gov.in/wp-content/uploads/2022/05/QCO-Extension-Order-26042022.pdf | https://bis.gov.in/wp-content/uploads/2022/11/Ministry-of-Steel-Order-for-extension-of-date-of-implementation-IS-1110-IS-4409.pdf | https://bis.gov.in/wp-content/uploads/2023/02/Extension-oreder-of-IS-4409.pdf | https://bis.gov.in/wp-content/uploads/2023/07/Extension-order-IS-4409-dt-25-07-2023.pdf | https://bis.gov.in/wp-content/uploads/2024/02/Steel-Steel-Product-QCO-2024.pdf | https://bis.gov.in/wp-content/uploads/2024/05/Ferrocnickel-Extension-Quality-Control-Order-2024.pdf | https://bis.gov.in/wp-content/uploads/2024/08/IS-4409-2023-Specification-for-Ferronickel.pdf | https://bis.gov.in/wp-content/uploads/2024/09/Steel-and-Steel-Products-QCO-2024.pdf | https://www.bis.gov.in/wp-content/uploads/2025/11/Steel-and-Steel-Products-Quality-Control-Amendment-Order-2025.pdf | https://www.bis.gov.in/wp-content/uploads/2026/06/Steel-and-Steel-Products-Quality-Control-Amendment-Order-2026-1.pdf,2026-09-03
Mild steel wire rods for general engineering purposes.,Steel and Iron Products,Scheme I (ISI Mark),IS 7887:1992,,S.O. 756(E),,14-02-2020,,,https://bis.gov.in/wp-content/uploads/2020/03/Steel-QCO-14022020-1.pdf | https://bis.gov.in/wp-content/uploads/2020/06/Steel-QCO-2020-dated-27th-May-2020.pdf | https://bis.gov.in/wp-content/uploads/2020/07/Steel-QCO-dated-17-July-2020-with-corrigendum.pdf | https://bis.gov.in/wp-content/uploads/2020/07/Steel-QCO-extension-order.pdf | https://bis.gov.in/wp-content/uploads/2020/10/Order-of-Extension-in-the-date-of-enforcement-of-Quality-Control-Order.pdf | https://bis.gov.in/wp-content/uploads/2020/11/QCO-on-144-Steel-Steel-Products-1.pdf | https://bis.gov.in/wp-content/uploads/2021/01/145-QCO-Order.pdf | https://bis.gov.in/wp-content/uploads/2021/04/Order-of-extension-in-the-enforcement-date-for-Indian-Standards-covered-under-the-Quality-Control-Order-namely-IS-3748-IS-7291-and-IS-12146.pdf | https://bis.gov.in/wp-content/uploads/2021/04/Order-of-extension-in-the-enforcement-date-for-some-Indian-Standards-covered-under-the-Quality-Control-Order-namely-IS-4398-and-IS-3195.pdf | https://bis.gov.in/wp-content/uploads/2021/04/ORDERO1.pdf | https://bis.gov.in/wp-content/uploads/2021/06/Order-for-extension-in-date-of-enforcement-for-IS-1110-and-IS-4409.pdf | https://bis.gov.in/wp-content/uploads/2021/06/Order-of-Extension-in-date-of-enforcement-of-IS-4432-IS-5518-IS-12145-IS-13387-IS-4072-IS-13352-covered-under-Qulaity-Control-Order.pdf | https://bis.gov.in/wp-content/uploads/2021/06/Order-of-Extension-in-date-of-enforcement-of-IS-7226-and-IS-14331-covered-under-Qulaity-Control-Order.pdf | https://bis.gov.in/wp-content/uploads/2021/06/Order-of-Extension-in-date-of-enforcement-of-IS-6529-covered-under-Qulaity-Control-Order.pdf | https://bis.gov.in/wp-content/uploads/2021/06/Order-of-extension-in-the-enforcement-date-of-Quality-Control-Order-for-Tin-Plate-and-Tin-Free-Steel.pdf | https://bis.gov.in/wp-content/uploads/2021/08/Extension-in-the-date-of-enforcement-of-Quality-Control-Order-on-IS-3748-IS-7291-and-IS-12146.pdf | https://bis.gov.in/wp-content/uploads/2021/09/Order-of-extension-in-the-date-of-enforcement-of-Quality-Control-Order-for-Indian-Standards-IS-4454-Part-4-IS-11946-IS-11947.pdf | https://bis.gov.in/wp-content/uploads/2021/12/Extension-order-in-the-date-of-enforcement-of-Quality-Control-Order-for-Indian-Standards-IS-1110-1990-and-IS-4409-1973.pdf | https://bis.gov.in/wp-content/uploads/2021/12/Extension-order-IS-14331.pdf | https://bis.gov.in/wp-content/uploads/2021/12/Extension-order-IS-13387.pdf | https://bis.gov.in/wp-content/uploads/2022/05/QCO-Extension-Order-26042022.pdf | https://bis.gov.in/wp-content/uploads/2022/11/Ministry-of-Steel-Order-for-extension-of-date-of-implementation-IS-1110-IS-4409.pdf | https://bis.gov.in/wp-content/uploads/2023/02/Extension-oreder-of-IS-4409.pdf | https://bis.gov.in/wp-content/uploads/2023/07/Extension-order-IS-4409-dt-25-07-2023.pdf | https://bis.gov.in/wp-content/uploads/2024/02/Steel-Steel-Product-QCO-2024.pdf | https://bis.gov.in/wp-content/uploads/2024/05/Ferrocnickel-Extension-Quality-Control-Order-2024.pdf | https://bis.gov.in/wp-content/uploads/2024/08/IS-4409-2023-Specification-for-Ferronickel.pdf | https://bis.gov.in/wp-content/uploads/2024/09/Steel-and-Steel-Products-QCO-2024.pdf | https://www.bis.gov.in/wp-content/uploads/2025/11/Steel-and-Steel-Products-Quality-Control-Amendment-Order-2025.pdf | https://www.bis.gov.in/wp-content/uploads/2026/06/Steel-and-Steel-Products-Quality-Control-Amendment-Order-2026-1.pdf,2026-09-03
Hot Rolled Steel Strip for Welded Tubes and Pipes.,Steel and Iron Products,Scheme I (ISI Mark),IS 10748:2004,,S.O. 756(E),,14-02-2020,,,https://bis.gov.in/wp-content/uploads/2020/03/Steel-QCO-14022020-1.pdf | https://bis.gov.in/wp-content/uploads/2020/06/Steel-QCO-2020-dated-27th-May-2020.pdf | https://bis.gov.in/wp-content/uploads/2020/07/Steel-QCO-dated-17-July-2020-with-corrigendum.pdf | https://bis.gov.in/wp-content/uploads/2020/07/Steel-QCO-extension-order.pdf | https://bis.gov.in/wp-content/uploads/2020/10/Order-of-Extension-in-the-date-of-enforcement-of-Quality-Control-Order.pdf | https://bis.gov.in/wp-content/uploads/2020/11/QCO-on-144-Steel-Steel-Products-1.pdf | https://bis.gov.in/wp-content/uploads/2021/01/145-QCO-Order.pdf | https://bis.gov.in/wp-content/uploads/2021/04/Order-of-extension-in-the-enforcement-date-for-Indian-Standards-covered-under-the-Quality-Control-Order-namely-IS-3748-IS-7291-and-IS-12146.pdf | https://bis.gov.in/wp-content/uploads/2021/04/Order-of-extension-in-the-enforcement-date-for-some-Indian-Standards-covered-under-the-Quality-Control-Order-namely-IS-4398-and-IS-3195.pdf | https://bis.gov.in/wp-content/uploads/2021/04/ORDERO1.pdf | https://bis.gov.in/wp-content/uploads/2021/06/Order-for-extension-in-date-of-enforcement-for-IS-1110-and-IS-4409.pdf | https://bis.gov.in/wp-content/uploads/2021/06/Order-of-Extension-in-date-of-enforcement-of-IS-4432-IS-5518-IS-12145-IS-13387-IS-4072-IS-13352-covered-under-Qulaity-Control-Order.pdf | https://bis.gov.in/wp-content/uploads/2021/06/Order-of-Extension-in-date-of-enforcement-of-IS-7226-and-IS-14331-covered-under-Qulaity-Control-Order.pdf | https://bis.gov.in/wp-content/uploads/2021/06/Order-of-Extension-in-date-of-enforcement-of-IS-6529-covered-under-Qulaity-Control-Order.pdf | https://bis.gov.in/wp-content/uploads/2021/06/Order-of-extension-in-the-enforcement-date-of-Quality-Control-Order-for-Tin-Plate-and-Tin-Free-Steel.pdf | https://bis.gov.in/wp-content/uploads/2021/08/Extension-in-the-date-of-enforcement-of-Quality-Control-Order-on-IS-3748-IS-7291-and-IS-12146.pdf | https://bis.gov.in/wp-content/uploads/2021/09/Order-of-extension-in-the-date-of-enforcement-of-Quality-Control-Order-for-Indian-Standards-IS-4454-Part-4-IS-11946-IS-11947.pdf | https://bis.gov.in/wp-content/uploads/2021/12/Extension-order-in-the-date-of-enforcement-of-Quality-Control-Order-for-Indian-Standards-IS-1110-1990-and-IS-4409-1973.pdf | https://bis.gov.in/wp-content/uploads/2021/12/Extension-order-IS-14331.pdf | https://bis.gov.in/wp-content/uploads/2021/12/Extension-order-IS-13387.pdf | https://bis.gov.in/wp-content/uploads/2022/05/QCO-Extension-Order-26042022.pdf | https://bis.gov.in/wp-content/uploads/2022/11/Ministry-of-Steel-Order-for-extension-of-date-of-implementation-IS-1110-IS-4409.pdf | https://bis.gov.in/wp-content/uploads/2023/02/Extension-oreder-of-IS-4409.pdf | https://bis.gov.in/wp-content/uploads/2023/07/Extension-order-IS-4409-dt-25-07-2023.pdf | https://bis.gov.in/wp-content/uploads/2024/02/Steel-Steel-Product-QCO-2024.pdf | https://bis.gov.in/wp-content/uploads/2024/05/Ferrocnickel-Extension-Quality-Control-Order-2024.pdf | https://bis.gov.in/wp-content/uploads/2024/08/IS-4409-2023-Specification-for-Ferronickel.pdf | https://bis.gov.in/wp-content/uploads/2024/09/Steel-and-Steel-Products-QCO-2024.pdf | https://www.bis.gov.in/wp-content/uploads/2025/11/Steel-and-Steel-Products-Quality-Control-Amendment-Order-2025.pdf | https://www.bis.gov.in/wp-content/uploads/2026/06/Steel-and-Steel-Products-Quality-Control-Amendment-Order-2026-1.pdf,2026-09-03
Hot Rolled Carbon Steel Strip for Cold Rolling Purposes — Specification,Steel and Iron Products,Scheme I (ISI Mark),IS 11513:2017,,S.O. 756(E),,14-02-2020,,,https://bis.gov.in/wp-content/uploads/2020/03/Steel-QCO-14022020-1.pdf | https://bis.gov.in/wp-content/uploads/2020/06/Steel-QCO-2020-dated-27th-May-2020.pdf | https://bis.gov.in/wp-content/uploads/2020/07/Steel-QCO-dated-17-July-2020-with-corrigendum.pdf | https://bis.gov.in/wp-content/uploads/2020/07/Steel-QCO-extension-order.pdf | https://bis.gov.in/wp-content/uploads/2020/10/Order-of-Extension-in-the-date-of-enforcement-of-Quality-Control-Order.pdf | https://bis.gov.in/wp-content/uploads/2020/11/QCO-on-144-Steel-Steel-Products-1.pdf | https://bis.gov.in/wp-content/uploads/2021/01/145-QCO-Order.pdf | https://bis.gov.in/wp-content/uploads/2021/04/Order-of-extension-in-the-enforcement-date-for-Indian-Standards-covered-under-the-Quality-Control-Order-namely-IS-3748-IS-7291-and-IS-12146.pdf | https://bis.gov.in/wp-content/uploads/2021/04/Order-of-extension-in-the-enforcement-date-for-some-Indian-Standards-covered-under-the-Quality-Control-Order-namely-IS-4398-and-IS-3195.pdf | https://bis.gov.in/wp-content/uploads/2021/04/ORDERO1.pdf | https://bis.gov.in/wp-content/uploads/2021/06/Order-for-extension-in-date-of-enforcement-for-IS-1110-and-IS-4409.pdf | https://bis.gov.in/wp-content/uploads/2021/06/Order-of-Extension-in-date-of-enforcement-of-IS-4432-IS-5518-IS-12145-IS-13387-IS-4072-IS-13352-covered-under-Qulaity-Control-Order.pdf | https://bis.gov.in/wp-content/uploads/2021/06/Order-of-Extension-in-date-of-enforcement-of-IS-7226-and-IS-14331-covered-under-Qulaity-Control-Order.pdf | https://bis.gov.in/wp-content/uploads/2021/06/Order-of-Extension-in-date-of-enforcement-of-IS-6529-covered-under-Qulaity-Control-Order.pdf | https://bis.gov.in/wp-content/uploads/2021/06/Order-of-extension-in-the-enforcement-date-of-Quality-Control-Order-for-Tin-Plate-and-Tin-Free-Steel.pdf | https://bis.gov.in/wp-content/uploads/2021/08/Extension-in-the-date-of-enforcement-of-Quality-Control-Order-on-IS-3748-IS-7291-and-IS-12146.pdf | https://bis.gov.in/wp-content/uploads/2021/09/Order-of-extension-in-the-date-of-enforcement-of-Quality-Control-Order-for-Indian-Standards-IS-4454-Part-4-IS-11946-IS-11947.pdf | https://bis.gov.in/wp-content/uploads/2021/12/Extension-order-in-the-date-of-enforcement-of-Quality-Control-Order-for-Indian-Standards-IS-1110-1990-and-IS-4409-1973.pdf | https://bis.gov.in/wp-content/uploads/2021/12/Extension-order-IS-14331.pdf | https://bis.gov.in/wp-content/uploads/2021/12/Extension-order-IS-13387.pdf | https://bis.gov.in/wp-content/uploads/2022/05/QCO-Extension-Order-26042022.pdf | https://bis.gov.in/wp-content/uploads/2022/11/Ministry-of-Steel-Order-for-extension-of-date-of-implementation-IS-1110-IS-4409.pdf | https://bis.gov.in/wp-content/uploads/2023/02/Extension-oreder-of-IS-4409.pdf | https://bis.gov.in/wp-content/uploads/2023/07/Extension-order-IS-4409-dt-25-07-2023.pdf | https://bis.gov.in/wp-content/uploads/2024/02/Steel-Steel-Product-QCO-2024.pdf | https://bis.gov.in/wp-content/uploads/2024/05/Ferrocnickel-Extension-Quality-Control-Order-2024.pdf | https://bis.gov.in/wp-content/uploads/2024/08/IS-4409-2023-Specification-for-Ferronickel.pdf | https://bis.gov.in/wp-content/uploads/2024/09/Steel-and-Steel-Products-QCO-2024.pdf | https://www.bis.gov.in/wp-content/uploads/2025/11/Steel-and-Steel-Products-Quality-Control-Amendment-Order-2025.pdf | https://www.bis.gov.in/wp-content/uploads/2026/06/Steel-and-Steel-Products-Quality-Control-Amendment-Order-2026-1.pdf,2026-09-03
Hot rolled steel narrow width strip for welded tubes and pipes,Steel and Iron Products,Scheme I (ISI Mark),IS 15647:2006,,S.O. 756(E),,14-02-2020,,,https://bis.gov.in/wp-content/uploads/2020/03/Steel-QCO-14022020-1.pdf | https://bis.gov.in/wp-content/uploads/2020/06/Steel-QCO-2020-dated-27th-May-2020.pdf | https://bis.gov.in/wp-content/uploads/2020/07/Steel-QCO-dated-17-July-2020-with-corrigendum.pdf | https://bis.gov.in/wp-content/uploads/2020/07/Steel-QCO-extension-order.pdf | https://bis.gov.in/wp-content/uploads/2020/10/Order-of-Extension-in-the-date-of-enforcement-of-Quality-Control-Order.pdf | https://bis.gov.in/wp-content/uploads/2020/11/QCO-on-144-Steel-Steel-Products-1.pdf | https://bis.gov.in/wp-content/uploads/2021/01/145-QCO-Order.pdf | https://bis.gov.in/wp-content/uploads/2021/04/Order-of-extension-in-the-enforcement-date-for-Indian-Standards-covered-under-the-Quality-Control-Order-namely-IS-3748-IS-7291-and-IS-12146.pdf | https://bis.gov.in/wp-content/uploads/2021/04/Order-of-extension-in-the-enforcement-date-for-some-Indian-Standards-covered-under-the-Quality-Control-Order-namely-IS-4398-and-IS-3195.pdf | https://bis.gov.in/wp-content/uploads/2021/04/ORDERO1.pdf | https://bis.gov.in/wp-content/uploads/2021/06/Order-for-extension-in-date-of-enforcement-for-IS-1110-and-IS-4409.pdf | https://bis.gov.in/wp-content/uploads/2021/06/Order-of-Extension-in-date-of-enforcement-of-IS-4432-IS-5518-IS-12145-IS-13387-IS-4072-IS-13352-covered-under-Qulaity-Control-Order.pdf | https://bis.gov.in/wp-content/uploads/2021/06/Order-of-Extension-in-date-of-enforcement-of-IS-7226-and-IS-14331-covered-under-Qulaity-Control-Order.pdf | https://bis.gov.in/wp-content/uploads/2021/06/Order-of-Extension-in-date-of-enforcement-of-IS-6529-covered-under-Qulaity-Control-Order.pdf | https://bis.gov.in/wp-content/uploads/2021/06/Order-of-extension-in-the-enforcement-date-of-Quality-Control-Order-for-Tin-Plate-and-Tin-Free-Steel.pdf | https://bis.gov.in/wp-content/uploads/2021/08/Extension-in-the-date-of-enforcement-of-Quality-Control-Order-on-IS-3748-IS-7291-and-IS-12146.pdf | https://bis.gov.in/wp-content/uploads/2021/09/Order-of-extension-in-the-date-of-enforcement-of-Quality-Control-Order-for-Indian-Standards-IS-4454-Part-4-IS-11946-IS-11947.pdf | https://bis.gov.in/wp-content/uploads/2021/12/Extension-order-in-the-date-of-enforcement-of-Quality-Control-Order-for-Indian-Standards-IS-1110-1990-and-IS-4409-1973.pdf | https://bis.gov.in/wp-content/uploads/2021/12/Extension-order-IS-14331.pdf | https://bis.gov.in/wp-content/uploads/2021/12/Extension-order-IS-13387.pdf | https://bis.gov.in/wp-content/uploads/2022/05/QCO-Extension-Order-26042022.pdf | https://bis.gov.in/wp-content/uploads/2022/11/Ministry-of-Steel-Order-for-extension-of-date-of-implementation-IS-1110-IS-4409.pdf | https://bis.gov.in/wp-content/uploads/2023/02/Extension-oreder-of-IS-4409.pdf | https://bis.gov.in/wp-content/uploads/2023/07/Extension-order-IS-4409-dt-25-07-2023.pdf | https://bis.gov.in/wp-content/uploads/2024/02/Steel-Steel-Product-QCO-2024.pdf | https://bis.gov.in/wp-content/uploads/2024/05/Ferrocnickel-Extension-Quality-Control-Order-2024.pdf | https://bis.gov.in/wp-content/uploads/2024/08/IS-4409-2023-Specification-for-Ferronickel.pdf | https://bis.gov.in/wp-content/uploads/2024/09/Steel-and-Steel-Products-QCO-2024.pdf | https://www.bis.gov.in/wp-content/uploads/2025/11/Steel-and-Steel-Products-Quality-Control-Amendment-Order-2025.pdf | https://www.bis.gov.in/wp-content/uploads/2026/06/Steel-and-Steel-Products-Quality-Control-Amendment-Order-2026-1.pdf,2026-09-03
High carbon steel wire rods- Specification,Steel and Iron Products,Scheme I (ISI Mark),IS 7904:2017,,S.O. 756(E),,14-02-2020,,,https://bis.gov.in/wp-content/uploads/2020/03/Steel-QCO-14022020-1.pdf | https://bis.gov.in/wp-content/uploads/2020/06/Steel-QCO-2020-dated-27th-May-2020.pdf | https://bis.gov.in/wp-content/uploads/2020/07/Steel-QCO-dated-17-July-2020-with-corrigendum.pdf | https://bis.gov.in/wp-content/uploads/2020/07/Steel-QCO-extension-order.pdf | https://bis.gov.in/wp-content/uploads/2020/10/Order-of-Extension-in-the-date-of-enforcement-of-Quality-Control-Order.pdf | https://bis.gov.in/wp-content/uploads/2020/11/QCO-on-144-Steel-Steel-Products-1.pdf | https://bis.gov.in/wp-content/uploads/2021/01/145-QCO-Order.pdf | https://bis.gov.in/wp-content/uploads/2021/04/Order-of-extension-in-the-enforcement-date-for-Indian-Standards-covered-under-the-Quality-Control-Order-namely-IS-3748-IS-7291-and-IS-12146.pdf | https://bis.gov.in/wp-content/uploads/2021/04/Order-of-extension-in-the-enforcement-date-for-some-Indian-Standards-covered-under-the-Quality-Control-Order-namely-IS-4398-and-IS-3195.pdf | https://bis.gov.in/wp-content/uploads/2021/04/ORDERO1.pdf | https://bis.gov.in/wp-content/uploads/2021/06/Order-for-extension-in-date-of-enforcement-for-IS-1110-and-IS-4409.pdf | https://bis.gov.in/wp-content/uploads/2021/06/Order-of-Extension-in-date-of-enforcement-of-IS-4432-IS-5518-IS-12145-IS-13387-IS-4072-IS-13352-covered-under-Qulaity-Control-Order.pdf | https://bis.gov.in/wp-content/uploads/2021/06/Order-of-Extension-in-date-of-enforcement-of-IS-7226-and-IS-14331-covered-under-Qulaity-Control-Order.pdf | https://bis.gov.in/wp-content/uploads/2021/06/Order-of-Extension-in-date-of-enforcement-of-IS-6529-covered-under-Qulaity-Control-Order.pdf | https://bis.gov.in/wp-content/uploads/2021/06/Order-of-extension-in-the-enforcement-date-of-Quality-Control-Order-for-Tin-Plate-and-Tin-Free-Steel.pdf | https://bis.gov.in/wp-content/uploads/2021/08/Extension-in-the-date-of-enforcement-of-Quality-Control-Order-on-IS-3748-IS-7291-and-IS-12146.pdf | https://bis.gov.in/wp-content/uploads/2021/09/Order-of-extension-in-the-date-of-enforcement-of-Quality-Control-Order-for-Indian-Standards-IS-4454-Part-4-IS-11946-IS-11947.pdf | https://bis.gov.in/wp-content/uploads/2021/12/Extension-order-in-the-date-of-enforcement-of-Quality-Control-Order-for-Indian-Standards-IS-1110-1990-and-IS-4409-1973.pdf | https://bis.gov.in/wp-content/uploads/2021/12/Extension-order-IS-14331.pdf | https://bis.gov.in/wp-content/uploads/2021/12/Extension-order-IS-13387.pdf | https://bis.gov.in/wp-content/uploads/2022/05/QCO-Extension-Order-26042022.pdf | https://bis.gov.in/wp-content/uploads/2022/11/Ministry-of-Steel-Order-for-extension-of-date-of-implementation-IS-1110-IS-4409.pdf | https://bis.gov.in/wp-content/uploads/2023/02/Extension-oreder-of-IS-4409.pdf | https://bis.gov.in/wp-content/uploads/2023/07/Extension-order-IS-4409-dt-25-07-2023.pdf | https://bis.gov.in/wp-content/uploads/2024/02/Steel-Steel-Product-QCO-2024.pdf | https://bis.gov.in/wp-content/uploads/2024/05/Ferrocnickel-Extension-Quality-Control-Order-2024.pdf | https://bis.gov.in/wp-content/uploads/2024/08/IS-4409-2023-Specification-for-Ferronickel.pdf | https://bis.gov.in/wp-content/uploads/2024/09/Steel-and-Steel-Products-QCO-2024.pdf | https://www.bis.gov.in/wp-content/uploads/2025/11/Steel-and-Steel-Products-Quality-Control-Amendment-Order-2025.pdf | https://www.bis.gov.in/wp-content/uploads/2026/06/Steel-and-Steel-Products-Quality-Control-Amendment-Order-2026-1.pdf,2026-09-03
Continuously pre-painted galvanized steel sheets and coils,Steel and Iron Products,Scheme I (ISI Mark),IS 14246:2013,,S.O. 756(E),,14-02-2020,,,https://bis.gov.in/wp-content/uploads/2020/03/Steel-QCO-14022020-1.pdf | https://bis.gov.in/wp-content/uploads/2020/06/Steel-QCO-2020-dated-27th-May-2020.pdf | https://bis.gov.in/wp-content/uploads/2020/07/Steel-QCO-dated-17-July-2020-with-corrigendum.pdf | https://bis.gov.in/wp-content/uploads/2020/07/Steel-QCO-extension-order.pdf | https://bis.gov.in/wp-content/uploads/2020/10/Order-of-Extension-in-the-date-of-enforcement-of-Quality-Control-Order.pdf | https://bis.gov.in/wp-content/uploads/2020/11/QCO-on-144-Steel-Steel-Products-1.pdf | https://bis.gov.in/wp-content/uploads/2021/01/145-QCO-Order.pdf | https://bis.gov.in/wp-content/uploads/2021/04/Order-of-extension-in-the-enforcement-date-for-Indian-Standards-covered-under-the-Quality-Control-Order-namely-IS-3748-IS-7291-and-IS-12146.pdf | https://bis.gov.in/wp-content/uploads/2021/04/Order-of-extension-in-the-enforcement-date-for-some-Indian-Standards-covered-under-the-Quality-Control-Order-namely-IS-4398-and-IS-3195.pdf | https://bis.gov.in/wp-content/uploads/2021/04/ORDERO1.pdf | https://bis.gov.in/wp-content/uploads/2021/06/Order-for-extension-in-date-of-enforcement-for-IS-1110-and-IS-4409.pdf | https://bis.gov.in/wp-content/uploads/2021/06/Order-of-Extension-in-date-of-enforcement-of-IS-4432-IS-5518-IS-12145-IS-13387-IS-4072-IS-13352-covered-under-Qulaity-Control-Order.pdf | https://bis.gov.in/wp-content/uploads/2021/06/Order-of-Extension-in-date-of-enforcement-of-IS-7226-and-IS-14331-covered-under-Qulaity-Control-Order.pdf | https://bis.gov.in/wp-content/uploads/2021/06/Order-of-Extension-in-date-of-enforcement-of-IS-6529-covered-under-Qulaity-Control-Order.pdf | https://bis.gov.in/wp-content/uploads/2021/06/Order-of-extension-in-the-enforcement-date-of-Quality-Control-Order-for-Tin-Plate-and-Tin-Free-Steel.pdf | https://bis.gov.in/wp-content/uploads/2021/08/Extension-in-the-date-of-enforcement-of-Quality-Control-Order-on-IS-3748-IS-7291-and-IS-12146.pdf | https://bis.gov.in/wp-content/uploads/2021/09/Order-of-extension-in-the-date-of-enforcement-of-Quality-Control-Order-for-Indian-Standards-IS-4454-Part-4-IS-11946-IS-11947.pdf | https://bis.gov.in/wp-content/uploads/2021/12/Extension-order-in-the-date-of-enforcement-of-Quality-Control-Order-for-Indian-Standards-IS-1110-1990-and-IS-4409-1973.pdf | https://bis.gov.in/wp-content/uploads/2021/12/Extension-order-IS-14331.pdf | https://bis.gov.in/wp-content/uploads/2021/12/Extension-order-IS-13387.pdf | https://bis.gov.in/wp-content/uploads/2022/05/QCO-Extension-Order-26042022.pdf | https://bis.gov.in/wp-content/uploads/2022/11/Ministry-of-Steel-Order-for-extension-of-date-of-implementation-IS-1110-IS-4409.pdf | https://bis.gov.in/wp-content/uploads/2023/02/Extension-oreder-of-IS-4409.pdf | https://bis.gov.in/wp-content/uploads/2023/07/Extension-order-IS-4409-dt-25-07-2023.pdf | https://bis.gov.in/wp-content/uploads/2024/02/Steel-Steel-Product-QCO-2024.pdf | https://bis.gov.in/wp-content/uploads/2024/05/Ferrocnickel-Extension-Quality-Control-Order-2024.pdf | https://bis.gov.in/wp-content/uploads/2024/08/IS-4409-2023-Specification-for-Ferronickel.pdf | https://bis.gov.in/wp-content/uploads/2024/09/Steel-and-Steel-Products-QCO-2024.pdf | https://www.bis.gov.in/wp-content/uploads/2025/11/Steel-and-Steel-Products-Quality-Control-Amendment-Order-2025.pdf | https://www.bis.gov.in/wp-content/uploads/2026/06/Steel-and-Steel-Products-Quality-Control-Amendment-Order-2026-1.pdf,2026-09-03
Pre-painted aluminium zinc alloy metallic coated steel strip and sheet (Plain).,Steel and Iron Products,Scheme I (ISI Mark),IS 15965:2012,,S.O. 756(E),,14-02-2020,,,https://bis.gov.in/wp-content/uploads/2020/03/Steel-QCO-14022020-1.pdf | https://bis.gov.in/wp-content/uploads/2020/06/Steel-QCO-2020-dated-27th-May-2020.pdf | https://bis.gov.in/wp-content/uploads/2020/07/Steel-QCO-dated-17-July-2020-with-corrigendum.pdf | https://bis.gov.in/wp-content/uploads/2020/07/Steel-QCO-extension-order.pdf | https://bis.gov.in/wp-content/uploads/2020/10/Order-of-Extension-in-the-date-of-enforcement-of-Quality-Control-Order.pdf | https://bis.gov.in/wp-content/uploads/2020/11/QCO-on-144-Steel-Steel-Products-1.pdf | https://bis.gov.in/wp-content/uploads/2021/01/145-QCO-Order.pdf | https://bis.gov.in/wp-content/uploads/2021/04/Order-of-extension-in-the-enforcement-date-for-Indian-Standards-covered-under-the-Quality-Control-Order-namely-IS-3748-IS-7291-and-IS-12146.pdf | https://bis.gov.in/wp-content/uploads/2021/04/Order-of-extension-in-the-enforcement-date-for-some-Indian-Standards-covered-under-the-Quality-Control-Order-namely-IS-4398-and-IS-3195.pdf | https://bis.gov.in/wp-content/uploads/2021/04/ORDERO1.pdf | https://bis.gov.in/wp-content/uploads/2021/06/Order-for-extension-in-date-of-enforcement-for-IS-1110-and-IS-4409.pdf | https://bis.gov.in/wp-content/uploads/2021/06/Order-of-Extension-in-date-of-enforcement-of-IS-4432-IS-5518-IS-12145-IS-13387-IS-4072-IS-13352-covered-under-Qulaity-Control-Order.pdf | https://bis.gov.in/wp-content/uploads/2021/06/Order-of-Extension-in-date-of-enforcement-of-IS-7226-and-IS-14331-covered-under-Qulaity-Control-Order.pdf | https://bis.gov.in/wp-content/uploads/2021/06/Order-of-Extension-in-date-of-enforcement-of-IS-6529-covered-under-Qulaity-Control-Order.pdf | https://bis.gov.in/wp-content/uploads/2021/06/Order-of-extension-in-the-enforcement-date-of-Quality-Control-Order-for-Tin-Plate-and-Tin-Free-Steel.pdf | https://bis.gov.in/wp-content/uploads/2021/08/Extension-in-the-date-of-enforcement-of-Quality-Control-Order-on-IS-3748-IS-7291-and-IS-12146.pdf | https://bis.gov.in/wp-content/uploads/2021/09/Order-of-extension-in-the-date-of-enforcement-of-Quality-Control-Order-for-Indian-Standards-IS-4454-Part-4-IS-11946-IS-11947.pdf | https://bis.gov.in/wp-content/uploads/2021/12/Extension-order-in-the-date-of-enforcement-of-Quality-Control-Order-for-Indian-Standards-IS-1110-1990-and-IS-4409-1973.pdf | https://bis.gov.in/wp-content/uploads/2021/12/Extension-order-IS-14331.pdf | https://bis.gov.in/wp-content/uploads/2021/12/Extension-order-IS-13387.pdf | https://bis.gov.in/wp-content/uploads/2022/05/QCO-Extension-Order-26042022.pdf | https://bis.gov.in/wp-content/uploads/2022/11/Ministry-of-Steel-Order-for-extension-of-date-of-implementation-IS-1110-IS-4409.pdf | https://bis.gov.in/wp-content/uploads/2023/02/Extension-oreder-of-IS-4409.pdf | https://bis.gov.in/wp-content/uploads/2023/07/Extension-order-IS-4409-dt-25-07-2023.pdf | https://bis.gov.in/wp-content/uploads/2024/02/Steel-Steel-Product-QCO-2024.pdf | https://bis.gov.in/wp-content/uploads/2024/05/Ferrocnickel-Extension-Quality-Control-Order-2024.pdf | https://bis.gov.in/wp-content/uploads/2024/08/IS-4409-2023-Specification-for-Ferronickel.pdf | https://bis.gov.in/wp-content/uploads/2024/09/Steel-and-Steel-Products-QCO-2024.pdf | https://www.bis.gov.in/wp-content/uploads/2025/11/Steel-and-Steel-Products-Quality-Control-Amendment-Order-2025.pdf | https://www.bis.gov.in/wp-content/uploads/2026/06/Steel-and-Steel-Products-Quality-Control-Amendment-Order-2026-1.pdf,2026-09-03
Mild steel wire for General Engineering purposes.,Steel and Iron Products,Scheme I (ISI Mark),IS 280: 2006,,S.O. 756(E),,14-02-2020,,,https://bis.gov.in/wp-content/uploads/2020/03/Steel-QCO-14022020-1.pdf | https://bis.gov.in/wp-content/uploads/2020/06/Steel-QCO-2020-dated-27th-May-2020.pdf | https://bis.gov.in/wp-content/uploads/2020/07/Steel-QCO-dated-17-July-2020-with-corrigendum.pdf | https://bis.gov.in/wp-content/uploads/2020/07/Steel-QCO-extension-order.pdf | https://bis.gov.in/wp-content/uploads/2020/10/Order-of-Extension-in-the-date-of-enforcement-of-Quality-Control-Order.pdf | https://bis.gov.in/wp-content/uploads/2020/11/QCO-on-144-Steel-Steel-Products-1.pdf | https://bis.gov.in/wp-content/uploads/2021/01/145-QCO-Order.pdf | https://bis.gov.in/wp-content/uploads/2021/04/Order-of-extension-in-the-enforcement-date-for-Indian-Standards-covered-under-the-Quality-Control-Order-namely-IS-3748-IS-7291-and-IS-12146.pdf | https://bis.gov.in/wp-content/uploads/2021/04/Order-of-extension-in-the-enforcement-date-for-some-Indian-Standards-covered-under-the-Quality-Control-Order-namely-IS-4398-and-IS-3195.pdf | https://bis.gov.in/wp-content/uploads/2021/04/ORDERO1.pdf | https://bis.gov.in/wp-content/uploads/2021/06/Order-for-extension-in-date-of-enforcement-for-IS-1110-and-IS-4409.pdf | https://bis.gov.in/wp-content/uploads/2021/06/Order-of-Extension-in-date-of-enforcement-of-IS-4432-IS-5518-IS-12145-IS-13387-IS-4072-IS-13352-covered-under-Qulaity-Control-Order.pdf | https://bis.gov.in/wp-content/uploads/2021/06/Order-of-Extension-in-date-of-enforcement-of-IS-7226-and-IS-14331-covered-under-Qulaity-Control-Order.pdf | https://bis.gov.in/wp-content/uploads/2021/06/Order-of-Extension-in-date-of-enforcement-of-IS-6529-covered-under-Qulaity-Control-Order.pdf | https://bis.gov.in/wp-content/uploads/2021/06/Order-of-extension-in-the-enforcement-date-of-Quality-Control-Order-for-Tin-Plate-and-Tin-Free-Steel.pdf | https://bis.gov.in/wp-content/uploads/2021/08/Extension-in-the-date-of-enforcement-of-Quality-Control-Order-on-IS-3748-IS-7291-and-IS-12146.pdf | https://bis.gov.in/wp-content/uploads/2021/09/Order-of-extension-in-the-date-of-enforcement-of-Quality-Control-Order-for-Indian-Standards-IS-4454-Part-4-IS-11946-IS-11947.pdf | https://bis.gov.in/wp-content/uploads/2021/12/Extension-order-in-the-date-of-enforcement-of-Quality-Control-Order-for-Indian-Standards-IS-1110-1990-and-IS-4409-1973.pdf | https://bis.gov.in/wp-content/uploads/2021/12/Extension-order-IS-14331.pdf | https://bis.gov.in/wp-content/uploads/2021/12/Extension-order-IS-13387.pdf | https://bis.gov.in/wp-content/uploads/2022/05/QCO-Extension-Order-26042022.pdf | https://bis.gov.in/wp-content/uploads/2022/11/Ministry-of-Steel-Order-for-extension-of-date-of-implementation-IS-1110-IS-4409.pdf | https://bis.gov.in/wp-content/uploads/2023/02/Extension-oreder-of-IS-4409.pdf | https://bis.gov.in/wp-content/uploads/2023/07/Extension-order-IS-4409-dt-25-07-2023.pdf | https://bis.gov.in/wp-content/uploads/2024/02/Steel-Steel-Product-QCO-2024.pdf | https://bis.gov.in/wp-content/uploads/2024/05/Ferrocnickel-Extension-Quality-Control-Order-2024.pdf | https://bis.gov.in/wp-content/uploads/2024/08/IS-4409-2023-Specification-for-Ferronickel.pdf | https://bis.gov.in/wp-content/uploads/2024/09/Steel-and-Steel-Products-QCO-2024.pdf | https://www.bis.gov.in/wp-content/uploads/2025/11/Steel-and-Steel-Products-Quality-Control-Amendment-Order-2025.pdf | https://www.bis.gov.in/wp-content/uploads/2026/06/Steel-and-Steel-Products-Quality-Control-Amendment-Order-2026-1.pdf,2026-09-03
Round Steel wire for ropes,Steel and Iron Products,Scheme I (ISI Mark),IS 1835:1976,,S.O. 756(E),,14-02-2020,,,https://bis.gov.in/wp-content/uploads/2020/03/Steel-QCO-14022020-1.pdf | https://bis.gov.in/wp-content/uploads/2020/06/Steel-QCO-2020-dated-27th-May-2020.pdf | https://bis.gov.in/wp-content/uploads/2020/07/Steel-QCO-dated-17-July-2020-with-corrigendum.pdf | https://bis.gov.in/wp-content/uploads/2020/07/Steel-QCO-extension-order.pdf | https://bis.gov.in/wp-content/uploads/2020/10/Order-of-Extension-in-the-date-of-enforcement-of-Quality-Control-Order.pdf | https://bis.gov.in/wp-content/uploads/2020/11/QCO-on-144-Steel-Steel-Products-1.pdf | https://bis.gov.in/wp-content/uploads/2021/01/145-QCO-Order.pdf | https://bis.gov.in/wp-content/uploads/2021/04/Order-of-extension-in-the-enforcement-date-for-Indian-Standards-covered-under-the-Quality-Control-Order-namely-IS-3748-IS-7291-and-IS-12146.pdf | https://bis.gov.in/wp-content/uploads/2021/04/Order-of-extension-in-the-enforcement-date-for-some-Indian-Standards-covered-under-the-Quality-Control-Order-namely-IS-4398-and-IS-3195.pdf | https://bis.gov.in/wp-content/uploads/2021/04/ORDERO1.pdf | https://bis.gov.in/wp-content/uploads/2021/06/Order-for-extension-in-date-of-enforcement-for-IS-1110-and-IS-4409.pdf | https://bis.gov.in/wp-content/uploads/2021/06/Order-of-Extension-in-date-of-enforcement-of-IS-4432-IS-5518-IS-12145-IS-13387-IS-4072-IS-13352-covered-under-Qulaity-Control-Order.pdf | https://bis.gov.in/wp-content/uploads/2021/06/Order-of-Extension-in-date-of-enforcement-of-IS-7226-and-IS-14331-covered-under-Qulaity-Control-Order.pdf | https://bis.gov.in/wp-content/uploads/2021/06/Order-of-Extension-in-date-of-enforcement-of-IS-6529-covered-under-Qulaity-Control-Order.pdf | https://bis.gov.in/wp-content/uploads/2021/06/Order-of-extension-in-the-enforcement-date-of-Quality-Control-Order-for-Tin-Plate-and-Tin-Free-Steel.pdf | https://bis.gov.in/wp-content/uploads/2021/08/Extension-in-the-date-of-enforcement-of-Quality-Control-Order-on-IS-3748-IS-7291-and-IS-12146.pdf | https://bis.gov.in/wp-content/uploads/2021/09/Order-of-extension-in-the-date-of-enforcement-of-Quality-Control-Order-for-Indian-Standards-IS-4454-Part-4-IS-11946-IS-11947.pdf | https://bis.gov.in/wp-content/uploads/2021/12/Extension-order-in-the-date-of-enforcement-of-Quality-Control-Order-for-Indian-Standards-IS-1110-1990-and-IS-4409-1973.pdf | https://bis.gov.in/wp-content/uploads/2021/12/Extension-order-IS-14331.pdf | https://bis.gov.in/wp-content/uploads/2021/12/Extension-order-IS-13387.pdf | https://bis.gov.in/wp-content/uploads/2022/05/QCO-Extension-Order-26042022.pdf | https://bis.gov.in/wp-content/uploads/2022/11/Ministry-of-Steel-Order-for-extension-of-date-of-implementation-IS-1110-IS-4409.pdf | https://bis.gov.in/wp-content/uploads/2023/02/Extension-oreder-of-IS-4409.pdf | https://bis.gov.in/wp-content/uploads/2023/07/Extension-order-IS-4409-dt-25-07-2023.pdf | https://bis.gov.in/wp-content/uploads/2024/02/Steel-Steel-Product-QCO-2024.pdf | https://bis.gov.in/wp-content/uploads/2024/05/Ferrocnickel-Extension-Quality-Control-Order-2024.pdf | https://bis.gov.in/wp-content/uploads/2024/08/IS-4409-2023-Specification-for-Ferronickel.pdf | https://bis.gov.in/wp-content/uploads/2024/09/Steel-and-Steel-Products-QCO-2024.pdf | https://www.bis.gov.in/wp-content/uploads/2025/11/Steel-and-Steel-Products-Quality-Control-Amendment-Order-2025.pdf | https://www.bis.gov.in/wp-content/uploads/2026/06/Steel-and-Steel-Products-Quality-Control-Amendment-Order-2026-1.pdf,2026-09-03
Low Carbon Galvanized steel wires formed wires and Tapes for armouring of Cables,Steel and Iron Products,Scheme I (ISI Mark),IS 3975:1999,,S.O. 756(E),,14-02-2020,,,https://bis.gov.in/wp-content/uploads/2020/03/Steel-QCO-14022020-1.pdf | https://bis.gov.in/wp-content/uploads/2020/06/Steel-QCO-2020-dated-27th-May-2020.pdf | https://bis.gov.in/wp-content/uploads/2020/07/Steel-QCO-dated-17-July-2020-with-corrigendum.pdf | https://bis.gov.in/wp-content/uploads/2020/07/Steel-QCO-extension-order.pdf | https://bis.gov.in/wp-content/uploads/2020/10/Order-of-Extension-in-the-date-of-enforcement-of-Quality-Control-Order.pdf | https://bis.gov.in/wp-content/uploads/2020/11/QCO-on-144-Steel-Steel-Products-1.pdf | https://bis.gov.in/wp-content/uploads/2021/01/145-QCO-Order.pdf | https://bis.gov.in/wp-content/uploads/2021/04/Order-of-extension-in-the-enforcement-date-for-Indian-Standards-covered-under-the-Quality-Control-Order-namely-IS-3748-IS-7291-and-IS-12146.pdf | https://bis.gov.in/wp-content/uploads/2021/04/Order-of-extension-in-the-enforcement-date-for-some-Indian-Standards-covered-under-the-Quality-Control-Order-namely-IS-4398-and-IS-3195.pdf | https://bis.gov.in/wp-content/uploads/2021/04/ORDERO1.pdf | https://bis.gov.in/wp-content/uploads/2021/06/Order-for-extension-in-date-of-enforcement-for-IS-1110-and-IS-4409.pdf | https://bis.gov.in/wp-content/uploads/2021/06/Order-of-Extension-in-date-of-enforcement-of-IS-4432-IS-5518-IS-12145-IS-13387-IS-4072-IS-13352-covered-under-Qulaity-Control-Order.pdf | https://bis.gov.in/wp-content/uploads/2021/06/Order-of-Extension-in-date-of-enforcement-of-IS-7226-and-IS-14331-covered-under-Qulaity-Control-Order.pdf | https://bis.gov.in/wp-content/uploads/2021/06/Order-of-Extension-in-date-of-enforcement-of-IS-6529-covered-under-Qulaity-Control-Order.pdf | https://bis.gov.in/wp-content/uploads/2021/06/Order-of-extension-in-the-enforcement-date-of-Quality-Control-Order-for-Tin-Plate-and-Tin-Free-Steel.pdf | https://bis.gov.in/wp-content/uploads/2021/08/Extension-in-the-date-of-enforcement-of-Quality-Control-Order-on-IS-3748-IS-7291-and-IS-12146.pdf | https://bis.gov.in/wp-content/uploads/2021/09/Order-of-extension-in-the-date-of-enforcement-of-Quality-Control-Order-for-Indian-Standards-IS-4454-Part-4-IS-11946-IS-11947.pdf | https://bis.gov.in/wp-content/uploads/2021/12/Extension-order-in-the-date-of-enforcement-of-Quality-Control-Order-for-Indian-Standards-IS-1110-1990-and-IS-4409-1973.pdf | https://bis.gov.in/wp-content/uploads/2021/12/Extension-order-IS-14331.pdf | https://bis.gov.in/wp-content/uploads/2021/12/Extension-order-IS-13387.pdf | https://bis.gov.in/wp-content/uploads/2022/05/QCO-Extension-Order-26042022.pdf | https://bis.gov.in/wp-content/uploads/2022/11/Ministry-of-Steel-Order-for-extension-of-date-of-implementation-IS-1110-IS-4409.pdf | https://bis.gov.in/wp-content/uploads/2023/02/Extension-oreder-of-IS-4409.pdf | https://bis.gov.in/wp-content/uploads/2023/07/Extension-order-IS-4409-dt-25-07-2023.pdf | https://bis.gov.in/wp-content/uploads/2024/02/Steel-Steel-Product-QCO-2024.pdf | https://bis.gov.in/wp-content/uploads/2024/05/Ferrocnickel-Extension-Quality-Control-Order-2024.pdf | https://bis.gov.in/wp-content/uploads/2024/08/IS-4409-2023-Specification-for-Ferronickel.pdf | https://bis.gov.in/wp-content/uploads/2024/09/Steel-and-Steel-Products-QCO-2024.pdf | https://www.bis.gov.in/wp-content/uploads/2025/11/Steel-and-Steel-Products-Quality-Control-Amendment-Order-2025.pdf | https://www.bis.gov.in/wp-content/uploads/2026/06/Steel-and-Steel-Products-Quality-Control-Amendment-Order-2026-1.pdf,2026-09-03
"Alloy Steel billets, blooms and slabs for forging for general engineering purposes.",Steel and Iron Products,Scheme I (ISI Mark),IS 4368:1967,,S.O. 756(E),,14-02-2020,,,https://bis.gov.in/wp-content/uploads/2020/03/Steel-QCO-14022020-1.pdf | https://bis.gov.in/wp-content/uploads/2020/06/Steel-QCO-2020-dated-27th-May-2020.pdf | https://bis.gov.in/wp-content/uploads/2020/07/Steel-QCO-dated-17-July-2020-with-corrigendum.pdf | https://bis.gov.in/wp-content/uploads/2020/07/Steel-QCO-extension-order.pdf | https://bis.gov.in/wp-content/uploads/2020/10/Order-of-Extension-in-the-date-of-enforcement-of-Quality-Control-Order.pdf | https://bis.gov.in/wp-content/uploads/2020/11/QCO-on-144-Steel-Steel-Products-1.pdf | https://bis.gov.in/wp-content/uploads/2021/01/145-QCO-Order.pdf | https://bis.gov.in/wp-content/uploads/2021/04/Order-of-extension-in-the-enforcement-date-for-Indian-Standards-covered-under-the-Quality-Control-Order-namely-IS-3748-IS-7291-and-IS-12146.pdf | https://bis.gov.in/wp-content/uploads/2021/04/Order-of-extension-in-the-enforcement-date-for-some-Indian-Standards-covered-under-the-Quality-Control-Order-namely-IS-4398-and-IS-3195.pdf | https://bis.gov.in/wp-content/uploads/2021/04/ORDERO1.pdf | https://bis.gov.in/wp-content/uploads/2021/06/Order-for-extension-in-date-of-enforcement-for-IS-1110-and-IS-4409.pdf | https://bis.gov.in/wp-content/uploads/2021/06/Order-of-Extension-in-date-of-enforcement-of-IS-4432-IS-5518-IS-12145-IS-13387-IS-4072-IS-13352-covered-under-Qulaity-Control-Order.pdf | https://bis.gov.in/wp-content/uploads/2021/06/Order-of-Extension-in-date-of-enforcement-of-IS-7226-and-IS-14331-covered-under-Qulaity-Control-Order.pdf | https://bis.gov.in/wp-content/uploads/2021/06/Order-of-Extension-in-date-of-enforcement-of-IS-6529-covered-under-Qulaity-Control-Order.pdf | https://bis.gov.in/wp-content/uploads/2021/06/Order-of-extension-in-the-enforcement-date-of-Quality-Control-Order-for-Tin-Plate-and-Tin-Free-Steel.pdf | https://bis.gov.in/wp-content/uploads/2021/08/Extension-in-the-date-of-enforcement-of-Quality-Control-Order-on-IS-3748-IS-7291-and-IS-12146.pdf | https://bis.gov.in/wp-content/uploads/2021/09/Order-of-extension-in-the-date-of-enforcement-of-Quality-Control-Order-for-Indian-Standards-IS-4454-Part-4-IS-11946-IS-11947.pdf | https://bis.gov.in/wp-content/uploads/2021/12/Extension-order-in-the-date-of-enforcement-of-Quality-Control-Order-for-Indian-Standards-IS-1110-1990-and-IS-4409-1973.pdf | https://bis.gov.in/wp-content/uploads/2021/12/Extension-order-IS-14331.pdf | https://bis.gov.in/wp-content/uploads/2021/12/Extension-order-IS-13387.pdf | https://bis.gov.in/wp-content/uploads/2022/05/QCO-Extension-Order-26042022.pdf | https://bis.gov.in/wp-content/uploads/2022/11/Ministry-of-Steel-Order-for-extension-of-date-of-implementation-IS-1110-IS-4409.pdf | https://bis.gov.in/wp-content/uploads/2023/02/Extension-oreder-of-IS-4409.pdf | https://bis.gov.in/wp-content/uploads/2023/07/Extension-order-IS-4409-dt-25-07-2023.pdf | https://bis.gov.in/wp-content/uploads/2024/02/Steel-Steel-Product-QCO-2024.pdf | https://bis.gov.in/wp-content/uploads/2024/05/Ferrocnickel-Extension-Quality-Control-Order-2024.pdf | https://bis.gov.in/wp-content/uploads/2024/08/IS-4409-2023-Specification-for-Ferronickel.pdf | https://bis.gov.in/wp-content/uploads/2024/09/Steel-and-Steel-Products-QCO-2024.pdf | https://www.bis.gov.in/wp-content/uploads/2025/11/Steel-and-Steel-Products-Quality-Control-Amendment-Order-2025.pdf | https://www.bis.gov.in/wp-content/uploads/2026/06/Steel-and-Steel-Products-Quality-Control-Amendment-Order-2026-1.pdf,2026-09-03
Steel wire for mechanical springs Part-1 cold drawn unalloyed steel wire.,Steel and Iron Products,Scheme I (ISI Mark),IS 4454 (Part 1) : 2001,,S.O. 756(E),,14-02-2020,,,https://bis.gov.in/wp-content/uploads/2020/03/Steel-QCO-14022020-1.pdf | https://bis.gov.in/wp-content/uploads/2020/06/Steel-QCO-2020-dated-27th-May-2020.pdf | https://bis.gov.in/wp-content/uploads/2020/07/Steel-QCO-dated-17-July-2020-with-corrigendum.pdf | https://bis.gov.in/wp-content/uploads/2020/07/Steel-QCO-extension-order.pdf | https://bis.gov.in/wp-content/uploads/2020/10/Order-of-Extension-in-the-date-of-enforcement-of-Quality-Control-Order.pdf | https://bis.gov.in/wp-content/uploads/2020/11/QCO-on-144-Steel-Steel-Products-1.pdf | https://bis.gov.in/wp-content/uploads/2021/01/145-QCO-Order.pdf | https://bis.gov.in/wp-content/uploads/2021/04/Order-of-extension-in-the-enforcement-date-for-Indian-Standards-covered-under-the-Quality-Control-Order-namely-IS-3748-IS-7291-and-IS-12146.pdf | https://bis.gov.in/wp-content/uploads/2021/04/Order-of-extension-in-the-enforcement-date-for-some-Indian-Standards-covered-under-the-Quality-Control-Order-namely-IS-4398-and-IS-3195.pdf | https://bis.gov.in/wp-content/uploads/2021/04/ORDERO1.pdf | https://bis.gov.in/wp-content/uploads/2021/06/Order-for-extension-in-date-of-enforcement-for-IS-1110-and-IS-4409.pdf | https://bis.gov.in/wp-content/uploads/2021/06/Order-of-Extension-in-date-of-enforcement-of-IS-4432-IS-5518-IS-12145-IS-13387-IS-4072-IS-13352-covered-under-Qulaity-Control-Order.pdf | https://bis.gov.in/wp-content/uploads/2021/06/Order-of-Extension-in-date-of-enforcement-of-IS-7226-and-IS-14331-covered-under-Qulaity-Control-Order.pdf | https://bis.gov.in/wp-content/uploads/2021/06/Order-of-Extension-in-date-of-enforcement-of-IS-6529-covered-under-Qulaity-Control-Order.pdf | https://bis.gov.in/wp-content/uploads/2021/06/Order-of-extension-in-the-enforcement-date-of-Quality-Control-Order-for-Tin-Plate-and-Tin-Free-Steel.pdf | https://bis.gov.in/wp-content/uploads/2021/08/Extension-in-the-date-of-enforcement-of-Quality-Control-Order-on-IS-3748-IS-7291-and-IS-12146.pdf | https://bis.gov.in/wp-content/uploads/2021/09/Order-of-extension-in-the-date-of-enforcement-of-Quality-Control-Order-for-Indian-Standards-IS-4454-Part-4-IS-11946-IS-11947.pdf | https://bis.gov.in/wp-content/uploads/2021/12/Extension-order-in-the-date-of-enforcement-of-Quality-Control-Order-for-Indian-Standards-IS-1110-1990-and-IS-4409-1973.pdf | https://bis.gov.in/wp-content/uploads/2021/12/Extension-order-IS-14331.pdf | https://bis.gov.in/wp-content/uploads/2021/12/Extension-order-IS-13387.pdf | https://bis.gov.in/wp-content/uploads/2022/05/QCO-Extension-Order-26042022.pdf | https://bis.gov.in/wp-content/uploads/2022/11/Ministry-of-Steel-Order-for-extension-of-date-of-implementation-IS-1110-IS-4409.pdf | https://bis.gov.in/wp-content/uploads/2023/02/Extension-oreder-of-IS-4409.pdf | https://bis.gov.in/wp-content/uploads/2023/07/Extension-order-IS-4409-dt-25-07-2023.pdf | https://bis.gov.in/wp-content/uploads/2024/02/Steel-Steel-Product-QCO-2024.pdf | https://bis.gov.in/wp-content/uploads/2024/05/Ferrocnickel-Extension-Quality-Control-Order-2024.pdf | https://bis.gov.in/wp-content/uploads/2024/08/IS-4409-2023-Specification-for-Ferronickel.pdf | https://bis.gov.in/wp-content/uploads/2024/09/Steel-and-Steel-Products-QCO-2024.pdf | https://www.bis.gov.in/wp-content/uploads/2025/11/Steel-and-Steel-Products-Quality-Control-Amendment-Order-2025.pdf | https://www.bis.gov.in/wp-content/uploads/2026/06/Steel-and-Steel-Products-Quality-Control-Amendment-Order-2026-1.pdf,2026-09-03
Steel wire for mechanical springs Part-2 oil hardened and tempered steel wire.,Steel and Iron Products,Scheme I (ISI Mark),IS 4454 (Part 2): 2001,,S.O. 756(E),,14-02-2020,,,https://bis.gov.in/wp-content/uploads/2020/03/Steel-QCO-14022020-1.pdf | https://bis.gov.in/wp-content/uploads/2020/06/Steel-QCO-2020-dated-27th-May-2020.pdf | https://bis.gov.in/wp-content/uploads/2020/07/Steel-QCO-dated-17-July-2020-with-corrigendum.pdf | https://bis.gov.in/wp-content/uploads/2020/07/Steel-QCO-extension-order.pdf | https://bis.gov.in/wp-content/uploads/2020/10/Order-of-Extension-in-the-date-of-enforcement-of-Quality-Control-Order.pdf | https://bis.gov.in/wp-content/uploads/2020/11/QCO-on-144-Steel-Steel-Products-1.pdf | https://bis.gov.in/wp-content/uploads/2021/01/145-QCO-Order.pdf | https://bis.gov.in/wp-content/uploads/2021/04/Order-of-extension-in-the-enforcement-date-for-Indian-Standards-covered-under-the-Quality-Control-Order-namely-IS-3748-IS-7291-and-IS-12146.pdf | https://bis.gov.in/wp-content/uploads/2021/04/Order-of-extension-in-the-enforcement-date-for-some-Indian-Standards-covered-under-the-Quality-Control-Order-namely-IS-4398-and-IS-3195.pdf | https://bis.gov.in/wp-content/uploads/2021/04/ORDERO1.pdf | https://bis.gov.in/wp-content/uploads/2021/06/Order-for-extension-in-date-of-enforcement-for-IS-1110-and-IS-4409.pdf | https://bis.gov.in/wp-content/uploads/2021/06/Order-of-Extension-in-date-of-enforcement-of-IS-4432-IS-5518-IS-12145-IS-13387-IS-4072-IS-13352-covered-under-Qulaity-Control-Order.pdf | https://bis.gov.in/wp-content/uploads/2021/06/Order-of-Extension-in-date-of-enforcement-of-IS-7226-and-IS-14331-covered-under-Qulaity-Control-Order.pdf | https://bis.gov.in/wp-content/uploads/2021/06/Order-of-Extension-in-date-of-enforcement-of-IS-6529-covered-under-Qulaity-Control-Order.pdf | https://bis.gov.in/wp-content/uploads/2021/06/Order-of-extension-in-the-enforcement-date-of-Quality-Control-Order-for-Tin-Plate-and-Tin-Free-Steel.pdf | https://bis.gov.in/wp-content/uploads/2021/08/Extension-in-the-date-of-enforcement-of-Quality-Control-Order-on-IS-3748-IS-7291-and-IS-12146.pdf | https://bis.gov.in/wp-content/uploads/2021/09/Order-of-extension-in-the-date-of-enforcement-of-Quality-Control-Order-for-Indian-Standards-IS-4454-Part-4-IS-11946-IS-11947.pdf | https://bis.gov.in/wp-content/uploads/2021/12/Extension-order-in-the-date-of-enforcement-of-Quality-Control-Order-for-Indian-Standards-IS-1110-1990-and-IS-4409-1973.pdf | https://bis.gov.in/wp-content/uploads/2021/12/Extension-order-IS-14331.pdf | https://bis.gov.in/wp-content/uploads/2021/12/Extension-order-IS-13387.pdf | https://bis.gov.in/wp-content/uploads/2022/05/QCO-Extension-Order-26042022.pdf | https://bis.gov.in/wp-content/uploads/2022/11/Ministry-of-Steel-Order-for-extension-of-date-of-implementation-IS-1110-IS-4409.pdf | https://bis.gov.in/wp-content/uploads/2023/02/Extension-oreder-of-IS-4409.pdf | https://bis.gov.in/wp-content/uploads/2023/07/Extension-order-IS-4409-dt-25-07-2023.pdf | https://bis.gov.in/wp-content/uploads/2024/02/Steel-Steel-Product-QCO-2024.pdf | https://bis.gov.in/wp-content/uploads/2024/05/Ferrocnickel-Extension-Quality-Control-Order-2024.pdf | https://bis.gov.in/wp-content/uploads/2024/08/IS-4409-2023-Specification-for-Ferronickel.pdf | https://bis.gov.in/wp-content/uploads/2024/09/Steel-and-Steel-Products-QCO-2024.pdf | https://www.bis.gov.in/wp-content/uploads/2025/11/Steel-and-Steel-Products-Quality-Control-Amendment-Order-2025.pdf | https://www.bis.gov.in/wp-content/uploads/2026/06/Steel-and-Steel-Products-Quality-Control-Amendment-Order-2026-1.pdf,2026-09-03
Bead Wires for Tyres,Steel and Iron Products,Scheme I (ISI Mark),IS 4824:2006,,S.O. 756(E),,14-02-2020,,,https://bis.gov.in/wp-content/uploads/2020/03/Steel-QCO-14022020-1.pdf | https://bis.gov.in/wp-content/uploads/2020/06/Steel-QCO-2020-dated-27th-May-2020.pdf | https://bis.gov.in/wp-content/uploads/2020/07/Steel-QCO-dated-17-July-2020-with-corrigendum.pdf | https://bis.gov.in/wp-content/uploads/2020/07/Steel-QCO-extension-order.pdf | https://bis.gov.in/wp-content/uploads/2020/10/Order-of-Extension-in-the-date-of-enforcement-of-Quality-Control-Order.pdf | https://bis.gov.in/wp-content/uploads/2020/11/QCO-on-144-Steel-Steel-Products-1.pdf | https://bis.gov.in/wp-content/uploads/2021/01/145-QCO-Order.pdf | https://bis.gov.in/wp-content/uploads/2021/04/Order-of-extension-in-the-enforcement-date-for-Indian-Standards-covered-under-the-Quality-Control-Order-namely-IS-3748-IS-7291-and-IS-12146.pdf | https://bis.gov.in/wp-content/uploads/2021/04/Order-of-extension-in-the-enforcement-date-for-some-Indian-Standards-covered-under-the-Quality-Control-Order-namely-IS-4398-and-IS-3195.pdf | https://bis.gov.in/wp-content/uploads/2021/04/ORDERO1.pdf | https://bis.gov.in/wp-content/uploads/2021/06/Order-for-extension-in-date-of-enforcement-for-IS-1110-and-IS-4409.pdf | https://bis.gov.in/wp-content/uploads/2021/06/Order-of-Extension-in-date-of-enforcement-of-IS-4432-IS-5518-IS-12145-IS-13387-IS-4072-IS-13352-covered-under-Qulaity-Control-Order.pdf | https://bis.gov.in/wp-content/uploads/2021/06/Order-of-Extension-in-date-of-enforcement-of-IS-7226-and-IS-14331-covered-under-Qulaity-Control-Order.pdf | https://bis.gov.in/wp-content/uploads/2021/06/Order-of-Extension-in-date-of-enforcement-of-IS-6529-covered-under-Qulaity-Control-Order.pdf | https://bis.gov.in/wp-content/uploads/2021/06/Order-of-extension-in-the-enforcement-date-of-Quality-Control-Order-for-Tin-Plate-and-Tin-Free-Steel.pdf | https://bis.gov.in/wp-content/uploads/2021/08/Extension-in-the-date-of-enforcement-of-Quality-Control-Order-on-IS-3748-IS-7291-and-IS-12146.pdf | https://bis.gov.in/wp-content/uploads/2021/09/Order-of-extension-in-the-date-of-enforcement-of-Quality-Control-Order-for-Indian-Standards-IS-4454-Part-4-IS-11946-IS-11947.pdf | https://bis.gov.in/wp-content/uploads/2021/12/Extension-order-in-the-date-of-enforcement-of-Quality-Control-Order-for-Indian-Standards-IS-1110-1990-and-IS-4409-1973.pdf | https://bis.gov.in/wp-content/uploads/2021/12/Extension-order-IS-14331.pdf | https://bis.gov.in/wp-content/uploads/2021/12/Extension-order-IS-13387.pdf | https://bis.gov.in/wp-content/uploads/2022/05/QCO-Extension-Order-26042022.pdf | https://bis.gov.in/wp-content/uploads/2022/11/Ministry-of-Steel-Order-for-extension-of-date-of-implementation-IS-1110-IS-4409.pdf | https://bis.gov.in/wp-content/uploads/2023/02/Extension-oreder-of-IS-4409.pdf | https://bis.gov.in/wp-content/uploads/2023/07/Extension-order-IS-4409-dt-25-07-2023.pdf | https://bis.gov.in/wp-content/uploads/2024/02/Steel-Steel-Product-QCO-2024.pdf | https://bis.gov.in/wp-content/uploads/2024/05/Ferrocnickel-Extension-Quality-Control-Order-2024.pdf | https://bis.gov.in/wp-content/uploads/2024/08/IS-4409-2023-Specification-for-Ferronickel.pdf | https://bis.gov.in/wp-content/uploads/2024/09/Steel-and-Steel-Products-QCO-2024.pdf | https://www.bis.gov.in/wp-content/uploads/2025/11/Steel-and-Steel-Products-Quality-Control-Amendment-Order-2025.pdf | https://www.bis.gov.in/wp-content/uploads/2026/06/Steel-and-Steel-Products-Quality-Control-Amendment-Order-2026-1.pdf,2026-09-03
Steels for Cold Heading/Cold extrusion application Part-1 Wrought carbon and low alloy steels,Steel and Iron Products,Scheme I (ISI Mark),IS 11169 (Part 1): 1984,,S.O. 756(E),,14-02-2020,,,https://bis.gov.in/wp-content/uploads/2020/03/Steel-QCO-14022020-1.pdf | https://bis.gov.in/wp-content/uploads/2020/06/Steel-QCO-2020-dated-27th-May-2020.pdf | https://bis.gov.in/wp-content/uploads/2020/07/Steel-QCO-dated-17-July-2020-with-corrigendum.pdf | https://bis.gov.in/wp-content/uploads/2020/07/Steel-QCO-extension-order.pdf | https://bis.gov.in/wp-content/uploads/2020/10/Order-of-Extension-in-the-date-of-enforcement-of-Quality-Control-Order.pdf | https://bis.gov.in/wp-content/uploads/2020/11/QCO-on-144-Steel-Steel-Products-1.pdf | https://bis.gov.in/wp-content/uploads/2021/01/145-QCO-Order.pdf | https://bis.gov.in/wp-content/uploads/2021/04/Order-of-extension-in-the-enforcement-date-for-Indian-Standards-covered-under-the-Quality-Control-Order-namely-IS-3748-IS-7291-and-IS-12146.pdf | https://bis.gov.in/wp-content/uploads/2021/04/Order-of-extension-in-the-enforcement-date-for-some-Indian-Standards-covered-under-the-Quality-Control-Order-namely-IS-4398-and-IS-3195.pdf | https://bis.gov.in/wp-content/uploads/2021/04/ORDERO1.pdf | https://bis.gov.in/wp-content/uploads/2021/06/Order-for-extension-in-date-of-enforcement-for-IS-1110-and-IS-4409.pdf | https://bis.gov.in/wp-content/uploads/2021/06/Order-of-Extension-in-date-of-enforcement-of-IS-4432-IS-5518-IS-12145-IS-13387-IS-4072-IS-13352-covered-under-Qulaity-Control-Order.pdf | https://bis.gov.in/wp-content/uploads/2021/06/Order-of-Extension-in-date-of-enforcement-of-IS-7226-and-IS-14331-covered-under-Qulaity-Control-Order.pdf | https://bis.gov.in/wp-content/uploads/2021/06/Order-of-Extension-in-date-of-enforcement-of-IS-6529-covered-under-Qulaity-Control-Order.pdf | https://bis.gov.in/wp-content/uploads/2021/06/Order-of-extension-in-the-enforcement-date-of-Quality-Control-Order-for-Tin-Plate-and-Tin-Free-Steel.pdf | https://bis.gov.in/wp-content/uploads/2021/08/Extension-in-the-date-of-enforcement-of-Quality-Control-Order-on-IS-3748-IS-7291-and-IS-12146.pdf | https://bis.gov.in/wp-content/uploads/2021/09/Order-of-extension-in-the-date-of-enforcement-of-Quality-Control-Order-for-Indian-Standards-IS-4454-Part-4-IS-11946-IS-11947.pdf | https://bis.gov.in/wp-content/uploads/2021/12/Extension-order-in-the-date-of-enforcement-of-Quality-Control-Order-for-Indian-Standards-IS-1110-1990-and-IS-4409-1973.pdf | https://bis.gov.in/wp-content/uploads/2021/12/Extension-order-IS-14331.pdf | https://bis.gov.in/wp-content/uploads/2021/12/Extension-order-IS-13387.pdf | https://bis.gov.in/wp-content/uploads/2022/05/QCO-Extension-Order-26042022.pdf | https://bis.gov.in/wp-content/uploads/2022/11/Ministry-of-Steel-Order-for-extension-of-date-of-implementation-IS-1110-IS-4409.pdf | https://bis.gov.in/wp-content/uploads/2023/02/Extension-oreder-of-IS-4409.pdf | https://bis.gov.in/wp-content/uploads/2023/07/Extension-order-IS-4409-dt-25-07-2023.pdf | https://bis.gov.in/wp-content/uploads/2024/02/Steel-Steel-Product-QCO-2024.pdf | https://bis.gov.in/wp-content/uploads/2024/05/Ferrocnickel-Extension-Quality-Control-Order-2024.pdf | https://bis.gov.in/wp-content/uploads/2024/08/IS-4409-2023-Specification-for-Ferronickel.pdf | https://bis.gov.in/wp-content/uploads/2024/09/Steel-and-Steel-Products-QCO-2024.pdf | https://www.bis.gov.in/wp-content/uploads/2025/11/Steel-and-Steel-Products-Quality-Control-Amendment-Order-2025.pdf | https://www.bis.gov.in/wp-content/uploads/2026/06/Steel-and-Steel-Products-Quality-Control-Amendment-Order-2026-1.pdf,2026-09-03
Structural Weather resistant steel.,Steel and Iron Products,Scheme I (ISI Mark),IS 11587:1986,,S.O. 756(E),,14-02-2020,,,https://bis.gov.in/wp-content/uploads/2020/03/Steel-QCO-14022020-1.pdf | https://bis.gov.in/wp-content/uploads/2020/06/Steel-QCO-2020-dated-27th-May-2020.pdf | https://bis.gov.in/wp-content/uploads/2020/07/Steel-QCO-dated-17-July-2020-with-corrigendum.pdf | https://bis.gov.in/wp-content/uploads/2020/07/Steel-QCO-extension-order.pdf | https://bis.gov.in/wp-content/uploads/2020/10/Order-of-Extension-in-the-date-of-enforcement-of-Quality-Control-Order.pdf | https://bis.gov.in/wp-content/uploads/2020/11/QCO-on-144-Steel-Steel-Products-1.pdf | https://bis.gov.in/wp-content/uploads/2021/01/145-QCO-Order.pdf | https://bis.gov.in/wp-content/uploads/2021/04/Order-of-extension-in-the-enforcement-date-for-Indian-Standards-covered-under-the-Quality-Control-Order-namely-IS-3748-IS-7291-and-IS-12146.pdf | https://bis.gov.in/wp-content/uploads/2021/04/Order-of-extension-in-the-enforcement-date-for-some-Indian-Standards-covered-under-the-Quality-Control-Order-namely-IS-4398-and-IS-3195.pdf | https://bis.gov.in/wp-content/uploads/2021/04/ORDERO1.pdf | https://bis.gov.in/wp-content/uploads/2021/06/Order-for-extension-in-date-of-enforcement-for-IS-1110-and-IS-4409.pdf | https://bis.gov.in/wp-content/uploads/2021/06/Order-of-Extension-in-date-of-enforcement-of-IS-4432-IS-5518-IS-12145-IS-13387-IS-4072-IS-13352-covered-under-Qulaity-Control-Order.pdf | https://bis.gov.in/wp-content/uploads/2021/06/Order-of-Extension-in-date-of-enforcement-of-IS-7226-and-IS-14331-covered-under-Qulaity-Control-Order.pdf | https://bis.gov.in/wp-content/uploads/2021/06/Order-of-Extension-in-date-of-enforcement-of-IS-6529-covered-under-Qulaity-Control-Order.pdf | https://bis.gov.in/wp-content/uploads/2021/06/Order-of-extension-in-the-enforcement-date-of-Quality-Control-Order-for-Tin-Plate-and-Tin-Free-Steel.pdf | https://bis.gov.in/wp-content/uploads/2021/08/Extension-in-the-date-of-enforcement-of-Quality-Control-Order-on-IS-3748-IS-7291-and-IS-12146.pdf | https://bis.gov.in/wp-content/uploads/2021/09/Order-of-extension-in-the-date-of-enforcement-of-Quality-Control-Order-for-Indian-Standards-IS-4454-Part-4-IS-11946-IS-11947.pdf | https://bis.gov.in/wp-content/uploads/2021/12/Extension-order-in-the-date-of-enforcement-of-Quality-Control-Order-for-Indian-Standards-IS-1110-1990-and-IS-4409-1973.pdf | https://bis.gov.in/wp-content/uploads/2021/12/Extension-order-IS-14331.pdf | https://bis.gov.in/wp-content/uploads/2021/12/Extension-order-IS-13387.pdf | https://bis.gov.in/wp-content/uploads/2022/05/QCO-Extension-Order-26042022.pdf | https://bis.gov.in/wp-content/uploads/2022/11/Ministry-of-Steel-Order-for-extension-of-date-of-implementation-IS-1110-IS-4409.pdf | https://bis.gov.in/wp-content/uploads/2023/02/Extension-oreder-of-IS-4409.pdf | https://bis.gov.in/wp-content/uploads/2023/07/Extension-order-IS-4409-dt-25-07-2023.pdf | https://bis.gov.in/wp-content/uploads/2024/02/Steel-Steel-Product-QCO-2024.pdf | https://bis.gov.in/wp-content/uploads/2024/05/Ferrocnickel-Extension-Quality-Control-Order-2024.pdf | https://bis.gov.in/wp-content/uploads/2024/08/IS-4409-2023-Specification-for-Ferronickel.pdf | https://bis.gov.in/wp-content/uploads/2024/09/Steel-and-Steel-Products-QCO-2024.pdf | https://www.bis.gov.in/wp-content/uploads/2025/11/Steel-and-Steel-Products-Quality-Control-Amendment-Order-2025.pdf | https://www.bis.gov.in/wp-content/uploads/2026/06/Steel-and-Steel-Products-Quality-Control-Amendment-Order-2026-1.pdf,2026-09-03
Fire resistant Steel- Specification,Steel and Iron Products,Scheme I (ISI Mark),IS 15103: 2002,,S.O. 756(E),,14-02-2020,,,https://bis.gov.in/wp-content/uploads/2020/03/Steel-QCO-14022020-1.pdf | https://bis.gov.in/wp-content/uploads/2020/06/Steel-QCO-2020-dated-27th-May-2020.pdf | https://bis.gov.in/wp-content/uploads/2020/07/Steel-QCO-dated-17-July-2020-with-corrigendum.pdf | https://bis.gov.in/wp-content/uploads/2020/07/Steel-QCO-extension-order.pdf | https://bis.gov.in/wp-content/uploads/2020/10/Order-of-Extension-in-the-date-of-enforcement-of-Quality-Control-Order.pdf | https://bis.gov.in/wp-content/uploads/2020/11/QCO-on-144-Steel-Steel-Products-1.pdf | https://bis.gov.in/wp-content/uploads/2021/01/145-QCO-Order.pdf | https://bis.gov.in/wp-content/uploads/2021/04/Order-of-extension-in-the-enforcement-date-for-Indian-Standards-covered-under-the-Quality-Control-Order-namely-IS-3748-IS-7291-and-IS-12146.pdf | https://bis.gov.in/wp-content/uploads/2021/04/Order-of-extension-in-the-enforcement-date-for-some-Indian-Standards-covered-under-the-Quality-Control-Order-namely-IS-4398-and-IS-3195.pdf | https://bis.gov.in/wp-content/uploads/2021/04/ORDERO1.pdf | https://bis.gov.in/wp-content/uploads/2021/06/Order-for-extension-in-date-of-enforcement-for-IS-1110-and-IS-4409.pdf | https://bis.gov.in/wp-content/uploads/2021/06/Order-of-Extension-in-date-of-enforcement-of-IS-4432-IS-5518-IS-12145-IS-13387-IS-4072-IS-13352-covered-under-Qulaity-Control-Order.pdf | https://bis.gov.in/wp-content/uploads/2021/06/Order-of-Extension-in-date-of-enforcement-of-IS-7226-and-IS-14331-covered-under-Qulaity-Control-Order.pdf | https://bis.gov.in/wp-content/uploads/2021/06/Order-of-Extension-in-date-of-enforcement-of-IS-6529-covered-under-Qulaity-Control-Order.pdf | https://bis.gov.in/wp-content/uploads/2021/06/Order-of-extension-in-the-enforcement-date-of-Quality-Control-Order-for-Tin-Plate-and-Tin-Free-Steel.pdf | https://bis.gov.in/wp-content/uploads/2021/08/Extension-in-the-date-of-enforcement-of-Quality-Control-Order-on-IS-3748-IS-7291-and-IS-12146.pdf | https://bis.gov.in/wp-content/uploads/2021/09/Order-of-extension-in-the-date-of-enforcement-of-Quality-Control-Order-for-Indian-Standards-IS-4454-Part-4-IS-11946-IS-11947.pdf | https://bis.gov.in/wp-content/uploads/2021/12/Extension-order-in-the-date-of-enforcement-of-Quality-Control-Order-for-Indian-Standards-IS-1110-1990-and-IS-4409-1973.pdf | https://bis.gov.in/wp-content/uploads/2021/12/Extension-order-IS-14331.pdf | https://bis.gov.in/wp-content/uploads/2021/12/Extension-order-IS-13387.pdf | https://bis.gov.in/wp-content/uploads/2022/05/QCO-Extension-Order-26042022.pdf | https://bis.gov.in/wp-content/uploads/2022/11/Ministry-of-Steel-Order-for-extension-of-date-of-implementation-IS-1110-IS-4409.pdf | https://bis.gov.in/wp-content/uploads/2023/02/Extension-oreder-of-IS-4409.pdf | https://bis.gov.in/wp-content/uploads/2023/07/Extension-order-IS-4409-dt-25-07-2023.pdf | https://bis.gov.in/wp-content/uploads/2024/02/Steel-Steel-Product-QCO-2024.pdf | https://bis.gov.in/wp-content/uploads/2024/05/Ferrocnickel-Extension-Quality-Control-Order-2024.pdf | https://bis.gov.in/wp-content/uploads/2024/08/IS-4409-2023-Specification-for-Ferronickel.pdf | https://bis.gov.in/wp-content/uploads/2024/09/Steel-and-Steel-Products-QCO-2024.pdf | https://www.bis.gov.in/wp-content/uploads/2025/11/Steel-and-Steel-Products-Quality-Control-Amendment-Order-2025.pdf | https://www.bis.gov.in/wp-content/uploads/2026/06/Steel-and-Steel-Products-Quality-Control-Amendment-Order-2026-1.pdf,2026-09-03
"High Tensile Strength Flat Rolled Steel Plate (Up to 6 mm), Sheet and Strip for the Manufacture of Welded Gas Cylinder.",Steel and Iron Products,Scheme I (ISI Mark),IS 15914:2011,,S.O. 756(E),,14-02-2020,,,https://bis.gov.in/wp-content/uploads/2020/03/Steel-QCO-14022020-1.pdf | https://bis.gov.in/wp-content/uploads/2020/06/Steel-QCO-2020-dated-27th-May-2020.pdf | https://bis.gov.in/wp-content/uploads/2020/07/Steel-QCO-dated-17-July-2020-with-corrigendum.pdf | https://bis.gov.in/wp-content/uploads/2020/07/Steel-QCO-extension-order.pdf | https://bis.gov.in/wp-content/uploads/2020/10/Order-of-Extension-in-the-date-of-enforcement-of-Quality-Control-Order.pdf | https://bis.gov.in/wp-content/uploads/2020/11/QCO-on-144-Steel-Steel-Products-1.pdf | https://bis.gov.in/wp-content/uploads/2021/01/145-QCO-Order.pdf | https://bis.gov.in/wp-content/uploads/2021/04/Order-of-extension-in-the-enforcement-date-for-Indian-Standards-covered-under-the-Quality-Control-Order-namely-IS-3748-IS-7291-and-IS-12146.pdf | https://bis.gov.in/wp-content/uploads/2021/04/Order-of-extension-in-the-enforcement-date-for-some-Indian-Standards-covered-under-the-Quality-Control-Order-namely-IS-4398-and-IS-3195.pdf | https://bis.gov.in/wp-content/uploads/2021/04/ORDERO1.pdf | https://bis.gov.in/wp-content/uploads/2021/06/Order-for-extension-in-date-of-enforcement-for-IS-1110-and-IS-4409.pdf | https://bis.gov.in/wp-content/uploads/2021/06/Order-of-Extension-in-date-of-enforcement-of-IS-4432-IS-5518-IS-12145-IS-13387-IS-4072-IS-13352-covered-under-Qulaity-Control-Order.pdf | https://bis.gov.in/wp-content/uploads/2021/06/Order-of-Extension-in-date-of-enforcement-of-IS-7226-and-IS-14331-covered-under-Qulaity-Control-Order.pdf | https://bis.gov.in/wp-content/uploads/2021/06/Order-of-Extension-in-date-of-enforcement-of-IS-6529-covered-under-Qulaity-Control-Order.pdf | https://bis.gov.in/wp-content/uploads/2021/06/Order-of-extension-in-the-enforcement-date-of-Quality-Control-Order-for-Tin-Plate-and-Tin-Free-Steel.pdf | https://bis.gov.in/wp-content/uploads/2021/08/Extension-in-the-date-of-enforcement-of-Quality-Control-Order-on-IS-3748-IS-7291-and-IS-12146.pdf | https://bis.gov.in/wp-content/uploads/2021/09/Order-of-extension-in-the-date-of-enforcement-of-Quality-Control-Order-for-Indian-Standards-IS-4454-Part-4-IS-11946-IS-11947.pdf | https://bis.gov.in/wp-content/uploads/2021/12/Extension-order-in-the-date-of-enforcement-of-Quality-Control-Order-for-Indian-Standards-IS-1110-1990-and-IS-4409-1973.pdf | https://bis.gov.in/wp-content/uploads/2021/12/Extension-order-IS-14331.pdf | https://bis.gov.in/wp-content/uploads/2021/12/Extension-order-IS-13387.pdf | https://bis.gov.in/wp-content/uploads/2022/05/QCO-Extension-Order-26042022.pdf | https://bis.gov.in/wp-content/uploads/2022/11/Ministry-of-Steel-Order-for-extension-of-date-of-implementation-IS-1110-IS-4409.pdf | https://bis.gov.in/wp-content/uploads/2023/02/Extension-oreder-of-IS-4409.pdf | https://bis.gov.in/wp-content/uploads/2023/07/Extension-order-IS-4409-dt-25-07-2023.pdf | https://bis.gov.in/wp-content/uploads/2024/02/Steel-Steel-Product-QCO-2024.pdf | https://bis.gov.in/wp-content/uploads/2024/05/Ferrocnickel-Extension-Quality-Control-Order-2024.pdf | https://bis.gov.in/wp-content/uploads/2024/08/IS-4409-2023-Specification-for-Ferronickel.pdf | https://bis.gov.in/wp-content/uploads/2024/09/Steel-and-Steel-Products-QCO-2024.pdf | https://www.bis.gov.in/wp-content/uploads/2025/11/Steel-and-Steel-Products-Quality-Control-Amendment-Order-2025.pdf | https://www.bis.gov.in/wp-content/uploads/2026/06/Steel-and-Steel-Products-Quality-Control-Amendment-Order-2026-1.pdf,2026-09-03
Hot Dip aluminium- Zinc alloy metallic coated steel strip and sheet (Plain),Steel and Iron Products,Scheme I (ISI Mark),IS 15961:2012,,S.O. 756(E),,14-02-2020,,,https://bis.gov.in/wp-content/uploads/2020/03/Steel-QCO-14022020-1.pdf | https://bis.gov.in/wp-content/uploads/2020/06/Steel-QCO-2020-dated-27th-May-2020.pdf | https://bis.gov.in/wp-content/uploads/2020/07/Steel-QCO-dated-17-July-2020-with-corrigendum.pdf | https://bis.gov.in/wp-content/uploads/2020/07/Steel-QCO-extension-order.pdf | https://bis.gov.in/wp-content/uploads/2020/10/Order-of-Extension-in-the-date-of-enforcement-of-Quality-Control-Order.pdf | https://bis.gov.in/wp-content/uploads/2020/11/QCO-on-144-Steel-Steel-Products-1.pdf | https://bis.gov.in/wp-content/uploads/2021/01/145-QCO-Order.pdf | https://bis.gov.in/wp-content/uploads/2021/04/Order-of-extension-in-the-enforcement-date-for-Indian-Standards-covered-under-the-Quality-Control-Order-namely-IS-3748-IS-7291-and-IS-12146.pdf | https://bis.gov.in/wp-content/uploads/2021/04/Order-of-extension-in-the-enforcement-date-for-some-Indian-Standards-covered-under-the-Quality-Control-Order-namely-IS-4398-and-IS-3195.pdf | https://bis.gov.in/wp-content/uploads/2021/04/ORDERO1.pdf | https://bis.gov.in/wp-content/uploads/2021/06/Order-for-extension-in-date-of-enforcement-for-IS-1110-and-IS-4409.pdf | https://bis.gov.in/wp-content/uploads/2021/06/Order-of-Extension-in-date-of-enforcement-of-IS-4432-IS-5518-IS-12145-IS-13387-IS-4072-IS-13352-covered-under-Qulaity-Control-Order.pdf | https://bis.gov.in/wp-content/uploads/2021/06/Order-of-Extension-in-date-of-enforcement-of-IS-7226-and-IS-14331-covered-under-Qulaity-Control-Order.pdf | https://bis.gov.in/wp-content/uploads/2021/06/Order-of-Extension-in-date-of-enforcement-of-IS-6529-covered-under-Qulaity-Control-Order.pdf | https://bis.gov.in/wp-content/uploads/2021/06/Order-of-extension-in-the-enforcement-date-of-Quality-Control-Order-for-Tin-Plate-and-Tin-Free-Steel.pdf | https://bis.gov.in/wp-content/uploads/2021/08/Extension-in-the-date-of-enforcement-of-Quality-Control-Order-on-IS-3748-IS-7291-and-IS-12146.pdf | https://bis.gov.in/wp-content/uploads/2021/09/Order-of-extension-in-the-date-of-enforcement-of-Quality-Control-Order-for-Indian-Standards-IS-4454-Part-4-IS-11946-IS-11947.pdf | https://bis.gov.in/wp-content/uploads/2021/12/Extension-order-in-the-date-of-enforcement-of-Quality-Control-Order-for-Indian-Standards-IS-1110-1990-and-IS-4409-1973.pdf | https://bis.gov.in/wp-content/uploads/2021/12/Extension-order-IS-14331.pdf | https://bis.gov.in/wp-content/uploads/2021/12/Extension-order-IS-13387.pdf | https://bis.gov.in/wp-content/uploads/2022/05/QCO-Extension-Order-26042022.pdf | https://bis.gov.in/wp-content/uploads/2022/11/Ministry-of-Steel-Order-for-extension-of-date-of-implementation-IS-1110-IS-4409.pdf | https://bis.gov.in/wp-content/uploads/2023/02/Extension-oreder-of-IS-4409.pdf | https://bis.gov.in/wp-content/uploads/2023/07/Extension-order-IS-4409-dt-25-07-2023.pdf | https://bis.gov.in/wp-content/uploads/2024/02/Steel-Steel-Product-QCO-2024.pdf | https://bis.gov.in/wp-content/uploads/2024/05/Ferrocnickel-Extension-Quality-Control-Order-2024.pdf | https://bis.gov.in/wp-content/uploads/2024/08/IS-4409-2023-Specification-for-Ferronickel.pdf | https://bis.gov.in/wp-content/uploads/2024/09/Steel-and-Steel-Products-QCO-2024.pdf | https://www.bis.gov.in/wp-content/uploads/2025/11/Steel-and-Steel-Products-Quality-Control-Amendment-Order-2025.pdf | https://www.bis.gov.in/wp-content/uploads/2026/06/Steel-and-Steel-Products-Quality-Control-Amendment-Order-2026-1.pdf,2026-09-03
Structural Steel for Building for Structures with improved seismic Resistance,Steel and Iron Products,Scheme I (ISI Mark),IS 15962:2012,,S.O. 756(E),,14-02-2020,,,https://bis.gov.in/wp-content/uploads/2020/03/Steel-QCO-14022020-1.pdf | https://bis.gov.in/wp-content/uploads/2020/06/Steel-QCO-2020-dated-27th-May-2020.pdf | https://bis.gov.in/wp-content/uploads/2020/07/Steel-QCO-dated-17-July-2020-with-corrigendum.pdf | https://bis.gov.in/wp-content/uploads/2020/07/Steel-QCO-extension-order.pdf | https://bis.gov.in/wp-content/uploads/2020/10/Order-of-Extension-in-the-date-of-enforcement-of-Quality-Control-Order.pdf | https://bis.gov.in/wp-content/uploads/2020/11/QCO-on-144-Steel-Steel-Products-1.pdf | https://bis.gov.in/wp-content/uploads/2021/01/145-QCO-Order.pdf | https://bis.gov.in/wp-content/uploads/2021/04/Order-of-extension-in-the-enforcement-date-for-Indian-Standards-covered-under-the-Quality-Control-Order-namely-IS-3748-IS-7291-and-IS-12146.pdf | https://bis.gov.in/wp-content/uploads/2021/04/Order-of-extension-in-the-enforcement-date-for-some-Indian-Standards-covered-under-the-Quality-Control-Order-namely-IS-4398-and-IS-3195.pdf | https://bis.gov.in/wp-content/uploads/2021/04/ORDERO1.pdf | https://bis.gov.in/wp-content/uploads/2021/06/Order-for-extension-in-date-of-enforcement-for-IS-1110-and-IS-4409.pdf | https://bis.gov.in/wp-content/uploads/2021/06/Order-of-Extension-in-date-of-enforcement-of-IS-4432-IS-5518-IS-12145-IS-13387-IS-4072-IS-13352-covered-under-Qulaity-Control-Order.pdf | https://bis.gov.in/wp-content/uploads/2021/06/Order-of-Extension-in-date-of-enforcement-of-IS-7226-and-IS-14331-covered-under-Qulaity-Control-Order.pdf | https://bis.gov.in/wp-content/uploads/2021/06/Order-of-Extension-in-date-of-enforcement-of-IS-6529-covered-under-Qulaity-Control-Order.pdf | https://bis.gov.in/wp-content/uploads/2021/06/Order-of-extension-in-the-enforcement-date-of-Quality-Control-Order-for-Tin-Plate-and-Tin-Free-Steel.pdf | https://bis.gov.in/wp-content/uploads/2021/08/Extension-in-the-date-of-enforcement-of-Quality-Control-Order-on-IS-3748-IS-7291-and-IS-12146.pdf | https://bis.gov.in/wp-content/uploads/2021/09/Order-of-extension-in-the-date-of-enforcement-of-Quality-Control-Order-for-Indian-Standards-IS-4454-Part-4-IS-11946-IS-11947.pdf | https://bis.gov.in/wp-content/uploads/2021/12/Extension-order-in-the-date-of-enforcement-of-Quality-Control-Order-for-Indian-Standards-IS-1110-1990-and-IS-4409-1973.pdf | https://bis.gov.in/wp-content/uploads/2021/12/Extension-order-IS-14331.pdf | https://bis.gov.in/wp-content/uploads/2021/12/Extension-order-IS-13387.pdf | https://bis.gov.in/wp-content/uploads/2022/05/QCO-Extension-Order-26042022.pdf | https://bis.gov.in/wp-content/uploads/2022/11/Ministry-of-Steel-Order-for-extension-of-date-of-implementation-IS-1110-IS-4409.pdf | https://bis.gov.in/wp-content/uploads/2023/02/Extension-oreder-of-IS-4409.pdf | https://bis.gov.in/wp-content/uploads/2023/07/Extension-order-IS-4409-dt-25-07-2023.pdf | https://bis.gov.in/wp-content/uploads/2024/02/Steel-Steel-Product-QCO-2024.pdf | https://bis.gov.in/wp-content/uploads/2024/05/Ferrocnickel-Extension-Quality-Control-Order-2024.pdf | https://bis.gov.in/wp-content/uploads/2024/08/IS-4409-2023-Specification-for-Ferronickel.pdf | https://bis.gov.in/wp-content/uploads/2024/09/Steel-and-Steel-Products-QCO-2024.pdf | https://www.bis.gov.in/wp-content/uploads/2025/11/Steel-and-Steel-Products-Quality-Control-Amendment-Order-2025.pdf | https://www.bis.gov.in/wp-content/uploads/2026/06/Steel-and-Steel-Products-Quality-Control-Amendment-Order-2026-1.pdf,2026-09-03
Stainless Steel wire Rod,Steel and Iron Products,Scheme I (ISI Mark),IS 6527:1995,,S.O. 756(E),,14-02-2020,,,https://bis.gov.in/wp-content/uploads/2020/03/Steel-QCO-14022020-1.pdf | https://bis.gov.in/wp-content/uploads/2020/06/Steel-QCO-2020-dated-27th-May-2020.pdf | https://bis.gov.in/wp-content/uploads/2020/07/Steel-QCO-dated-17-July-2020-with-corrigendum.pdf | https://bis.gov.in/wp-content/uploads/2020/07/Steel-QCO-extension-order.pdf | https://bis.gov.in/wp-content/uploads/2020/10/Order-of-Extension-in-the-date-of-enforcement-of-Quality-Control-Order.pdf | https://bis.gov.in/wp-content/uploads/2020/11/QCO-on-144-Steel-Steel-Products-1.pdf | https://bis.gov.in/wp-content/uploads/2021/01/145-QCO-Order.pdf | https://bis.gov.in/wp-content/uploads/2021/04/Order-of-extension-in-the-enforcement-date-for-Indian-Standards-covered-under-the-Quality-Control-Order-namely-IS-3748-IS-7291-and-IS-12146.pdf | https://bis.gov.in/wp-content/uploads/2021/04/Order-of-extension-in-the-enforcement-date-for-some-Indian-Standards-covered-under-the-Quality-Control-Order-namely-IS-4398-and-IS-3195.pdf | https://bis.gov.in/wp-content/uploads/2021/04/ORDERO1.pdf | https://bis.gov.in/wp-content/uploads/2021/06/Order-for-extension-in-date-of-enforcement-for-IS-1110-and-IS-4409.pdf | https://bis.gov.in/wp-content/uploads/2021/06/Order-of-Extension-in-date-of-enforcement-of-IS-4432-IS-5518-IS-12145-IS-13387-IS-4072-IS-13352-covered-under-Qulaity-Control-Order.pdf | https://bis.gov.in/wp-content/uploads/2021/06/Order-of-Extension-in-date-of-enforcement-of-IS-7226-and-IS-14331-covered-under-Qulaity-Control-Order.pdf | https://bis.gov.in/wp-content/uploads/2021/06/Order-of-Extension-in-date-of-enforcement-of-IS-6529-covered-under-Qulaity-Control-Order.pdf | https://bis.gov.in/wp-content/uploads/2021/06/Order-of-extension-in-the-enforcement-date-of-Quality-Control-Order-for-Tin-Plate-and-Tin-Free-Steel.pdf | https://bis.gov.in/wp-content/uploads/2021/08/Extension-in-the-date-of-enforcement-of-Quality-Control-Order-on-IS-3748-IS-7291-and-IS-12146.pdf | https://bis.gov.in/wp-content/uploads/2021/09/Order-of-extension-in-the-date-of-enforcement-of-Quality-Control-Order-for-Indian-Standards-IS-4454-Part-4-IS-11946-IS-11947.pdf | https://bis.gov.in/wp-content/uploads/2021/12/Extension-order-in-the-date-of-enforcement-of-Quality-Control-Order-for-Indian-Standards-IS-1110-1990-and-IS-4409-1973.pdf | https://bis.gov.in/wp-content/uploads/2021/12/Extension-order-IS-14331.pdf | https://bis.gov.in/wp-content/uploads/2021/12/Extension-order-IS-13387.pdf | https://bis.gov.in/wp-content/uploads/2022/05/QCO-Extension-Order-26042022.pdf | https://bis.gov.in/wp-content/uploads/2022/11/Ministry-of-Steel-Order-for-extension-of-date-of-implementation-IS-1110-IS-4409.pdf | https://bis.gov.in/wp-content/uploads/2023/02/Extension-oreder-of-IS-4409.pdf | https://bis.gov.in/wp-content/uploads/2023/07/Extension-order-IS-4409-dt-25-07-2023.pdf | https://bis.gov.in/wp-content/uploads/2024/02/Steel-Steel-Product-QCO-2024.pdf | https://bis.gov.in/wp-content/uploads/2024/05/Ferrocnickel-Extension-Quality-Control-Order-2024.pdf | https://bis.gov.in/wp-content/uploads/2024/08/IS-4409-2023-Specification-for-Ferronickel.pdf | https://bis.gov.in/wp-content/uploads/2024/09/Steel-and-Steel-Products-QCO-2024.pdf | https://www.bis.gov.in/wp-content/uploads/2025/11/Steel-and-Steel-Products-Quality-Control-Amendment-Order-2025.pdf | https://www.bis.gov.in/wp-content/uploads/2026/06/Steel-and-Steel-Products-Quality-Control-Amendment-Order-2026-1.pdf,2026-09-03
Stainless Steel Wires,Steel and Iron Products,Scheme I (ISI Mark),IS 6528:1995,,S.O. 756(E),,14-02-2020,,,https://bis.gov.in/wp-content/uploads/2020/03/Steel-QCO-14022020-1.pdf | https://bis.gov.in/wp-content/uploads/2020/06/Steel-QCO-2020-dated-27th-May-2020.pdf | https://bis.gov.in/wp-content/uploads/2020/07/Steel-QCO-dated-17-July-2020-with-corrigendum.pdf | https://bis.gov.in/wp-content/uploads/2020/07/Steel-QCO-extension-order.pdf | https://bis.gov.in/wp-content/uploads/2020/10/Order-of-Extension-in-the-date-of-enforcement-of-Quality-Control-Order.pdf | https://bis.gov.in/wp-content/uploads/2020/11/QCO-on-144-Steel-Steel-Products-1.pdf | https://bis.gov.in/wp-content/uploads/2021/01/145-QCO-Order.pdf | https://bis.gov.in/wp-content/uploads/2021/04/Order-of-extension-in-the-enforcement-date-for-Indian-Standards-covered-under-the-Quality-Control-Order-namely-IS-3748-IS-7291-and-IS-12146.pdf | https://bis.gov.in/wp-content/uploads/2021/04/Order-of-extension-in-the-enforcement-date-for-some-Indian-Standards-covered-under-the-Quality-Control-Order-namely-IS-4398-and-IS-3195.pdf | https://bis.gov.in/wp-content/uploads/2021/04/ORDERO1.pdf | https://bis.gov.in/wp-content/uploads/2021/06/Order-for-extension-in-date-of-enforcement-for-IS-1110-and-IS-4409.pdf | https://bis.gov.in/wp-content/uploads/2021/06/Order-of-Extension-in-date-of-enforcement-of-IS-4432-IS-5518-IS-12145-IS-13387-IS-4072-IS-13352-covered-under-Qulaity-Control-Order.pdf | https://bis.gov.in/wp-content/uploads/2021/06/Order-of-Extension-in-date-of-enforcement-of-IS-7226-and-IS-14331-covered-under-Qulaity-Control-Order.pdf | https://bis.gov.in/wp-content/uploads/2021/06/Order-of-Extension-in-date-of-enforcement-of-IS-6529-covered-under-Qulaity-Control-Order.pdf | https://bis.gov.in/wp-content/uploads/2021/06/Order-of-extension-in-the-enforcement-date-of-Quality-Control-Order-for-Tin-Plate-and-Tin-Free-Steel.pdf | https://bis.gov.in/wp-content/uploads/2021/08/Extension-in-the-date-of-enforcement-of-Quality-Control-Order-on-IS-3748-IS-7291-and-IS-12146.pdf | https://bis.gov.in/wp-content/uploads/2021/09/Order-of-extension-in-the-date-of-enforcement-of-Quality-Control-Order-for-Indian-Standards-IS-4454-Part-4-IS-11946-IS-11947.pdf | https://bis.gov.in/wp-content/uploads/2021/12/Extension-order-in-the-date-of-enforcement-of-Quality-Control-Order-for-Indian-Standards-IS-1110-1990-and-IS-4409-1973.pdf | https://bis.gov.in/wp-content/uploads/2021/12/Extension-order-IS-14331.pdf | https://bis.gov.in/wp-content/uploads/2021/12/Extension-order-IS-13387.pdf | https://bis.gov.in/wp-content/uploads/2022/05/QCO-Extension-Order-26042022.pdf | https://bis.gov.in/wp-content/uploads/2022/11/Ministry-of-Steel-Order-for-extension-of-date-of-implementation-IS-1110-IS-4409.pdf | https://bis.gov.in/wp-content/uploads/2023/02/Extension-oreder-of-IS-4409.pdf | https://bis.gov.in/wp-content/uploads/2023/07/Extension-order-IS-4409-dt-25-07-2023.pdf | https://bis.gov.in/wp-content/uploads/2024/02/Steel-Steel-Product-QCO-2024.pdf | https://bis.gov.in/wp-content/uploads/2024/05/Ferrocnickel-Extension-Quality-Control-Order-2024.pdf | https://bis.gov.in/wp-content/uploads/2024/08/IS-4409-2023-Specification-for-Ferronickel.pdf | https://bis.gov.in/wp-content/uploads/2024/09/Steel-and-Steel-Products-QCO-2024.pdf | https://www.bis.gov.in/wp-content/uploads/2025/11/Steel-and-Steel-Products-Quality-Control-Amendment-Order-2025.pdf | https://www.bis.gov.in/wp-content/uploads/2026/06/Steel-and-Steel-Products-Quality-Control-Amendment-Order-2026-1.pdf,2026-09-03
Stainless Steel Bars and Flats,Steel and Iron Products,Scheme I (ISI Mark),IS 6603:2001,,S.O. 756(E),,14-02-2020,,,https://bis.gov.in/wp-content/uploads/2020/03/Steel-QCO-14022020-1.pdf | https://bis.gov.in/wp-content/uploads/2020/06/Steel-QCO-2020-dated-27th-May-2020.pdf | https://bis.gov.in/wp-content/uploads/2020/07/Steel-QCO-dated-17-July-2020-with-corrigendum.pdf | https://bis.gov.in/wp-content/uploads/2020/07/Steel-QCO-extension-order.pdf | https://bis.gov.in/wp-content/uploads/2020/10/Order-of-Extension-in-the-date-of-enforcement-of-Quality-Control-Order.pdf | https://bis.gov.in/wp-content/uploads/2020/11/QCO-on-144-Steel-Steel-Products-1.pdf | https://bis.gov.in/wp-content/uploads/2021/01/145-QCO-Order.pdf | https://bis.gov.in/wp-content/uploads/2021/04/Order-of-extension-in-the-enforcement-date-for-Indian-Standards-covered-under-the-Quality-Control-Order-namely-IS-3748-IS-7291-and-IS-12146.pdf | https://bis.gov.in/wp-content/uploads/2021/04/Order-of-extension-in-the-enforcement-date-for-some-Indian-Standards-covered-under-the-Quality-Control-Order-namely-IS-4398-and-IS-3195.pdf | https://bis.gov.in/wp-content/uploads/2021/04/ORDERO1.pdf | https://bis.gov.in/wp-content/uploads/2021/06/Order-for-extension-in-date-of-enforcement-for-IS-1110-and-IS-4409.pdf | https://bis.gov.in/wp-content/uploads/2021/06/Order-of-Extension-in-date-of-enforcement-of-IS-4432-IS-5518-IS-12145-IS-13387-IS-4072-IS-13352-covered-under-Qulaity-Control-Order.pdf | https://bis.gov.in/wp-content/uploads/2021/06/Order-of-Extension-in-date-of-enforcement-of-IS-7226-and-IS-14331-covered-under-Qulaity-Control-Order.pdf | https://bis.gov.in/wp-content/uploads/2021/06/Order-of-Extension-in-date-of-enforcement-of-IS-6529-covered-under-Qulaity-Control-Order.pdf | https://bis.gov.in/wp-content/uploads/2021/06/Order-of-extension-in-the-enforcement-date-of-Quality-Control-Order-for-Tin-Plate-and-Tin-Free-Steel.pdf | https://bis.gov.in/wp-content/uploads/2021/08/Extension-in-the-date-of-enforcement-of-Quality-Control-Order-on-IS-3748-IS-7291-and-IS-12146.pdf | https://bis.gov.in/wp-content/uploads/2021/09/Order-of-extension-in-the-date-of-enforcement-of-Quality-Control-Order-for-Indian-Standards-IS-4454-Part-4-IS-11946-IS-11947.pdf | https://bis.gov.in/wp-content/uploads/2021/12/Extension-order-in-the-date-of-enforcement-of-Quality-Control-Order-for-Indian-Standards-IS-1110-1990-and-IS-4409-1973.pdf | https://bis.gov.in/wp-content/uploads/2021/12/Extension-order-IS-14331.pdf | https://bis.gov.in/wp-content/uploads/2021/12/Extension-order-IS-13387.pdf | https://bis.gov.in/wp-content/uploads/2022/05/QCO-Extension-Order-26042022.pdf | https://bis.gov.in/wp-content/uploads/2022/11/Ministry-of-Steel-Order-for-extension-of-date-of-implementation-IS-1110-IS-4409.pdf | https://bis.gov.in/wp-content/uploads/2023/02/Extension-oreder-of-IS-4409.pdf | https://bis.gov.in/wp-content/uploads/2023/07/Extension-order-IS-4409-dt-25-07-2023.pdf | https://bis.gov.in/wp-content/uploads/2024/02/Steel-Steel-Product-QCO-2024.pdf | https://bis.gov.in/wp-content/uploads/2024/05/Ferrocnickel-Extension-Quality-Control-Order-2024.pdf | https://bis.gov.in/wp-content/uploads/2024/08/IS-4409-2023-Specification-for-Ferronickel.pdf | https://bis.gov.in/wp-content/uploads/2024/09/Steel-and-Steel-Products-QCO-2024.pdf | https://www.bis.gov.in/wp-content/uploads/2025/11/Steel-and-Steel-Products-Quality-Control-Amendment-Order-2025.pdf | https://www.bis.gov.in/wp-content/uploads/2026/06/Steel-and-Steel-Products-Quality-Control-Amendment-Order-2026-1.pdf,2026-09-03
6Stainless Steel sheets and strips for utensils- Specification &nbsp;,Steel and Iron Products,Scheme I (ISI Mark),IS 5522:2014,,S.O. 756(E),,14-02-2020,,,https://bis.gov.in/wp-content/uploads/2020/03/Steel-QCO-14022020-1.pdf | https://bis.gov.in/wp-content/uploads/2020/06/Steel-QCO-2020-dated-27th-May-2020.pdf | https://bis.gov.in/wp-content/uploads/2020/07/Steel-QCO-dated-17-July-2020-with-corrigendum.pdf | https://bis.gov.in/wp-content/uploads/2020/07/Steel-QCO-extension-order.pdf | https://bis.gov.in/wp-content/uploads/2020/10/Order-of-Extension-in-the-date-of-enforcement-of-Quality-Control-Order.pdf | https://bis.gov.in/wp-content/uploads/2020/11/QCO-on-144-Steel-Steel-Products-1.pdf | https://bis.gov.in/wp-content/uploads/2021/01/145-QCO-Order.pdf | https://bis.gov.in/wp-content/uploads/2021/04/Order-of-extension-in-the-enforcement-date-for-Indian-Standards-covered-under-the-Quality-Control-Order-namely-IS-3748-IS-7291-and-IS-12146.pdf | https://bis.gov.in/wp-content/uploads/2021/04/Order-of-extension-in-the-enforcement-date-for-some-Indian-Standards-covered-under-the-Quality-Control-Order-namely-IS-4398-and-IS-3195.pdf | https://bis.gov.in/wp-content/uploads/2021/04/ORDERO1.pdf | https://bis.gov.in/wp-content/uploads/2021/06/Order-for-extension-in-date-of-enforcement-for-IS-1110-and-IS-4409.pdf | https://bis.gov.in/wp-content/uploads/2021/06/Order-of-Extension-in-date-of-enforcement-of-IS-4432-IS-5518-IS-12145-IS-13387-IS-4072-IS-13352-covered-under-Qulaity-Control-Order.pdf | https://bis.gov.in/wp-content/uploads/2021/06/Order-of-Extension-in-date-of-enforcement-of-IS-7226-and-IS-14331-covered-under-Qulaity-Control-Order.pdf | https://bis.gov.in/wp-content/uploads/2021/06/Order-of-Extension-in-date-of-enforcement-of-IS-6529-covered-under-Qulaity-Control-Order.pdf | https://bis.gov.in/wp-content/uploads/2021/06/Order-of-extension-in-the-enforcement-date-of-Quality-Control-Order-for-Tin-Plate-and-Tin-Free-Steel.pdf | https://bis.gov.in/wp-content/uploads/2021/08/Extension-in-the-date-of-enforcement-of-Quality-Control-Order-on-IS-3748-IS-7291-and-IS-12146.pdf | https://bis.gov.in/wp-content/uploads/2021/09/Order-of-extension-in-the-date-of-enforcement-of-Quality-Control-Order-for-Indian-Standards-IS-4454-Part-4-IS-11946-IS-11947.pdf | https://bis.gov.in/wp-content/uploads/2021/12/Extension-order-in-the-date-of-enforcement-of-Quality-Control-Order-for-Indian-Standards-IS-1110-1990-and-IS-4409-1973.pdf | https://bis.gov.in/wp-content/uploads/2021/12/Extension-order-IS-14331.pdf | https://bis.gov.in/wp-content/uploads/2021/12/Extension-order-IS-13387.pdf | https://bis.gov.in/wp-content/uploads/2022/05/QCO-Extension-Order-26042022.pdf | https://bis.gov.in/wp-content/uploads/2022/11/Ministry-of-Steel-Order-for-extension-of-date-of-implementation-IS-1110-IS-4409.pdf | https://bis.gov.in/wp-content/uploads/2023/02/Extension-oreder-of-IS-4409.pdf | https://bis.gov.in/wp-content/uploads/2023/07/Extension-order-IS-4409-dt-25-07-2023.pdf | https://bis.gov.in/wp-content/uploads/2024/02/Steel-Steel-Product-QCO-2024.pdf | https://bis.gov.in/wp-content/uploads/2024/05/Ferrocnickel-Extension-Quality-Control-Order-2024.pdf | https://bis.gov.in/wp-content/uploads/2024/08/IS-4409-2023-Specification-for-Ferronickel.pdf | https://bis.gov.in/wp-content/uploads/2024/09/Steel-and-Steel-Products-QCO-2024.pdf | https://www.bis.gov.in/wp-content/uploads/2025/11/Steel-and-Steel-Products-Quality-Control-Amendment-Order-2025.pdf | https://www.bis.gov.in/wp-content/uploads/2026/06/Steel-and-Steel-Products-Quality-Control-Amendment-Order-2026-1.pdf,2026-09-03
"Stainless Steel Plate, Sheet and Strip- Specification",Steel and Iron Products,Scheme I (ISI Mark),IS 6911:2017,,S.O. 756(E),,14-02-2020,,,https://bis.gov.in/wp-content/uploads/2020/03/Steel-QCO-14022020-1.pdf | https://bis.gov.in/wp-content/uploads/2020/06/Steel-QCO-2020-dated-27th-May-2020.pdf | https://bis.gov.in/wp-content/uploads/2020/07/Steel-QCO-dated-17-July-2020-with-corrigendum.pdf | https://bis.gov.in/wp-content/uploads/2020/07/Steel-QCO-extension-order.pdf | https://bis.gov.in/wp-content/uploads/2020/10/Order-of-Extension-in-the-date-of-enforcement-of-Quality-Control-Order.pdf | https://bis.gov.in/wp-content/uploads/2020/11/QCO-on-144-Steel-Steel-Products-1.pdf | https://bis.gov.in/wp-content/uploads/2021/01/145-QCO-Order.pdf | https://bis.gov.in/wp-content/uploads/2021/04/Order-of-extension-in-the-enforcement-date-for-Indian-Standards-covered-under-the-Quality-Control-Order-namely-IS-3748-IS-7291-and-IS-12146.pdf | https://bis.gov.in/wp-content/uploads/2021/04/Order-of-extension-in-the-enforcement-date-for-some-Indian-Standards-covered-under-the-Quality-Control-Order-namely-IS-4398-and-IS-3195.pdf | https://bis.gov.in/wp-content/uploads/2021/04/ORDERO1.pdf | https://bis.gov.in/wp-content/uploads/2021/06/Order-for-extension-in-date-of-enforcement-for-IS-1110-and-IS-4409.pdf | https://bis.gov.in/wp-content/uploads/2021/06/Order-of-Extension-in-date-of-enforcement-of-IS-4432-IS-5518-IS-12145-IS-13387-IS-4072-IS-13352-covered-under-Qulaity-Control-Order.pdf | https://bis.gov.in/wp-content/uploads/2021/06/Order-of-Extension-in-date-of-enforcement-of-IS-7226-and-IS-14331-covered-under-Qulaity-Control-Order.pdf | https://bis.gov.in/wp-content/uploads/2021/06/Order-of-Extension-in-date-of-enforcement-of-IS-6529-covered-under-Qulaity-Control-Order.pdf | https://bis.gov.in/wp-content/uploads/2021/06/Order-of-extension-in-the-enforcement-date-of-Quality-Control-Order-for-Tin-Plate-and-Tin-Free-Steel.pdf | https://bis.gov.in/wp-content/uploads/2021/08/Extension-in-the-date-of-enforcement-of-Quality-Control-Order-on-IS-3748-IS-7291-and-IS-12146.pdf | https://bis.gov.in/wp-content/uploads/2021/09/Order-of-extension-in-the-date-of-enforcement-of-Quality-Control-Order-for-Indian-Standards-IS-4454-Part-4-IS-11946-IS-11947.pdf | https://bis.gov.in/wp-content/uploads/2021/12/Extension-order-in-the-date-of-enforcement-of-Quality-Control-Order-for-Indian-Standards-IS-1110-1990-and-IS-4409-1973.pdf | https://bis.gov.in/wp-content/uploads/2021/12/Extension-order-IS-14331.pdf | https://bis.gov.in/wp-content/uploads/2021/12/Extension-order-IS-13387.pdf | https://bis.gov.in/wp-content/uploads/2022/05/QCO-Extension-Order-26042022.pdf | https://bis.gov.in/wp-content/uploads/2022/11/Ministry-of-Steel-Order-for-extension-of-date-of-implementation-IS-1110-IS-4409.pdf | https://bis.gov.in/wp-content/uploads/2023/02/Extension-oreder-of-IS-4409.pdf | https://bis.gov.in/wp-content/uploads/2023/07/Extension-order-IS-4409-dt-25-07-2023.pdf | https://bis.gov.in/wp-content/uploads/2024/02/Steel-Steel-Product-QCO-2024.pdf | https://bis.gov.in/wp-content/uploads/2024/05/Ferrocnickel-Extension-Quality-Control-Order-2024.pdf | https://bis.gov.in/wp-content/uploads/2024/08/IS-4409-2023-Specification-for-Ferronickel.pdf | https://bis.gov.in/wp-content/uploads/2024/09/Steel-and-Steel-Products-QCO-2024.pdf | https://www.bis.gov.in/wp-content/uploads/2025/11/Steel-and-Steel-Products-Quality-Control-Amendment-Order-2025.pdf | https://www.bis.gov.in/wp-content/uploads/2026/06/Steel-and-Steel-Products-Quality-Control-Amendment-Order-2026-1.pdf,2026-09-03
Low Nickel Austenitic Stainless Steel Sheet and Strip For Utensils and Kitchen Applications- Specification,Steel and Iron Products,Scheme I (ISI Mark),IS 15997:2012,,S.O. 756(E),,14-02-2020,,,https://bis.gov.in/wp-content/uploads/2020/03/Steel-QCO-14022020-1.pdf | https://bis.gov.in/wp-content/uploads/2020/06/Steel-QCO-2020-dated-27th-May-2020.pdf | https://bis.gov.in/wp-content/uploads/2020/07/Steel-QCO-dated-17-July-2020-with-corrigendum.pdf | https://bis.gov.in/wp-content/uploads/2020/07/Steel-QCO-extension-order.pdf | https://bis.gov.in/wp-content/uploads/2020/10/Order-of-Extension-in-the-date-of-enforcement-of-Quality-Control-Order.pdf | https://bis.gov.in/wp-content/uploads/2020/11/QCO-on-144-Steel-Steel-Products-1.pdf | https://bis.gov.in/wp-content/uploads/2021/01/145-QCO-Order.pdf | https://bis.gov.in/wp-content/uploads/2021/04/Order-of-extension-in-the-enforcement-date-for-Indian-Standards-covered-under-the-Quality-Control-Order-namely-IS-3748-IS-7291-and-IS-12146.pdf | https://bis.gov.in/wp-content/uploads/2021/04/Order-of-extension-in-the-enforcement-date-for-some-Indian-Standards-covered-under-the-Quality-Control-Order-namely-IS-4398-and-IS-3195.pdf | https://bis.gov.in/wp-content/uploads/2021/04/ORDERO1.pdf | https://bis.gov.in/wp-content/uploads/2021/06/Order-for-extension-in-date-of-enforcement-for-IS-1110-and-IS-4409.pdf | https://bis.gov.in/wp-content/uploads/2021/06/Order-of-Extension-in-date-of-enforcement-of-IS-4432-IS-5518-IS-12145-IS-13387-IS-4072-IS-13352-covered-under-Qulaity-Control-Order.pdf | https://bis.gov.in/wp-content/uploads/2021/06/Order-of-Extension-in-date-of-enforcement-of-IS-7226-and-IS-14331-covered-under-Qulaity-Control-Order.pdf | https://bis.gov.in/wp-content/uploads/2021/06/Order-of-Extension-in-date-of-enforcement-of-IS-6529-covered-under-Qulaity-Control-Order.pdf | https://bis.gov.in/wp-content/uploads/2021/06/Order-of-extension-in-the-enforcement-date-of-Quality-Control-Order-for-Tin-Plate-and-Tin-Free-Steel.pdf | https://bis.gov.in/wp-content/uploads/2021/08/Extension-in-the-date-of-enforcement-of-Quality-Control-Order-on-IS-3748-IS-7291-and-IS-12146.pdf | https://bis.gov.in/wp-content/uploads/2021/09/Order-of-extension-in-the-date-of-enforcement-of-Quality-Control-Order-for-Indian-Standards-IS-4454-Part-4-IS-11946-IS-11947.pdf | https://bis.gov.in/wp-content/uploads/2021/12/Extension-order-in-the-date-of-enforcement-of-Quality-Control-Order-for-Indian-Standards-IS-1110-1990-and-IS-4409-1973.pdf | https://bis.gov.in/wp-content/uploads/2021/12/Extension-order-IS-14331.pdf | https://bis.gov.in/wp-content/uploads/2021/12/Extension-order-IS-13387.pdf | https://bis.gov.in/wp-content/uploads/2022/05/QCO-Extension-Order-26042022.pdf | https://bis.gov.in/wp-content/uploads/2022/11/Ministry-of-Steel-Order-for-extension-of-date-of-implementation-IS-1110-IS-4409.pdf | https://bis.gov.in/wp-content/uploads/2023/02/Extension-oreder-of-IS-4409.pdf | https://bis.gov.in/wp-content/uploads/2023/07/Extension-order-IS-4409-dt-25-07-2023.pdf | https://bis.gov.in/wp-content/uploads/2024/02/Steel-Steel-Product-QCO-2024.pdf | https://bis.gov.in/wp-content/uploads/2024/05/Ferrocnickel-Extension-Quality-Control-Order-2024.pdf | https://bis.gov.in/wp-content/uploads/2024/08/IS-4409-2023-Specification-for-Ferronickel.pdf | https://bis.gov.in/wp-content/uploads/2024/09/Steel-and-Steel-Products-QCO-2024.pdf | https://www.bis.gov.in/wp-content/uploads/2025/11/Steel-and-Steel-Products-Quality-Control-Amendment-Order-2025.pdf | https://www.bis.gov.in/wp-content/uploads/2026/06/Steel-and-Steel-Products-Quality-Control-Amendment-Order-2026-1.pdf,2026-09-03
Ferrosilicon – Specification,Steel and Iron Products,Scheme I (ISI Mark),IS 1110 : 1990,,S.O. 756(E),,14-02-2020,,,https://bis.gov.in/wp-content/uploads/2020/03/Steel-QCO-14022020-1.pdf | https://bis.gov.in/wp-content/uploads/2020/06/Steel-QCO-2020-dated-27th-May-2020.pdf | https://bis.gov.in/wp-content/uploads/2020/07/Steel-QCO-dated-17-July-2020-with-corrigendum.pdf | https://bis.gov.in/wp-content/uploads/2020/07/Steel-QCO-extension-order.pdf | https://bis.gov.in/wp-content/uploads/2020/10/Order-of-Extension-in-the-date-of-enforcement-of-Quality-Control-Order.pdf | https://bis.gov.in/wp-content/uploads/2020/11/QCO-on-144-Steel-Steel-Products-1.pdf | https://bis.gov.in/wp-content/uploads/2021/01/145-QCO-Order.pdf | https://bis.gov.in/wp-content/uploads/2021/04/Order-of-extension-in-the-enforcement-date-for-Indian-Standards-covered-under-the-Quality-Control-Order-namely-IS-3748-IS-7291-and-IS-12146.pdf | https://bis.gov.in/wp-content/uploads/2021/04/Order-of-extension-in-the-enforcement-date-for-some-Indian-Standards-covered-under-the-Quality-Control-Order-namely-IS-4398-and-IS-3195.pdf | https://bis.gov.in/wp-content/uploads/2021/04/ORDERO1.pdf | https://bis.gov.in/wp-content/uploads/2021/06/Order-for-extension-in-date-of-enforcement-for-IS-1110-and-IS-4409.pdf | https://bis.gov.in/wp-content/uploads/2021/06/Order-of-Extension-in-date-of-enforcement-of-IS-4432-IS-5518-IS-12145-IS-13387-IS-4072-IS-13352-covered-under-Qulaity-Control-Order.pdf | https://bis.gov.in/wp-content/uploads/2021/06/Order-of-Extension-in-date-of-enforcement-of-IS-7226-and-IS-14331-covered-under-Qulaity-Control-Order.pdf | https://bis.gov.in/wp-content/uploads/2021/06/Order-of-Extension-in-date-of-enforcement-of-IS-6529-covered-under-Qulaity-Control-Order.pdf | https://bis.gov.in/wp-content/uploads/2021/06/Order-of-extension-in-the-enforcement-date-of-Quality-Control-Order-for-Tin-Plate-and-Tin-Free-Steel.pdf | https://bis.gov.in/wp-content/uploads/2021/08/Extension-in-the-date-of-enforcement-of-Quality-Control-Order-on-IS-3748-IS-7291-and-IS-12146.pdf | https://bis.gov.in/wp-content/uploads/2021/09/Order-of-extension-in-the-date-of-enforcement-of-Quality-Control-Order-for-Indian-Standards-IS-4454-Part-4-IS-11946-IS-11947.pdf | https://bis.gov.in/wp-content/uploads/2021/12/Extension-order-in-the-date-of-enforcement-of-Quality-Control-Order-for-Indian-Standards-IS-1110-1990-and-IS-4409-1973.pdf | https://bis.gov.in/wp-content/uploads/2021/12/Extension-order-IS-14331.pdf | https://bis.gov.in/wp-content/uploads/2021/12/Extension-order-IS-13387.pdf | https://bis.gov.in/wp-content/uploads/2022/05/QCO-Extension-Order-26042022.pdf | https://bis.gov.in/wp-content/uploads/2022/11/Ministry-of-Steel-Order-for-extension-of-date-of-implementation-IS-1110-IS-4409.pdf | https://bis.gov.in/wp-content/uploads/2023/02/Extension-oreder-of-IS-4409.pdf | https://bis.gov.in/wp-content/uploads/2023/07/Extension-order-IS-4409-dt-25-07-2023.pdf | https://bis.gov.in/wp-content/uploads/2024/02/Steel-Steel-Product-QCO-2024.pdf | https://bis.gov.in/wp-content/uploads/2024/05/Ferrocnickel-Extension-Quality-Control-Order-2024.pdf | https://bis.gov.in/wp-content/uploads/2024/08/IS-4409-2023-Specification-for-Ferronickel.pdf | https://bis.gov.in/wp-content/uploads/2024/09/Steel-and-Steel-Products-QCO-2024.pdf | https://www.bis.gov.in/wp-content/uploads/2025/11/Steel-and-Steel-Products-Quality-Control-Amendment-Order-2025.pdf | https://www.bis.gov.in/wp-content/uploads/2026/06/Steel-and-Steel-Products-Quality-Control-Amendment-Order-2026-1.pdf,2026-09-03
Specification for Ferronickel,Steel and Iron Products,Scheme I (ISI Mark),IS 4409 : 1973,,S.O. 756(E),,14-02-2020,,,https://bis.gov.in/wp-content/uploads/2020/03/Steel-QCO-14022020-1.pdf | https://bis.gov.in/wp-content/uploads/2020/06/Steel-QCO-2020-dated-27th-May-2020.pdf | https://bis.gov.in/wp-content/uploads/2020/07/Steel-QCO-dated-17-July-2020-with-corrigendum.pdf | https://bis.gov.in/wp-content/uploads/2020/07/Steel-QCO-extension-order.pdf | https://bis.gov.in/wp-content/uploads/2020/10/Order-of-Extension-in-the-date-of-enforcement-of-Quality-Control-Order.pdf | https://bis.gov.in/wp-content/uploads/2020/11/QCO-on-144-Steel-Steel-Products-1.pdf | https://bis.gov.in/wp-content/uploads/2021/01/145-QCO-Order.pdf | https://bis.gov.in/wp-content/uploads/2021/04/Order-of-extension-in-the-enforcement-date-for-Indian-Standards-covered-under-the-Quality-Control-Order-namely-IS-3748-IS-7291-and-IS-12146.pdf | https://bis.gov.in/wp-content/uploads/2021/04/Order-of-extension-in-the-enforcement-date-for-some-Indian-Standards-covered-under-the-Quality-Control-Order-namely-IS-4398-and-IS-3195.pdf | https://bis.gov.in/wp-content/uploads/2021/04/ORDERO1.pdf | https://bis.gov.in/wp-content/uploads/2021/06/Order-for-extension-in-date-of-enforcement-for-IS-1110-and-IS-4409.pdf | https://bis.gov.in/wp-content/uploads/2021/06/Order-of-Extension-in-date-of-enforcement-of-IS-4432-IS-5518-IS-12145-IS-13387-IS-4072-IS-13352-covered-under-Qulaity-Control-Order.pdf | https://bis.gov.in/wp-content/uploads/2021/06/Order-of-Extension-in-date-of-enforcement-of-IS-7226-and-IS-14331-covered-under-Qulaity-Control-Order.pdf | https://bis.gov.in/wp-content/uploads/2021/06/Order-of-Extension-in-date-of-enforcement-of-IS-6529-covered-under-Qulaity-Control-Order.pdf | https://bis.gov.in/wp-content/uploads/2021/06/Order-of-extension-in-the-enforcement-date-of-Quality-Control-Order-for-Tin-Plate-and-Tin-Free-Steel.pdf | https://bis.gov.in/wp-content/uploads/2021/08/Extension-in-the-date-of-enforcement-of-Quality-Control-Order-on-IS-3748-IS-7291-and-IS-12146.pdf | https://bis.gov.in/wp-content/uploads/2021/09/Order-of-extension-in-the-date-of-enforcement-of-Quality-Control-Order-for-Indian-Standards-IS-4454-Part-4-IS-11946-IS-11947.pdf | https://bis.gov.in/wp-content/uploads/2021/12/Extension-order-in-the-date-of-enforcement-of-Quality-Control-Order-for-Indian-Standards-IS-1110-1990-and-IS-4409-1973.pdf | https://bis.gov.in/wp-content/uploads/2021/12/Extension-order-IS-14331.pdf | https://bis.gov.in/wp-content/uploads/2021/12/Extension-order-IS-13387.pdf | https://bis.gov.in/wp-content/uploads/2022/05/QCO-Extension-Order-26042022.pdf | https://bis.gov.in/wp-content/uploads/2022/11/Ministry-of-Steel-Order-for-extension-of-date-of-implementation-IS-1110-IS-4409.pdf | https://bis.gov.in/wp-content/uploads/2023/02/Extension-oreder-of-IS-4409.pdf | https://bis.gov.in/wp-content/uploads/2023/07/Extension-order-IS-4409-dt-25-07-2023.pdf | https://bis.gov.in/wp-content/uploads/2024/02/Steel-Steel-Product-QCO-2024.pdf | https://bis.gov.in/wp-content/uploads/2024/05/Ferrocnickel-Extension-Quality-Control-Order-2024.pdf | https://bis.gov.in/wp-content/uploads/2024/08/IS-4409-2023-Specification-for-Ferronickel.pdf | https://bis.gov.in/wp-content/uploads/2024/09/Steel-and-Steel-Products-QCO-2024.pdf | https://www.bis.gov.in/wp-content/uploads/2025/11/Steel-and-Steel-Products-Quality-Control-Amendment-Order-2025.pdf | https://www.bis.gov.in/wp-content/uploads/2026/06/Steel-and-Steel-Products-Quality-Control-Amendment-Order-2026-1.pdf,2026-09-03
Specification for Hot rolled steel strip (bailing),Steel and Iron Products,Scheme I (ISI Mark),IS 1029 : 1970,,S.O. 756(E),,14-02-2020,,,https://bis.gov.in/wp-content/uploads/2020/03/Steel-QCO-14022020-1.pdf | https://bis.gov.in/wp-content/uploads/2020/06/Steel-QCO-2020-dated-27th-May-2020.pdf | https://bis.gov.in/wp-content/uploads/2020/07/Steel-QCO-dated-17-July-2020-with-corrigendum.pdf | https://bis.gov.in/wp-content/uploads/2020/07/Steel-QCO-extension-order.pdf | https://bis.gov.in/wp-content/uploads/2020/10/Order-of-Extension-in-the-date-of-enforcement-of-Quality-Control-Order.pdf | https://bis.gov.in/wp-content/uploads/2020/11/QCO-on-144-Steel-Steel-Products-1.pdf | https://bis.gov.in/wp-content/uploads/2021/01/145-QCO-Order.pdf | https://bis.gov.in/wp-content/uploads/2021/04/Order-of-extension-in-the-enforcement-date-for-Indian-Standards-covered-under-the-Quality-Control-Order-namely-IS-3748-IS-7291-and-IS-12146.pdf | https://bis.gov.in/wp-content/uploads/2021/04/Order-of-extension-in-the-enforcement-date-for-some-Indian-Standards-covered-under-the-Quality-Control-Order-namely-IS-4398-and-IS-3195.pdf | https://bis.gov.in/wp-content/uploads/2021/04/ORDERO1.pdf | https://bis.gov.in/wp-content/uploads/2021/06/Order-for-extension-in-date-of-enforcement-for-IS-1110-and-IS-4409.pdf | https://bis.gov.in/wp-content/uploads/2021/06/Order-of-Extension-in-date-of-enforcement-of-IS-4432-IS-5518-IS-12145-IS-13387-IS-4072-IS-13352-covered-under-Qulaity-Control-Order.pdf | https://bis.gov.in/wp-content/uploads/2021/06/Order-of-Extension-in-date-of-enforcement-of-IS-7226-and-IS-14331-covered-under-Qulaity-Control-Order.pdf | https://bis.gov.in/wp-content/uploads/2021/06/Order-of-Extension-in-date-of-enforcement-of-IS-6529-covered-under-Qulaity-Control-Order.pdf | https://bis.gov.in/wp-content/uploads/2021/06/Order-of-extension-in-the-enforcement-date-of-Quality-Control-Order-for-Tin-Plate-and-Tin-Free-Steel.pdf | https://bis.gov.in/wp-content/uploads/2021/08/Extension-in-the-date-of-enforcement-of-Quality-Control-Order-on-IS-3748-IS-7291-and-IS-12146.pdf | https://bis.gov.in/wp-content/uploads/2021/09/Order-of-extension-in-the-date-of-enforcement-of-Quality-Control-Order-for-Indian-Standards-IS-4454-Part-4-IS-11946-IS-11947.pdf | https://bis.gov.in/wp-content/uploads/2021/12/Extension-order-in-the-date-of-enforcement-of-Quality-Control-Order-for-Indian-Standards-IS-1110-1990-and-IS-4409-1973.pdf | https://bis.gov.in/wp-content/uploads/2021/12/Extension-order-IS-14331.pdf | https://bis.gov.in/wp-content/uploads/2021/12/Extension-order-IS-13387.pdf | https://bis.gov.in/wp-content/uploads/2022/05/QCO-Extension-Order-26042022.pdf | https://bis.gov.in/wp-content/uploads/2022/11/Ministry-of-Steel-Order-for-extension-of-date-of-implementation-IS-1110-IS-4409.pdf | https://bis.gov.in/wp-content/uploads/2023/02/Extension-oreder-of-IS-4409.pdf | https://bis.gov.in/wp-content/uploads/2023/07/Extension-order-IS-4409-dt-25-07-2023.pdf | https://bis.gov.in/wp-content/uploads/2024/02/Steel-Steel-Product-QCO-2024.pdf | https://bis.gov.in/wp-content/uploads/2024/05/Ferrocnickel-Extension-Quality-Control-Order-2024.pdf | https://bis.gov.in/wp-content/uploads/2024/08/IS-4409-2023-Specification-for-Ferronickel.pdf | https://bis.gov.in/wp-content/uploads/2024/09/Steel-and-Steel-Products-QCO-2024.pdf | https://www.bis.gov.in/wp-content/uploads/2025/11/Steel-and-Steel-Products-Quality-Control-Amendment-Order-2025.pdf | https://www.bis.gov.in/wp-content/uploads/2026/06/Steel-and-Steel-Products-Quality-Control-Amendment-Order-2026-1.pdf,2026-09-03
Specification for Hot-rolled mild steel sheet and strip in coil form for cold-reduced tinplate and cold-reduced black plate,Steel and Iron Products,Scheme I (ISI Mark),IS 2385 : 1977,,S.O. 756(E),,14-02-2020,,,https://bis.gov.in/wp-content/uploads/2020/03/Steel-QCO-14022020-1.pdf | https://bis.gov.in/wp-content/uploads/2020/06/Steel-QCO-2020-dated-27th-May-2020.pdf | https://bis.gov.in/wp-content/uploads/2020/07/Steel-QCO-dated-17-July-2020-with-corrigendum.pdf | https://bis.gov.in/wp-content/uploads/2020/07/Steel-QCO-extension-order.pdf | https://bis.gov.in/wp-content/uploads/2020/10/Order-of-Extension-in-the-date-of-enforcement-of-Quality-Control-Order.pdf | https://bis.gov.in/wp-content/uploads/2020/11/QCO-on-144-Steel-Steel-Products-1.pdf | https://bis.gov.in/wp-content/uploads/2021/01/145-QCO-Order.pdf | https://bis.gov.in/wp-content/uploads/2021/04/Order-of-extension-in-the-enforcement-date-for-Indian-Standards-covered-under-the-Quality-Control-Order-namely-IS-3748-IS-7291-and-IS-12146.pdf | https://bis.gov.in/wp-content/uploads/2021/04/Order-of-extension-in-the-enforcement-date-for-some-Indian-Standards-covered-under-the-Quality-Control-Order-namely-IS-4398-and-IS-3195.pdf | https://bis.gov.in/wp-content/uploads/2021/04/ORDERO1.pdf | https://bis.gov.in/wp-content/uploads/2021/06/Order-for-extension-in-date-of-enforcement-for-IS-1110-and-IS-4409.pdf | https://bis.gov.in/wp-content/uploads/2021/06/Order-of-Extension-in-date-of-enforcement-of-IS-4432-IS-5518-IS-12145-IS-13387-IS-4072-IS-13352-covered-under-Qulaity-Control-Order.pdf | https://bis.gov.in/wp-content/uploads/2021/06/Order-of-Extension-in-date-of-enforcement-of-IS-7226-and-IS-14331-covered-under-Qulaity-Control-Order.pdf | https://bis.gov.in/wp-content/uploads/2021/06/Order-of-Extension-in-date-of-enforcement-of-IS-6529-covered-under-Qulaity-Control-Order.pdf | https://bis.gov.in/wp-content/uploads/2021/06/Order-of-extension-in-the-enforcement-date-of-Quality-Control-Order-for-Tin-Plate-and-Tin-Free-Steel.pdf | https://bis.gov.in/wp-content/uploads/2021/08/Extension-in-the-date-of-enforcement-of-Quality-Control-Order-on-IS-3748-IS-7291-and-IS-12146.pdf | https://bis.gov.in/wp-content/uploads/2021/09/Order-of-extension-in-the-date-of-enforcement-of-Quality-Control-Order-for-Indian-Standards-IS-4454-Part-4-IS-11946-IS-11947.pdf | https://bis.gov.in/wp-content/uploads/2021/12/Extension-order-in-the-date-of-enforcement-of-Quality-Control-Order-for-Indian-Standards-IS-1110-1990-and-IS-4409-1973.pdf | https://bis.gov.in/wp-content/uploads/2021/12/Extension-order-IS-14331.pdf | https://bis.gov.in/wp-content/uploads/2021/12/Extension-order-IS-13387.pdf | https://bis.gov.in/wp-content/uploads/2022/05/QCO-Extension-Order-26042022.pdf | https://bis.gov.in/wp-content/uploads/2022/11/Ministry-of-Steel-Order-for-extension-of-date-of-implementation-IS-1110-IS-4409.pdf | https://bis.gov.in/wp-content/uploads/2023/02/Extension-oreder-of-IS-4409.pdf | https://bis.gov.in/wp-content/uploads/2023/07/Extension-order-IS-4409-dt-25-07-2023.pdf | https://bis.gov.in/wp-content/uploads/2024/02/Steel-Steel-Product-QCO-2024.pdf | https://bis.gov.in/wp-content/uploads/2024/05/Ferrocnickel-Extension-Quality-Control-Order-2024.pdf | https://bis.gov.in/wp-content/uploads/2024/08/IS-4409-2023-Specification-for-Ferronickel.pdf | https://bis.gov.in/wp-content/uploads/2024/09/Steel-and-Steel-Products-QCO-2024.pdf | https://www.bis.gov.in/wp-content/uploads/2025/11/Steel-and-Steel-Products-Quality-Control-Amendment-Order-2025.pdf | https://www.bis.gov.in/wp-content/uploads/2026/06/Steel-and-Steel-Products-Quality-Control-Amendment-Order-2026-1.pdf,2026-09-03
Specification for Structural steel for construction of hulls of ships,Steel and Iron Products,Scheme I (ISI Mark),IS 3039 : 1988,,S.O. 756(E),,14-02-2020,,,https://bis.gov.in/wp-content/uploads/2020/03/Steel-QCO-14022020-1.pdf | https://bis.gov.in/wp-content/uploads/2020/06/Steel-QCO-2020-dated-27th-May-2020.pdf | https://bis.gov.in/wp-content/uploads/2020/07/Steel-QCO-dated-17-July-2020-with-corrigendum.pdf | https://bis.gov.in/wp-content/uploads/2020/07/Steel-QCO-extension-order.pdf | https://bis.gov.in/wp-content/uploads/2020/10/Order-of-Extension-in-the-date-of-enforcement-of-Quality-Control-Order.pdf | https://bis.gov.in/wp-content/uploads/2020/11/QCO-on-144-Steel-Steel-Products-1.pdf | https://bis.gov.in/wp-content/uploads/2021/01/145-QCO-Order.pdf | https://bis.gov.in/wp-content/uploads/2021/04/Order-of-extension-in-the-enforcement-date-for-Indian-Standards-covered-under-the-Quality-Control-Order-namely-IS-3748-IS-7291-and-IS-12146.pdf | https://bis.gov.in/wp-content/uploads/2021/04/Order-of-extension-in-the-enforcement-date-for-some-Indian-Standards-covered-under-the-Quality-Control-Order-namely-IS-4398-and-IS-3195.pdf | https://bis.gov.in/wp-content/uploads/2021/04/ORDERO1.pdf | https://bis.gov.in/wp-content/uploads/2021/06/Order-for-extension-in-date-of-enforcement-for-IS-1110-and-IS-4409.pdf | https://bis.gov.in/wp-content/uploads/2021/06/Order-of-Extension-in-date-of-enforcement-of-IS-4432-IS-5518-IS-12145-IS-13387-IS-4072-IS-13352-covered-under-Qulaity-Control-Order.pdf | https://bis.gov.in/wp-content/uploads/2021/06/Order-of-Extension-in-date-of-enforcement-of-IS-7226-and-IS-14331-covered-under-Qulaity-Control-Order.pdf | https://bis.gov.in/wp-content/uploads/2021/06/Order-of-Extension-in-date-of-enforcement-of-IS-6529-covered-under-Qulaity-Control-Order.pdf | https://bis.gov.in/wp-content/uploads/2021/06/Order-of-extension-in-the-enforcement-date-of-Quality-Control-Order-for-Tin-Plate-and-Tin-Free-Steel.pdf | https://bis.gov.in/wp-content/uploads/2021/08/Extension-in-the-date-of-enforcement-of-Quality-Control-Order-on-IS-3748-IS-7291-and-IS-12146.pdf | https://bis.gov.in/wp-content/uploads/2021/09/Order-of-extension-in-the-date-of-enforcement-of-Quality-Control-Order-for-Indian-Standards-IS-4454-Part-4-IS-11946-IS-11947.pdf | https://bis.gov.in/wp-content/uploads/2021/12/Extension-order-in-the-date-of-enforcement-of-Quality-Control-Order-for-Indian-Standards-IS-1110-1990-and-IS-4409-1973.pdf | https://bis.gov.in/wp-content/uploads/2021/12/Extension-order-IS-14331.pdf | https://bis.gov.in/wp-content/uploads/2021/12/Extension-order-IS-13387.pdf | https://bis.gov.in/wp-content/uploads/2022/05/QCO-Extension-Order-26042022.pdf | https://bis.gov.in/wp-content/uploads/2022/11/Ministry-of-Steel-Order-for-extension-of-date-of-implementation-IS-1110-IS-4409.pdf | https://bis.gov.in/wp-content/uploads/2023/02/Extension-oreder-of-IS-4409.pdf | https://bis.gov.in/wp-content/uploads/2023/07/Extension-order-IS-4409-dt-25-07-2023.pdf | https://bis.gov.in/wp-content/uploads/2024/02/Steel-Steel-Product-QCO-2024.pdf | https://bis.gov.in/wp-content/uploads/2024/05/Ferrocnickel-Extension-Quality-Control-Order-2024.pdf | https://bis.gov.in/wp-content/uploads/2024/08/IS-4409-2023-Specification-for-Ferronickel.pdf | https://bis.gov.in/wp-content/uploads/2024/09/Steel-and-Steel-Products-QCO-2024.pdf | https://www.bis.gov.in/wp-content/uploads/2025/11/Steel-and-Steel-Products-Quality-Control-Amendment-Order-2025.pdf | https://www.bis.gov.in/wp-content/uploads/2026/06/Steel-and-Steel-Products-Quality-Control-Amendment-Order-2026-1.pdf,2026-09-03
Bright steel bars – v Specification,Steel and Iron Products,Scheme I (ISI Mark),IS 9550 2001,,S.O. 756(E),,14-02-2020,,,https://bis.gov.in/wp-content/uploads/2020/03/Steel-QCO-14022020-1.pdf | https://bis.gov.in/wp-content/uploads/2020/06/Steel-QCO-2020-dated-27th-May-2020.pdf | https://bis.gov.in/wp-content/uploads/2020/07/Steel-QCO-dated-17-July-2020-with-corrigendum.pdf | https://bis.gov.in/wp-content/uploads/2020/07/Steel-QCO-extension-order.pdf | https://bis.gov.in/wp-content/uploads/2020/10/Order-of-Extension-in-the-date-of-enforcement-of-Quality-Control-Order.pdf | https://bis.gov.in/wp-content/uploads/2020/11/QCO-on-144-Steel-Steel-Products-1.pdf | https://bis.gov.in/wp-content/uploads/2021/01/145-QCO-Order.pdf | https://bis.gov.in/wp-content/uploads/2021/04/Order-of-extension-in-the-enforcement-date-for-Indian-Standards-covered-under-the-Quality-Control-Order-namely-IS-3748-IS-7291-and-IS-12146.pdf | https://bis.gov.in/wp-content/uploads/2021/04/Order-of-extension-in-the-enforcement-date-for-some-Indian-Standards-covered-under-the-Quality-Control-Order-namely-IS-4398-and-IS-3195.pdf | https://bis.gov.in/wp-content/uploads/2021/04/ORDERO1.pdf | https://bis.gov.in/wp-content/uploads/2021/06/Order-for-extension-in-date-of-enforcement-for-IS-1110-and-IS-4409.pdf | https://bis.gov.in/wp-content/uploads/2021/06/Order-of-Extension-in-date-of-enforcement-of-IS-4432-IS-5518-IS-12145-IS-13387-IS-4072-IS-13352-covered-under-Qulaity-Control-Order.pdf | https://bis.gov.in/wp-content/uploads/2021/06/Order-of-Extension-in-date-of-enforcement-of-IS-7226-and-IS-14331-covered-under-Qulaity-Control-Order.pdf | https://bis.gov.in/wp-content/uploads/2021/06/Order-of-Extension-in-date-of-enforcement-of-IS-6529-covered-under-Qulaity-Control-Order.pdf | https://bis.gov.in/wp-content/uploads/2021/06/Order-of-extension-in-the-enforcement-date-of-Quality-Control-Order-for-Tin-Plate-and-Tin-Free-Steel.pdf | https://bis.gov.in/wp-content/uploads/2021/08/Extension-in-the-date-of-enforcement-of-Quality-Control-Order-on-IS-3748-IS-7291-and-IS-12146.pdf | https://bis.gov.in/wp-content/uploads/2021/09/Order-of-extension-in-the-date-of-enforcement-of-Quality-Control-Order-for-Indian-Standards-IS-4454-Part-4-IS-11946-IS-11947.pdf | https://bis.gov.in/wp-content/uploads/2021/12/Extension-order-in-the-date-of-enforcement-of-Quality-Control-Order-for-Indian-Standards-IS-1110-1990-and-IS-4409-1973.pdf | https://bis.gov.in/wp-content/uploads/2021/12/Extension-order-IS-14331.pdf | https://bis.gov.in/wp-content/uploads/2021/12/Extension-order-IS-13387.pdf | https://bis.gov.in/wp-content/uploads/2022/05/QCO-Extension-Order-26042022.pdf | https://bis.gov.in/wp-content/uploads/2022/11/Ministry-of-Steel-Order-for-extension-of-date-of-implementation-IS-1110-IS-4409.pdf | https://bis.gov.in/wp-content/uploads/2023/02/Extension-oreder-of-IS-4409.pdf | https://bis.gov.in/wp-content/uploads/2023/07/Extension-order-IS-4409-dt-25-07-2023.pdf | https://bis.gov.in/wp-content/uploads/2024/02/Steel-Steel-Product-QCO-2024.pdf | https://bis.gov.in/wp-content/uploads/2024/05/Ferrocnickel-Extension-Quality-Control-Order-2024.pdf | https://bis.gov.in/wp-content/uploads/2024/08/IS-4409-2023-Specification-for-Ferronickel.pdf | https://bis.gov.in/wp-content/uploads/2024/09/Steel-and-Steel-Products-QCO-2024.pdf | https://www.bis.gov.in/wp-content/uploads/2025/11/Steel-and-Steel-Products-Quality-Control-Amendment-Order-2025.pdf | https://www.bis.gov.in/wp-content/uploads/2026/06/Steel-and-Steel-Products-Quality-Control-Amendment-Order-2026-1.pdf,2026-09-03
Tool and die steels – Specification,Steel and Iron Products,Scheme I (ISI Mark),IS 3748 : 1990,,S.O. 756(E),,14-02-2020,,,https://bis.gov.in/wp-content/uploads/2020/03/Steel-QCO-14022020-1.pdf | https://bis.gov.in/wp-content/uploads/2020/06/Steel-QCO-2020-dated-27th-May-2020.pdf | https://bis.gov.in/wp-content/uploads/2020/07/Steel-QCO-dated-17-July-2020-with-corrigendum.pdf | https://bis.gov.in/wp-content/uploads/2020/07/Steel-QCO-extension-order.pdf | https://bis.gov.in/wp-content/uploads/2020/10/Order-of-Extension-in-the-date-of-enforcement-of-Quality-Control-Order.pdf | https://bis.gov.in/wp-content/uploads/2020/11/QCO-on-144-Steel-Steel-Products-1.pdf | https://bis.gov.in/wp-content/uploads/2021/01/145-QCO-Order.pdf | https://bis.gov.in/wp-content/uploads/2021/04/Order-of-extension-in-the-enforcement-date-for-Indian-Standards-covered-under-the-Quality-Control-Order-namely-IS-3748-IS-7291-and-IS-12146.pdf | https://bis.gov.in/wp-content/uploads/2021/04/Order-of-extension-in-the-enforcement-date-for-some-Indian-Standards-covered-under-the-Quality-Control-Order-namely-IS-4398-and-IS-3195.pdf | https://bis.gov.in/wp-content/uploads/2021/04/ORDERO1.pdf | https://bis.gov.in/wp-content/uploads/2021/06/Order-for-extension-in-date-of-enforcement-for-IS-1110-and-IS-4409.pdf | https://bis.gov.in/wp-content/uploads/2021/06/Order-of-Extension-in-date-of-enforcement-of-IS-4432-IS-5518-IS-12145-IS-13387-IS-4072-IS-13352-covered-under-Qulaity-Control-Order.pdf | https://bis.gov.in/wp-content/uploads/2021/06/Order-of-Extension-in-date-of-enforcement-of-IS-7226-and-IS-14331-covered-under-Qulaity-Control-Order.pdf | https://bis.gov.in/wp-content/uploads/2021/06/Order-of-Extension-in-date-of-enforcement-of-IS-6529-covered-under-Qulaity-Control-Order.pdf | https://bis.gov.in/wp-content/uploads/2021/06/Order-of-extension-in-the-enforcement-date-of-Quality-Control-Order-for-Tin-Plate-and-Tin-Free-Steel.pdf | https://bis.gov.in/wp-content/uploads/2021/08/Extension-in-the-date-of-enforcement-of-Quality-Control-Order-on-IS-3748-IS-7291-and-IS-12146.pdf | https://bis.gov.in/wp-content/uploads/2021/09/Order-of-extension-in-the-date-of-enforcement-of-Quality-Control-Order-for-Indian-Standards-IS-4454-Part-4-IS-11946-IS-11947.pdf | https://bis.gov.in/wp-content/uploads/2021/12/Extension-order-in-the-date-of-enforcement-of-Quality-Control-Order-for-Indian-Standards-IS-1110-1990-and-IS-4409-1973.pdf | https://bis.gov.in/wp-content/uploads/2021/12/Extension-order-IS-14331.pdf | https://bis.gov.in/wp-content/uploads/2021/12/Extension-order-IS-13387.pdf | https://bis.gov.in/wp-content/uploads/2022/05/QCO-Extension-Order-26042022.pdf | https://bis.gov.in/wp-content/uploads/2022/11/Ministry-of-Steel-Order-for-extension-of-date-of-implementation-IS-1110-IS-4409.pdf | https://bis.gov.in/wp-content/uploads/2023/02/Extension-oreder-of-IS-4409.pdf | https://bis.gov.in/wp-content/uploads/2023/07/Extension-order-IS-4409-dt-25-07-2023.pdf | https://bis.gov.in/wp-content/uploads/2024/02/Steel-Steel-Product-QCO-2024.pdf | https://bis.gov.in/wp-content/uploads/2024/05/Ferrocnickel-Extension-Quality-Control-Order-2024.pdf | https://bis.gov.in/wp-content/uploads/2024/08/IS-4409-2023-Specification-for-Ferronickel.pdf | https://bis.gov.in/wp-content/uploads/2024/09/Steel-and-Steel-Products-QCO-2024.pdf | https://www.bis.gov.in/wp-content/uploads/2025/11/Steel-and-Steel-Products-Quality-Control-Amendment-Order-2025.pdf | https://www.bis.gov.in/wp-content/uploads/2026/06/Steel-and-Steel-Products-Quality-Control-Amendment-Order-2026-1.pdf,2026-09-03
Steel for hardening and tempering – Specification,Steel and Iron Products,Scheme I (ISI Mark),IS 5517 : 1993,,S.O. 756(E),,14-02-2020,,,https://bis.gov.in/wp-content/uploads/2020/03/Steel-QCO-14022020-1.pdf | https://bis.gov.in/wp-content/uploads/2020/06/Steel-QCO-2020-dated-27th-May-2020.pdf | https://bis.gov.in/wp-content/uploads/2020/07/Steel-QCO-dated-17-July-2020-with-corrigendum.pdf | https://bis.gov.in/wp-content/uploads/2020/07/Steel-QCO-extension-order.pdf | https://bis.gov.in/wp-content/uploads/2020/10/Order-of-Extension-in-the-date-of-enforcement-of-Quality-Control-Order.pdf | https://bis.gov.in/wp-content/uploads/2020/11/QCO-on-144-Steel-Steel-Products-1.pdf | https://bis.gov.in/wp-content/uploads/2021/01/145-QCO-Order.pdf | https://bis.gov.in/wp-content/uploads/2021/04/Order-of-extension-in-the-enforcement-date-for-Indian-Standards-covered-under-the-Quality-Control-Order-namely-IS-3748-IS-7291-and-IS-12146.pdf | https://bis.gov.in/wp-content/uploads/2021/04/Order-of-extension-in-the-enforcement-date-for-some-Indian-Standards-covered-under-the-Quality-Control-Order-namely-IS-4398-and-IS-3195.pdf | https://bis.gov.in/wp-content/uploads/2021/04/ORDERO1.pdf | https://bis.gov.in/wp-content/uploads/2021/06/Order-for-extension-in-date-of-enforcement-for-IS-1110-and-IS-4409.pdf | https://bis.gov.in/wp-content/uploads/2021/06/Order-of-Extension-in-date-of-enforcement-of-IS-4432-IS-5518-IS-12145-IS-13387-IS-4072-IS-13352-covered-under-Qulaity-Control-Order.pdf | https://bis.gov.in/wp-content/uploads/2021/06/Order-of-Extension-in-date-of-enforcement-of-IS-7226-and-IS-14331-covered-under-Qulaity-Control-Order.pdf | https://bis.gov.in/wp-content/uploads/2021/06/Order-of-Extension-in-date-of-enforcement-of-IS-6529-covered-under-Qulaity-Control-Order.pdf | https://bis.gov.in/wp-content/uploads/2021/06/Order-of-extension-in-the-enforcement-date-of-Quality-Control-Order-for-Tin-Plate-and-Tin-Free-Steel.pdf | https://bis.gov.in/wp-content/uploads/2021/08/Extension-in-the-date-of-enforcement-of-Quality-Control-Order-on-IS-3748-IS-7291-and-IS-12146.pdf | https://bis.gov.in/wp-content/uploads/2021/09/Order-of-extension-in-the-date-of-enforcement-of-Quality-Control-Order-for-Indian-Standards-IS-4454-Part-4-IS-11946-IS-11947.pdf | https://bis.gov.in/wp-content/uploads/2021/12/Extension-order-in-the-date-of-enforcement-of-Quality-Control-Order-for-Indian-Standards-IS-1110-1990-and-IS-4409-1973.pdf | https://bis.gov.in/wp-content/uploads/2021/12/Extension-order-IS-14331.pdf | https://bis.gov.in/wp-content/uploads/2021/12/Extension-order-IS-13387.pdf | https://bis.gov.in/wp-content/uploads/2022/05/QCO-Extension-Order-26042022.pdf | https://bis.gov.in/wp-content/uploads/2022/11/Ministry-of-Steel-Order-for-extension-of-date-of-implementation-IS-1110-IS-4409.pdf | https://bis.gov.in/wp-content/uploads/2023/02/Extension-oreder-of-IS-4409.pdf | https://bis.gov.in/wp-content/uploads/2023/07/Extension-order-IS-4409-dt-25-07-2023.pdf | https://bis.gov.in/wp-content/uploads/2024/02/Steel-Steel-Product-QCO-2024.pdf | https://bis.gov.in/wp-content/uploads/2024/05/Ferrocnickel-Extension-Quality-Control-Order-2024.pdf | https://bis.gov.in/wp-content/uploads/2024/08/IS-4409-2023-Specification-for-Ferronickel.pdf | https://bis.gov.in/wp-content/uploads/2024/09/Steel-and-Steel-Products-QCO-2024.pdf | https://www.bis.gov.in/wp-content/uploads/2025/11/Steel-and-Steel-Products-Quality-Control-Amendment-Order-2025.pdf | https://www.bis.gov.in/wp-content/uploads/2026/06/Steel-and-Steel-Products-Quality-Control-Amendment-Order-2026-1.pdf,2026-09-03
Galvanized Structural Steel – Specification,Steel and Iron Products,Scheme I (ISI Mark),IS 16732: 2019,,S.O. 756(E),,14-02-2020,,,https://bis.gov.in/wp-content/uploads/2020/03/Steel-QCO-14022020-1.pdf | https://bis.gov.in/wp-content/uploads/2020/06/Steel-QCO-2020-dated-27th-May-2020.pdf | https://bis.gov.in/wp-content/uploads/2020/07/Steel-QCO-dated-17-July-2020-with-corrigendum.pdf | https://bis.gov.in/wp-content/uploads/2020/07/Steel-QCO-extension-order.pdf | https://bis.gov.in/wp-content/uploads/2020/10/Order-of-Extension-in-the-date-of-enforcement-of-Quality-Control-Order.pdf | https://bis.gov.in/wp-content/uploads/2020/11/QCO-on-144-Steel-Steel-Products-1.pdf | https://bis.gov.in/wp-content/uploads/2021/01/145-QCO-Order.pdf | https://bis.gov.in/wp-content/uploads/2021/04/Order-of-extension-in-the-enforcement-date-for-Indian-Standards-covered-under-the-Quality-Control-Order-namely-IS-3748-IS-7291-and-IS-12146.pdf | https://bis.gov.in/wp-content/uploads/2021/04/Order-of-extension-in-the-enforcement-date-for-some-Indian-Standards-covered-under-the-Quality-Control-Order-namely-IS-4398-and-IS-3195.pdf | https://bis.gov.in/wp-content/uploads/2021/04/ORDERO1.pdf | https://bis.gov.in/wp-content/uploads/2021/06/Order-for-extension-in-date-of-enforcement-for-IS-1110-and-IS-4409.pdf | https://bis.gov.in/wp-content/uploads/2021/06/Order-of-Extension-in-date-of-enforcement-of-IS-4432-IS-5518-IS-12145-IS-13387-IS-4072-IS-13352-covered-under-Qulaity-Control-Order.pdf | https://bis.gov.in/wp-content/uploads/2021/06/Order-of-Extension-in-date-of-enforcement-of-IS-7226-and-IS-14331-covered-under-Qulaity-Control-Order.pdf | https://bis.gov.in/wp-content/uploads/2021/06/Order-of-Extension-in-date-of-enforcement-of-IS-6529-covered-under-Qulaity-Control-Order.pdf | https://bis.gov.in/wp-content/uploads/2021/06/Order-of-extension-in-the-enforcement-date-of-Quality-Control-Order-for-Tin-Plate-and-Tin-Free-Steel.pdf | https://bis.gov.in/wp-content/uploads/2021/08/Extension-in-the-date-of-enforcement-of-Quality-Control-Order-on-IS-3748-IS-7291-and-IS-12146.pdf | https://bis.gov.in/wp-content/uploads/2021/09/Order-of-extension-in-the-date-of-enforcement-of-Quality-Control-Order-for-Indian-Standards-IS-4454-Part-4-IS-11946-IS-11947.pdf | https://bis.gov.in/wp-content/uploads/2021/12/Extension-order-in-the-date-of-enforcement-of-Quality-Control-Order-for-Indian-Standards-IS-1110-1990-and-IS-4409-1973.pdf | https://bis.gov.in/wp-content/uploads/2021/12/Extension-order-IS-14331.pdf | https://bis.gov.in/wp-content/uploads/2021/12/Extension-order-IS-13387.pdf | https://bis.gov.in/wp-content/uploads/2022/05/QCO-Extension-Order-26042022.pdf | https://bis.gov.in/wp-content/uploads/2022/11/Ministry-of-Steel-Order-for-extension-of-date-of-implementation-IS-1110-IS-4409.pdf | https://bis.gov.in/wp-content/uploads/2023/02/Extension-oreder-of-IS-4409.pdf | https://bis.gov.in/wp-content/uploads/2023/07/Extension-order-IS-4409-dt-25-07-2023.pdf | https://bis.gov.in/wp-content/uploads/2024/02/Steel-Steel-Product-QCO-2024.pdf | https://bis.gov.in/wp-content/uploads/2024/05/Ferrocnickel-Extension-Quality-Control-Order-2024.pdf | https://bis.gov.in/wp-content/uploads/2024/08/IS-4409-2023-Specification-for-Ferronickel.pdf | https://bis.gov.in/wp-content/uploads/2024/09/Steel-and-Steel-Products-QCO-2024.pdf | https://www.bis.gov.in/wp-content/uploads/2025/11/Steel-and-Steel-Products-Quality-Control-Amendment-Order-2025.pdf | https://www.bis.gov.in/wp-content/uploads/2026/06/Steel-and-Steel-Products-Quality-Control-Amendment-Order-2026-1.pdf,2026-09-03
Specification for Steel for valves for internal combustion engines,Steel and Iron Products,Scheme I (ISI Mark),IS 7494 : 1981,,S.O. 756(E),,14-02-2020,,,https://bis.gov.in/wp-content/uploads/2020/03/Steel-QCO-14022020-1.pdf | https://bis.gov.in/wp-content/uploads/2020/06/Steel-QCO-2020-dated-27th-May-2020.pdf | https://bis.gov.in/wp-content/uploads/2020/07/Steel-QCO-dated-17-July-2020-with-corrigendum.pdf | https://bis.gov.in/wp-content/uploads/2020/07/Steel-QCO-extension-order.pdf | https://bis.gov.in/wp-content/uploads/2020/10/Order-of-Extension-in-the-date-of-enforcement-of-Quality-Control-Order.pdf | https://bis.gov.in/wp-content/uploads/2020/11/QCO-on-144-Steel-Steel-Products-1.pdf | https://bis.gov.in/wp-content/uploads/2021/01/145-QCO-Order.pdf | https://bis.gov.in/wp-content/uploads/2021/04/Order-of-extension-in-the-enforcement-date-for-Indian-Standards-covered-under-the-Quality-Control-Order-namely-IS-3748-IS-7291-and-IS-12146.pdf | https://bis.gov.in/wp-content/uploads/2021/04/Order-of-extension-in-the-enforcement-date-for-some-Indian-Standards-covered-under-the-Quality-Control-Order-namely-IS-4398-and-IS-3195.pdf | https://bis.gov.in/wp-content/uploads/2021/04/ORDERO1.pdf | https://bis.gov.in/wp-content/uploads/2021/06/Order-for-extension-in-date-of-enforcement-for-IS-1110-and-IS-4409.pdf | https://bis.gov.in/wp-content/uploads/2021/06/Order-of-Extension-in-date-of-enforcement-of-IS-4432-IS-5518-IS-12145-IS-13387-IS-4072-IS-13352-covered-under-Qulaity-Control-Order.pdf | https://bis.gov.in/wp-content/uploads/2021/06/Order-of-Extension-in-date-of-enforcement-of-IS-7226-and-IS-14331-covered-under-Qulaity-Control-Order.pdf | https://bis.gov.in/wp-content/uploads/2021/06/Order-of-Extension-in-date-of-enforcement-of-IS-6529-covered-under-Qulaity-Control-Order.pdf | https://bis.gov.in/wp-content/uploads/2021/06/Order-of-extension-in-the-enforcement-date-of-Quality-Control-Order-for-Tin-Plate-and-Tin-Free-Steel.pdf | https://bis.gov.in/wp-content/uploads/2021/08/Extension-in-the-date-of-enforcement-of-Quality-Control-Order-on-IS-3748-IS-7291-and-IS-12146.pdf | https://bis.gov.in/wp-content/uploads/2021/09/Order-of-extension-in-the-date-of-enforcement-of-Quality-Control-Order-for-Indian-Standards-IS-4454-Part-4-IS-11946-IS-11947.pdf | https://bis.gov.in/wp-content/uploads/2021/12/Extension-order-in-the-date-of-enforcement-of-Quality-Control-Order-for-Indian-Standards-IS-1110-1990-and-IS-4409-1973.pdf | https://bis.gov.in/wp-content/uploads/2021/12/Extension-order-IS-14331.pdf | https://bis.gov.in/wp-content/uploads/2021/12/Extension-order-IS-13387.pdf | https://bis.gov.in/wp-content/uploads/2022/05/QCO-Extension-Order-26042022.pdf | https://bis.gov.in/wp-content/uploads/2022/11/Ministry-of-Steel-Order-for-extension-of-date-of-implementation-IS-1110-IS-4409.pdf | https://bis.gov.in/wp-content/uploads/2023/02/Extension-oreder-of-IS-4409.pdf | https://bis.gov.in/wp-content/uploads/2023/07/Extension-order-IS-4409-dt-25-07-2023.pdf | https://bis.gov.in/wp-content/uploads/2024/02/Steel-Steel-Product-QCO-2024.pdf | https://bis.gov.in/wp-content/uploads/2024/05/Ferrocnickel-Extension-Quality-Control-Order-2024.pdf | https://bis.gov.in/wp-content/uploads/2024/08/IS-4409-2023-Specification-for-Ferronickel.pdf | https://bis.gov.in/wp-content/uploads/2024/09/Steel-and-Steel-Products-QCO-2024.pdf | https://www.bis.gov.in/wp-content/uploads/2025/11/Steel-and-Steel-Products-Quality-Control-Amendment-Order-2025.pdf | https://www.bis.gov.in/wp-content/uploads/2026/06/Steel-and-Steel-Products-Quality-Control-Amendment-Order-2026-1.pdf,2026-09-03
Specification for Carbon manganese steel forgings for pressure vessels,Steel and Iron Products,Scheme I (ISI Mark),IS 12146 : 1987,,S.O. 756(E),,14-02-2020,,,https://bis.gov.in/wp-content/uploads/2020/03/Steel-QCO-14022020-1.pdf | https://bis.gov.in/wp-content/uploads/2020/06/Steel-QCO-2020-dated-27th-May-2020.pdf | https://bis.gov.in/wp-content/uploads/2020/07/Steel-QCO-dated-17-July-2020-with-corrigendum.pdf | https://bis.gov.in/wp-content/uploads/2020/07/Steel-QCO-extension-order.pdf | https://bis.gov.in/wp-content/uploads/2020/10/Order-of-Extension-in-the-date-of-enforcement-of-Quality-Control-Order.pdf | https://bis.gov.in/wp-content/uploads/2020/11/QCO-on-144-Steel-Steel-Products-1.pdf | https://bis.gov.in/wp-content/uploads/2021/01/145-QCO-Order.pdf | https://bis.gov.in/wp-content/uploads/2021/04/Order-of-extension-in-the-enforcement-date-for-Indian-Standards-covered-under-the-Quality-Control-Order-namely-IS-3748-IS-7291-and-IS-12146.pdf | https://bis.gov.in/wp-content/uploads/2021/04/Order-of-extension-in-the-enforcement-date-for-some-Indian-Standards-covered-under-the-Quality-Control-Order-namely-IS-4398-and-IS-3195.pdf | https://bis.gov.in/wp-content/uploads/2021/04/ORDERO1.pdf | https://bis.gov.in/wp-content/uploads/2021/06/Order-for-extension-in-date-of-enforcement-for-IS-1110-and-IS-4409.pdf | https://bis.gov.in/wp-content/uploads/2021/06/Order-of-Extension-in-date-of-enforcement-of-IS-4432-IS-5518-IS-12145-IS-13387-IS-4072-IS-13352-covered-under-Qulaity-Control-Order.pdf | https://bis.gov.in/wp-content/uploads/2021/06/Order-of-Extension-in-date-of-enforcement-of-IS-7226-and-IS-14331-covered-under-Qulaity-Control-Order.pdf | https://bis.gov.in/wp-content/uploads/2021/06/Order-of-Extension-in-date-of-enforcement-of-IS-6529-covered-under-Qulaity-Control-Order.pdf | https://bis.gov.in/wp-content/uploads/2021/06/Order-of-extension-in-the-enforcement-date-of-Quality-Control-Order-for-Tin-Plate-and-Tin-Free-Steel.pdf | https://bis.gov.in/wp-content/uploads/2021/08/Extension-in-the-date-of-enforcement-of-Quality-Control-Order-on-IS-3748-IS-7291-and-IS-12146.pdf | https://bis.gov.in/wp-content/uploads/2021/09/Order-of-extension-in-the-date-of-enforcement-of-Quality-Control-Order-for-Indian-Standards-IS-4454-Part-4-IS-11946-IS-11947.pdf | https://bis.gov.in/wp-content/uploads/2021/12/Extension-order-in-the-date-of-enforcement-of-Quality-Control-Order-for-Indian-Standards-IS-1110-1990-and-IS-4409-1973.pdf | https://bis.gov.in/wp-content/uploads/2021/12/Extension-order-IS-14331.pdf | https://bis.gov.in/wp-content/uploads/2021/12/Extension-order-IS-13387.pdf | https://bis.gov.in/wp-content/uploads/2022/05/QCO-Extension-Order-26042022.pdf | https://bis.gov.in/wp-content/uploads/2022/11/Ministry-of-Steel-Order-for-extension-of-date-of-implementation-IS-1110-IS-4409.pdf | https://bis.gov.in/wp-content/uploads/2023/02/Extension-oreder-of-IS-4409.pdf | https://bis.gov.in/wp-content/uploads/2023/07/Extension-order-IS-4409-dt-25-07-2023.pdf | https://bis.gov.in/wp-content/uploads/2024/02/Steel-Steel-Product-QCO-2024.pdf | https://bis.gov.in/wp-content/uploads/2024/05/Ferrocnickel-Extension-Quality-Control-Order-2024.pdf | https://bis.gov.in/wp-content/uploads/2024/08/IS-4409-2023-Specification-for-Ferronickel.pdf | https://bis.gov.in/wp-content/uploads/2024/09/Steel-and-Steel-Products-QCO-2024.pdf | https://www.bis.gov.in/wp-content/uploads/2025/11/Steel-and-Steel-Products-Quality-Control-Amendment-Order-2025.pdf | https://www.bis.gov.in/wp-content/uploads/2026/06/Steel-and-Steel-Products-Quality-Control-Amendment-Order-2026-1.pdf,2026-09-03
Magnetic materials – specification for individual material – Fe based amorphous strip delivered in the semi-processed state.,Steel and Iron Products,Scheme I (ISI Mark),IS 16585 : 2016,,S.O. 756(E),,14-02-2020,,,https://bis.gov.in/wp-content/uploads/2020/03/Steel-QCO-14022020-1.pdf | https://bis.gov.in/wp-content/uploads/2020/06/Steel-QCO-2020-dated-27th-May-2020.pdf | https://bis.gov.in/wp-content/uploads/2020/07/Steel-QCO-dated-17-July-2020-with-corrigendum.pdf | https://bis.gov.in/wp-content/uploads/2020/07/Steel-QCO-extension-order.pdf | https://bis.gov.in/wp-content/uploads/2020/10/Order-of-Extension-in-the-date-of-enforcement-of-Quality-Control-Order.pdf | https://bis.gov.in/wp-content/uploads/2020/11/QCO-on-144-Steel-Steel-Products-1.pdf | https://bis.gov.in/wp-content/uploads/2021/01/145-QCO-Order.pdf | https://bis.gov.in/wp-content/uploads/2021/04/Order-of-extension-in-the-enforcement-date-for-Indian-Standards-covered-under-the-Quality-Control-Order-namely-IS-3748-IS-7291-and-IS-12146.pdf | https://bis.gov.in/wp-content/uploads/2021/04/Order-of-extension-in-the-enforcement-date-for-some-Indian-Standards-covered-under-the-Quality-Control-Order-namely-IS-4398-and-IS-3195.pdf | https://bis.gov.in/wp-content/uploads/2021/04/ORDERO1.pdf | https://bis.gov.in/wp-content/uploads/2021/06/Order-for-extension-in-date-of-enforcement-for-IS-1110-and-IS-4409.pdf | https://bis.gov.in/wp-content/uploads/2021/06/Order-of-Extension-in-date-of-enforcement-of-IS-4432-IS-5518-IS-12145-IS-13387-IS-4072-IS-13352-covered-under-Qulaity-Control-Order.pdf | https://bis.gov.in/wp-content/uploads/2021/06/Order-of-Extension-in-date-of-enforcement-of-IS-7226-and-IS-14331-covered-under-Qulaity-Control-Order.pdf | https://bis.gov.in/wp-content/uploads/2021/06/Order-of-Extension-in-date-of-enforcement-of-IS-6529-covered-under-Qulaity-Control-Order.pdf | https://bis.gov.in/wp-content/uploads/2021/06/Order-of-extension-in-the-enforcement-date-of-Quality-Control-Order-for-Tin-Plate-and-Tin-Free-Steel.pdf | https://bis.gov.in/wp-content/uploads/2021/08/Extension-in-the-date-of-enforcement-of-Quality-Control-Order-on-IS-3748-IS-7291-and-IS-12146.pdf | https://bis.gov.in/wp-content/uploads/2021/09/Order-of-extension-in-the-date-of-enforcement-of-Quality-Control-Order-for-Indian-Standards-IS-4454-Part-4-IS-11946-IS-11947.pdf | https://bis.gov.in/wp-content/uploads/2021/12/Extension-order-in-the-date-of-enforcement-of-Quality-Control-Order-for-Indian-Standards-IS-1110-1990-and-IS-4409-1973.pdf | https://bis.gov.in/wp-content/uploads/2021/12/Extension-order-IS-14331.pdf | https://bis.gov.in/wp-content/uploads/2021/12/Extension-order-IS-13387.pdf | https://bis.gov.in/wp-content/uploads/2022/05/QCO-Extension-Order-26042022.pdf | https://bis.gov.in/wp-content/uploads/2022/11/Ministry-of-Steel-Order-for-extension-of-date-of-implementation-IS-1110-IS-4409.pdf | https://bis.gov.in/wp-content/uploads/2023/02/Extension-oreder-of-IS-4409.pdf | https://bis.gov.in/wp-content/uploads/2023/07/Extension-order-IS-4409-dt-25-07-2023.pdf | https://bis.gov.in/wp-content/uploads/2024/02/Steel-Steel-Product-QCO-2024.pdf | https://bis.gov.in/wp-content/uploads/2024/05/Ferrocnickel-Extension-Quality-Control-Order-2024.pdf | https://bis.gov.in/wp-content/uploads/2024/08/IS-4409-2023-Specification-for-Ferronickel.pdf | https://bis.gov.in/wp-content/uploads/2024/09/Steel-and-Steel-Products-QCO-2024.pdf | https://www.bis.gov.in/wp-content/uploads/2025/11/Steel-and-Steel-Products-Quality-Control-Amendment-Order-2025.pdf | https://www.bis.gov.in/wp-content/uploads/2026/06/Steel-and-Steel-Products-Quality-Control-Amendment-Order-2026-1.pdf,2026-09-03
"Carbon steel cast billet ingots, billets, blooms and slabs for re-rolling into structural steel (ordinary quality) – Specification",Steel and Iron Products,Scheme I (ISI Mark),IS 2831 : 2012,,S.O. 756(E),,14-02-2020,,,https://bis.gov.in/wp-content/uploads/2020/03/Steel-QCO-14022020-1.pdf | https://bis.gov.in/wp-content/uploads/2020/06/Steel-QCO-2020-dated-27th-May-2020.pdf | https://bis.gov.in/wp-content/uploads/2020/07/Steel-QCO-dated-17-July-2020-with-corrigendum.pdf | https://bis.gov.in/wp-content/uploads/2020/07/Steel-QCO-extension-order.pdf | https://bis.gov.in/wp-content/uploads/2020/10/Order-of-Extension-in-the-date-of-enforcement-of-Quality-Control-Order.pdf | https://bis.gov.in/wp-content/uploads/2020/11/QCO-on-144-Steel-Steel-Products-1.pdf | https://bis.gov.in/wp-content/uploads/2021/01/145-QCO-Order.pdf | https://bis.gov.in/wp-content/uploads/2021/04/Order-of-extension-in-the-enforcement-date-for-Indian-Standards-covered-under-the-Quality-Control-Order-namely-IS-3748-IS-7291-and-IS-12146.pdf | https://bis.gov.in/wp-content/uploads/2021/04/Order-of-extension-in-the-enforcement-date-for-some-Indian-Standards-covered-under-the-Quality-Control-Order-namely-IS-4398-and-IS-3195.pdf | https://bis.gov.in/wp-content/uploads/2021/04/ORDERO1.pdf | https://bis.gov.in/wp-content/uploads/2021/06/Order-for-extension-in-date-of-enforcement-for-IS-1110-and-IS-4409.pdf | https://bis.gov.in/wp-content/uploads/2021/06/Order-of-Extension-in-date-of-enforcement-of-IS-4432-IS-5518-IS-12145-IS-13387-IS-4072-IS-13352-covered-under-Qulaity-Control-Order.pdf | https://bis.gov.in/wp-content/uploads/2021/06/Order-of-Extension-in-date-of-enforcement-of-IS-7226-and-IS-14331-covered-under-Qulaity-Control-Order.pdf | https://bis.gov.in/wp-content/uploads/2021/06/Order-of-Extension-in-date-of-enforcement-of-IS-6529-covered-under-Qulaity-Control-Order.pdf | https://bis.gov.in/wp-content/uploads/2021/06/Order-of-extension-in-the-enforcement-date-of-Quality-Control-Order-for-Tin-Plate-and-Tin-Free-Steel.pdf | https://bis.gov.in/wp-content/uploads/2021/08/Extension-in-the-date-of-enforcement-of-Quality-Control-Order-on-IS-3748-IS-7291-and-IS-12146.pdf | https://bis.gov.in/wp-content/uploads/2021/09/Order-of-extension-in-the-date-of-enforcement-of-Quality-Control-Order-for-Indian-Standards-IS-4454-Part-4-IS-11946-IS-11947.pdf | https://bis.gov.in/wp-content/uploads/2021/12/Extension-order-in-the-date-of-enforcement-of-Quality-Control-Order-for-Indian-Standards-IS-1110-1990-and-IS-4409-1973.pdf | https://bis.gov.in/wp-content/uploads/2021/12/Extension-order-IS-14331.pdf | https://bis.gov.in/wp-content/uploads/2021/12/Extension-order-IS-13387.pdf | https://bis.gov.in/wp-content/uploads/2022/05/QCO-Extension-Order-26042022.pdf | https://bis.gov.in/wp-content/uploads/2022/11/Ministry-of-Steel-Order-for-extension-of-date-of-implementation-IS-1110-IS-4409.pdf | https://bis.gov.in/wp-content/uploads/2023/02/Extension-oreder-of-IS-4409.pdf | https://bis.gov.in/wp-content/uploads/2023/07/Extension-order-IS-4409-dt-25-07-2023.pdf | https://bis.gov.in/wp-content/uploads/2024/02/Steel-Steel-Product-QCO-2024.pdf | https://bis.gov.in/wp-content/uploads/2024/05/Ferrocnickel-Extension-Quality-Control-Order-2024.pdf | https://bis.gov.in/wp-content/uploads/2024/08/IS-4409-2023-Specification-for-Ferronickel.pdf | https://bis.gov.in/wp-content/uploads/2024/09/Steel-and-Steel-Products-QCO-2024.pdf | https://www.bis.gov.in/wp-content/uploads/2025/11/Steel-and-Steel-Products-Quality-Control-Amendment-Order-2025.pdf | https://www.bis.gov.in/wp-content/uploads/2026/06/Steel-and-Steel-Products-Quality-Control-Amendment-Order-2026-1.pdf,2026-09-03
Steel Rivet Bars (medium And High Tensile) – For Structural Purposes,Steel and Iron Products,Scheme I (ISI Mark),IS 1148: 2009,,S.O. 756(E),,14-02-2020,,,https://bis.gov.in/wp-content/uploads/2020/03/Steel-QCO-14022020-1.pdf | https://bis.gov.in/wp-content/uploads/2020/06/Steel-QCO-2020-dated-27th-May-2020.pdf | https://bis.gov.in/wp-content/uploads/2020/07/Steel-QCO-dated-17-July-2020-with-corrigendum.pdf | https://bis.gov.in/wp-content/uploads/2020/07/Steel-QCO-extension-order.pdf | https://bis.gov.in/wp-content/uploads/2020/10/Order-of-Extension-in-the-date-of-enforcement-of-Quality-Control-Order.pdf | https://bis.gov.in/wp-content/uploads/2020/11/QCO-on-144-Steel-Steel-Products-1.pdf | https://bis.gov.in/wp-content/uploads/2021/01/145-QCO-Order.pdf | https://bis.gov.in/wp-content/uploads/2021/04/Order-of-extension-in-the-enforcement-date-for-Indian-Standards-covered-under-the-Quality-Control-Order-namely-IS-3748-IS-7291-and-IS-12146.pdf | https://bis.gov.in/wp-content/uploads/2021/04/Order-of-extension-in-the-enforcement-date-for-some-Indian-Standards-covered-under-the-Quality-Control-Order-namely-IS-4398-and-IS-3195.pdf | https://bis.gov.in/wp-content/uploads/2021/04/ORDERO1.pdf | https://bis.gov.in/wp-content/uploads/2021/06/Order-for-extension-in-date-of-enforcement-for-IS-1110-and-IS-4409.pdf | https://bis.gov.in/wp-content/uploads/2021/06/Order-of-Extension-in-date-of-enforcement-of-IS-4432-IS-5518-IS-12145-IS-13387-IS-4072-IS-13352-covered-under-Qulaity-Control-Order.pdf | https://bis.gov.in/wp-content/uploads/2021/06/Order-of-Extension-in-date-of-enforcement-of-IS-7226-and-IS-14331-covered-under-Qulaity-Control-Order.pdf | https://bis.gov.in/wp-content/uploads/2021/06/Order-of-Extension-in-date-of-enforcement-of-IS-6529-covered-under-Qulaity-Control-Order.pdf | https://bis.gov.in/wp-content/uploads/2021/06/Order-of-extension-in-the-enforcement-date-of-Quality-Control-Order-for-Tin-Plate-and-Tin-Free-Steel.pdf | https://bis.gov.in/wp-content/uploads/2021/08/Extension-in-the-date-of-enforcement-of-Quality-Control-Order-on-IS-3748-IS-7291-and-IS-12146.pdf | https://bis.gov.in/wp-content/uploads/2021/09/Order-of-extension-in-the-date-of-enforcement-of-Quality-Control-Order-for-Indian-Standards-IS-4454-Part-4-IS-11946-IS-11947.pdf | https://bis.gov.in/wp-content/uploads/2021/12/Extension-order-in-the-date-of-enforcement-of-Quality-Control-Order-for-Indian-Standards-IS-1110-1990-and-IS-4409-1973.pdf | https://bis.gov.in/wp-content/uploads/2021/12/Extension-order-IS-14331.pdf | https://bis.gov.in/wp-content/uploads/2021/12/Extension-order-IS-13387.pdf | https://bis.gov.in/wp-content/uploads/2022/05/QCO-Extension-Order-26042022.pdf | https://bis.gov.in/wp-content/uploads/2022/11/Ministry-of-Steel-Order-for-extension-of-date-of-implementation-IS-1110-IS-4409.pdf | https://bis.gov.in/wp-content/uploads/2023/02/Extension-oreder-of-IS-4409.pdf | https://bis.gov.in/wp-content/uploads/2023/07/Extension-order-IS-4409-dt-25-07-2023.pdf | https://bis.gov.in/wp-content/uploads/2024/02/Steel-Steel-Product-QCO-2024.pdf | https://bis.gov.in/wp-content/uploads/2024/05/Ferrocnickel-Extension-Quality-Control-Order-2024.pdf | https://bis.gov.in/wp-content/uploads/2024/08/IS-4409-2023-Specification-for-Ferronickel.pdf | https://bis.gov.in/wp-content/uploads/2024/09/Steel-and-Steel-Products-QCO-2024.pdf | https://www.bis.gov.in/wp-content/uploads/2025/11/Steel-and-Steel-Products-Quality-Control-Amendment-Order-2025.pdf | https://www.bis.gov.in/wp-content/uploads/2026/06/Steel-and-Steel-Products-Quality-Control-Amendment-Order-2026-1.pdf,2026-09-03
"Specification for Mild Steel Wire, Cold Heading Quality",Steel and Iron Products,Scheme I (ISI Mark),IS 1673: 1984,,S.O. 756(E),,14-02-2020,,,https://bis.gov.in/wp-content/uploads/2020/03/Steel-QCO-14022020-1.pdf | https://bis.gov.in/wp-content/uploads/2020/06/Steel-QCO-2020-dated-27th-May-2020.pdf | https://bis.gov.in/wp-content/uploads/2020/07/Steel-QCO-dated-17-July-2020-with-corrigendum.pdf | https://bis.gov.in/wp-content/uploads/2020/07/Steel-QCO-extension-order.pdf | https://bis.gov.in/wp-content/uploads/2020/10/Order-of-Extension-in-the-date-of-enforcement-of-Quality-Control-Order.pdf | https://bis.gov.in/wp-content/uploads/2020/11/QCO-on-144-Steel-Steel-Products-1.pdf | https://bis.gov.in/wp-content/uploads/2021/01/145-QCO-Order.pdf | https://bis.gov.in/wp-content/uploads/2021/04/Order-of-extension-in-the-enforcement-date-for-Indian-Standards-covered-under-the-Quality-Control-Order-namely-IS-3748-IS-7291-and-IS-12146.pdf | https://bis.gov.in/wp-content/uploads/2021/04/Order-of-extension-in-the-enforcement-date-for-some-Indian-Standards-covered-under-the-Quality-Control-Order-namely-IS-4398-and-IS-3195.pdf | https://bis.gov.in/wp-content/uploads/2021/04/ORDERO1.pdf | https://bis.gov.in/wp-content/uploads/2021/06/Order-for-extension-in-date-of-enforcement-for-IS-1110-and-IS-4409.pdf | https://bis.gov.in/wp-content/uploads/2021/06/Order-of-Extension-in-date-of-enforcement-of-IS-4432-IS-5518-IS-12145-IS-13387-IS-4072-IS-13352-covered-under-Qulaity-Control-Order.pdf | https://bis.gov.in/wp-content/uploads/2021/06/Order-of-Extension-in-date-of-enforcement-of-IS-7226-and-IS-14331-covered-under-Qulaity-Control-Order.pdf | https://bis.gov.in/wp-content/uploads/2021/06/Order-of-Extension-in-date-of-enforcement-of-IS-6529-covered-under-Qulaity-Control-Order.pdf | https://bis.gov.in/wp-content/uploads/2021/06/Order-of-extension-in-the-enforcement-date-of-Quality-Control-Order-for-Tin-Plate-and-Tin-Free-Steel.pdf | https://bis.gov.in/wp-content/uploads/2021/08/Extension-in-the-date-of-enforcement-of-Quality-Control-Order-on-IS-3748-IS-7291-and-IS-12146.pdf | https://bis.gov.in/wp-content/uploads/2021/09/Order-of-extension-in-the-date-of-enforcement-of-Quality-Control-Order-for-Indian-Standards-IS-4454-Part-4-IS-11946-IS-11947.pdf | https://bis.gov.in/wp-content/uploads/2021/12/Extension-order-in-the-date-of-enforcement-of-Quality-Control-Order-for-Indian-Standards-IS-1110-1990-and-IS-4409-1973.pdf | https://bis.gov.in/wp-content/uploads/2021/12/Extension-order-IS-14331.pdf | https://bis.gov.in/wp-content/uploads/2021/12/Extension-order-IS-13387.pdf | https://bis.gov.in/wp-content/uploads/2022/05/QCO-Extension-Order-26042022.pdf | https://bis.gov.in/wp-content/uploads/2022/11/Ministry-of-Steel-Order-for-extension-of-date-of-implementation-IS-1110-IS-4409.pdf | https://bis.gov.in/wp-content/uploads/2023/02/Extension-oreder-of-IS-4409.pdf | https://bis.gov.in/wp-content/uploads/2023/07/Extension-order-IS-4409-dt-25-07-2023.pdf | https://bis.gov.in/wp-content/uploads/2024/02/Steel-Steel-Product-QCO-2024.pdf | https://bis.gov.in/wp-content/uploads/2024/05/Ferrocnickel-Extension-Quality-Control-Order-2024.pdf | https://bis.gov.in/wp-content/uploads/2024/08/IS-4409-2023-Specification-for-Ferronickel.pdf | https://bis.gov.in/wp-content/uploads/2024/09/Steel-and-Steel-Products-QCO-2024.pdf | https://www.bis.gov.in/wp-content/uploads/2025/11/Steel-and-Steel-Products-Quality-Control-Amendment-Order-2025.pdf | https://www.bis.gov.in/wp-content/uploads/2026/06/Steel-and-Steel-Products-Quality-Control-Amendment-Order-2026-1.pdf,2026-09-03
Specification for Carbon Steel Wire for the Manufacture of Wood Screws,Steel and Iron Products,Scheme I (ISI Mark),IS 1812: 1982,,S.O. 756(E),,14-02-2020,,,https://bis.gov.in/wp-content/uploads/2020/03/Steel-QCO-14022020-1.pdf | https://bis.gov.in/wp-content/uploads/2020/06/Steel-QCO-2020-dated-27th-May-2020.pdf | https://bis.gov.in/wp-content/uploads/2020/07/Steel-QCO-dated-17-July-2020-with-corrigendum.pdf | https://bis.gov.in/wp-content/uploads/2020/07/Steel-QCO-extension-order.pdf | https://bis.gov.in/wp-content/uploads/2020/10/Order-of-Extension-in-the-date-of-enforcement-of-Quality-Control-Order.pdf | https://bis.gov.in/wp-content/uploads/2020/11/QCO-on-144-Steel-Steel-Products-1.pdf | https://bis.gov.in/wp-content/uploads/2021/01/145-QCO-Order.pdf | https://bis.gov.in/wp-content/uploads/2021/04/Order-of-extension-in-the-enforcement-date-for-Indian-Standards-covered-under-the-Quality-Control-Order-namely-IS-3748-IS-7291-and-IS-12146.pdf | https://bis.gov.in/wp-content/uploads/2021/04/Order-of-extension-in-the-enforcement-date-for-some-Indian-Standards-covered-under-the-Quality-Control-Order-namely-IS-4398-and-IS-3195.pdf | https://bis.gov.in/wp-content/uploads/2021/04/ORDERO1.pdf | https://bis.gov.in/wp-content/uploads/2021/06/Order-for-extension-in-date-of-enforcement-for-IS-1110-and-IS-4409.pdf | https://bis.gov.in/wp-content/uploads/2021/06/Order-of-Extension-in-date-of-enforcement-of-IS-4432-IS-5518-IS-12145-IS-13387-IS-4072-IS-13352-covered-under-Qulaity-Control-Order.pdf | https://bis.gov.in/wp-content/uploads/2021/06/Order-of-Extension-in-date-of-enforcement-of-IS-7226-and-IS-14331-covered-under-Qulaity-Control-Order.pdf | https://bis.gov.in/wp-content/uploads/2021/06/Order-of-Extension-in-date-of-enforcement-of-IS-6529-covered-under-Qulaity-Control-Order.pdf | https://bis.gov.in/wp-content/uploads/2021/06/Order-of-extension-in-the-enforcement-date-of-Quality-Control-Order-for-Tin-Plate-and-Tin-Free-Steel.pdf | https://bis.gov.in/wp-content/uploads/2021/08/Extension-in-the-date-of-enforcement-of-Quality-Control-Order-on-IS-3748-IS-7291-and-IS-12146.pdf | https://bis.gov.in/wp-content/uploads/2021/09/Order-of-extension-in-the-date-of-enforcement-of-Quality-Control-Order-for-Indian-Standards-IS-4454-Part-4-IS-11946-IS-11947.pdf | https://bis.gov.in/wp-content/uploads/2021/12/Extension-order-in-the-date-of-enforcement-of-Quality-Control-Order-for-Indian-Standards-IS-1110-1990-and-IS-4409-1973.pdf | https://bis.gov.in/wp-content/uploads/2021/12/Extension-order-IS-14331.pdf | https://bis.gov.in/wp-content/uploads/2021/12/Extension-order-IS-13387.pdf | https://bis.gov.in/wp-content/uploads/2022/05/QCO-Extension-Order-26042022.pdf | https://bis.gov.in/wp-content/uploads/2022/11/Ministry-of-Steel-Order-for-extension-of-date-of-implementation-IS-1110-IS-4409.pdf | https://bis.gov.in/wp-content/uploads/2023/02/Extension-oreder-of-IS-4409.pdf | https://bis.gov.in/wp-content/uploads/2023/07/Extension-order-IS-4409-dt-25-07-2023.pdf | https://bis.gov.in/wp-content/uploads/2024/02/Steel-Steel-Product-QCO-2024.pdf | https://bis.gov.in/wp-content/uploads/2024/05/Ferrocnickel-Extension-Quality-Control-Order-2024.pdf | https://bis.gov.in/wp-content/uploads/2024/08/IS-4409-2023-Specification-for-Ferronickel.pdf | https://bis.gov.in/wp-content/uploads/2024/09/Steel-and-Steel-Products-QCO-2024.pdf | https://www.bis.gov.in/wp-content/uploads/2025/11/Steel-and-Steel-Products-Quality-Control-Amendment-Order-2025.pdf | https://www.bis.gov.in/wp-content/uploads/2026/06/Steel-and-Steel-Products-Quality-Control-Amendment-Order-2026-1.pdf,2026-09-03
Specification for Cold – rolled Steel Strips For Springs.,Steel and Iron Products,Scheme I (ISI Mark),IS 2507: 1975,,S.O. 756(E),,14-02-2020,,,https://bis.gov.in/wp-content/uploads/2020/03/Steel-QCO-14022020-1.pdf | https://bis.gov.in/wp-content/uploads/2020/06/Steel-QCO-2020-dated-27th-May-2020.pdf | https://bis.gov.in/wp-content/uploads/2020/07/Steel-QCO-dated-17-July-2020-with-corrigendum.pdf | https://bis.gov.in/wp-content/uploads/2020/07/Steel-QCO-extension-order.pdf | https://bis.gov.in/wp-content/uploads/2020/10/Order-of-Extension-in-the-date-of-enforcement-of-Quality-Control-Order.pdf | https://bis.gov.in/wp-content/uploads/2020/11/QCO-on-144-Steel-Steel-Products-1.pdf | https://bis.gov.in/wp-content/uploads/2021/01/145-QCO-Order.pdf | https://bis.gov.in/wp-content/uploads/2021/04/Order-of-extension-in-the-enforcement-date-for-Indian-Standards-covered-under-the-Quality-Control-Order-namely-IS-3748-IS-7291-and-IS-12146.pdf | https://bis.gov.in/wp-content/uploads/2021/04/Order-of-extension-in-the-enforcement-date-for-some-Indian-Standards-covered-under-the-Quality-Control-Order-namely-IS-4398-and-IS-3195.pdf | https://bis.gov.in/wp-content/uploads/2021/04/ORDERO1.pdf | https://bis.gov.in/wp-content/uploads/2021/06/Order-for-extension-in-date-of-enforcement-for-IS-1110-and-IS-4409.pdf | https://bis.gov.in/wp-content/uploads/2021/06/Order-of-Extension-in-date-of-enforcement-of-IS-4432-IS-5518-IS-12145-IS-13387-IS-4072-IS-13352-covered-under-Qulaity-Control-Order.pdf | https://bis.gov.in/wp-content/uploads/2021/06/Order-of-Extension-in-date-of-enforcement-of-IS-7226-and-IS-14331-covered-under-Qulaity-Control-Order.pdf | https://bis.gov.in/wp-content/uploads/2021/06/Order-of-Extension-in-date-of-enforcement-of-IS-6529-covered-under-Qulaity-Control-Order.pdf | https://bis.gov.in/wp-content/uploads/2021/06/Order-of-extension-in-the-enforcement-date-of-Quality-Control-Order-for-Tin-Plate-and-Tin-Free-Steel.pdf | https://bis.gov.in/wp-content/uploads/2021/08/Extension-in-the-date-of-enforcement-of-Quality-Control-Order-on-IS-3748-IS-7291-and-IS-12146.pdf | https://bis.gov.in/wp-content/uploads/2021/09/Order-of-extension-in-the-date-of-enforcement-of-Quality-Control-Order-for-Indian-Standards-IS-4454-Part-4-IS-11946-IS-11947.pdf | https://bis.gov.in/wp-content/uploads/2021/12/Extension-order-in-the-date-of-enforcement-of-Quality-Control-Order-for-Indian-Standards-IS-1110-1990-and-IS-4409-1973.pdf | https://bis.gov.in/wp-content/uploads/2021/12/Extension-order-IS-14331.pdf | https://bis.gov.in/wp-content/uploads/2021/12/Extension-order-IS-13387.pdf | https://bis.gov.in/wp-content/uploads/2022/05/QCO-Extension-Order-26042022.pdf | https://bis.gov.in/wp-content/uploads/2022/11/Ministry-of-Steel-Order-for-extension-of-date-of-implementation-IS-1110-IS-4409.pdf | https://bis.gov.in/wp-content/uploads/2023/02/Extension-oreder-of-IS-4409.pdf | https://bis.gov.in/wp-content/uploads/2023/07/Extension-order-IS-4409-dt-25-07-2023.pdf | https://bis.gov.in/wp-content/uploads/2024/02/Steel-Steel-Product-QCO-2024.pdf | https://bis.gov.in/wp-content/uploads/2024/05/Ferrocnickel-Extension-Quality-Control-Order-2024.pdf | https://bis.gov.in/wp-content/uploads/2024/08/IS-4409-2023-Specification-for-Ferronickel.pdf | https://bis.gov.in/wp-content/uploads/2024/09/Steel-and-Steel-Products-QCO-2024.pdf | https://www.bis.gov.in/wp-content/uploads/2025/11/Steel-and-Steel-Products-Quality-Control-Amendment-Order-2025.pdf | https://www.bis.gov.in/wp-content/uploads/2026/06/Steel-and-Steel-Products-Quality-Control-Amendment-Order-2026-1.pdf,2026-09-03
Specification for Mild Steel Wire Rod for the Manufacture of Machine Screws (By Cold Heading Process).,Steel and Iron Products,Scheme I (ISI Mark),IS 2255: 1977,,S.O. 756(E),,14-02-2020,,,https://bis.gov.in/wp-content/uploads/2020/03/Steel-QCO-14022020-1.pdf | https://bis.gov.in/wp-content/uploads/2020/06/Steel-QCO-2020-dated-27th-May-2020.pdf | https://bis.gov.in/wp-content/uploads/2020/07/Steel-QCO-dated-17-July-2020-with-corrigendum.pdf | https://bis.gov.in/wp-content/uploads/2020/07/Steel-QCO-extension-order.pdf | https://bis.gov.in/wp-content/uploads/2020/10/Order-of-Extension-in-the-date-of-enforcement-of-Quality-Control-Order.pdf | https://bis.gov.in/wp-content/uploads/2020/11/QCO-on-144-Steel-Steel-Products-1.pdf | https://bis.gov.in/wp-content/uploads/2021/01/145-QCO-Order.pdf | https://bis.gov.in/wp-content/uploads/2021/04/Order-of-extension-in-the-enforcement-date-for-Indian-Standards-covered-under-the-Quality-Control-Order-namely-IS-3748-IS-7291-and-IS-12146.pdf | https://bis.gov.in/wp-content/uploads/2021/04/Order-of-extension-in-the-enforcement-date-for-some-Indian-Standards-covered-under-the-Quality-Control-Order-namely-IS-4398-and-IS-3195.pdf | https://bis.gov.in/wp-content/uploads/2021/04/ORDERO1.pdf | https://bis.gov.in/wp-content/uploads/2021/06/Order-for-extension-in-date-of-enforcement-for-IS-1110-and-IS-4409.pdf | https://bis.gov.in/wp-content/uploads/2021/06/Order-of-Extension-in-date-of-enforcement-of-IS-4432-IS-5518-IS-12145-IS-13387-IS-4072-IS-13352-covered-under-Qulaity-Control-Order.pdf | https://bis.gov.in/wp-content/uploads/2021/06/Order-of-Extension-in-date-of-enforcement-of-IS-7226-and-IS-14331-covered-under-Qulaity-Control-Order.pdf | https://bis.gov.in/wp-content/uploads/2021/06/Order-of-Extension-in-date-of-enforcement-of-IS-6529-covered-under-Qulaity-Control-Order.pdf | https://bis.gov.in/wp-content/uploads/2021/06/Order-of-extension-in-the-enforcement-date-of-Quality-Control-Order-for-Tin-Plate-and-Tin-Free-Steel.pdf | https://bis.gov.in/wp-content/uploads/2021/08/Extension-in-the-date-of-enforcement-of-Quality-Control-Order-on-IS-3748-IS-7291-and-IS-12146.pdf | https://bis.gov.in/wp-content/uploads/2021/09/Order-of-extension-in-the-date-of-enforcement-of-Quality-Control-Order-for-Indian-Standards-IS-4454-Part-4-IS-11946-IS-11947.pdf | https://bis.gov.in/wp-content/uploads/2021/12/Extension-order-in-the-date-of-enforcement-of-Quality-Control-Order-for-Indian-Standards-IS-1110-1990-and-IS-4409-1973.pdf | https://bis.gov.in/wp-content/uploads/2021/12/Extension-order-IS-14331.pdf | https://bis.gov.in/wp-content/uploads/2021/12/Extension-order-IS-13387.pdf | https://bis.gov.in/wp-content/uploads/2022/05/QCO-Extension-Order-26042022.pdf | https://bis.gov.in/wp-content/uploads/2022/11/Ministry-of-Steel-Order-for-extension-of-date-of-implementation-IS-1110-IS-4409.pdf | https://bis.gov.in/wp-content/uploads/2023/02/Extension-oreder-of-IS-4409.pdf | https://bis.gov.in/wp-content/uploads/2023/07/Extension-order-IS-4409-dt-25-07-2023.pdf | https://bis.gov.in/wp-content/uploads/2024/02/Steel-Steel-Product-QCO-2024.pdf | https://bis.gov.in/wp-content/uploads/2024/05/Ferrocnickel-Extension-Quality-Control-Order-2024.pdf | https://bis.gov.in/wp-content/uploads/2024/08/IS-4409-2023-Specification-for-Ferronickel.pdf | https://bis.gov.in/wp-content/uploads/2024/09/Steel-and-Steel-Products-QCO-2024.pdf | https://www.bis.gov.in/wp-content/uploads/2025/11/Steel-and-Steel-Products-Quality-Control-Amendment-Order-2025.pdf | https://www.bis.gov.in/wp-content/uploads/2026/06/Steel-and-Steel-Products-Quality-Control-Amendment-Order-2026-1.pdf,2026-09-03
Steel For the Manufacture of Volute And Helical Springs (for Railway Rolling Stock) – Specification .,Steel and Iron Products,Scheme I (ISI Mark),IS 3195: 1992,,S.O. 756(E),,14-02-2020,,,https://bis.gov.in/wp-content/uploads/2020/03/Steel-QCO-14022020-1.pdf | https://bis.gov.in/wp-content/uploads/2020/06/Steel-QCO-2020-dated-27th-May-2020.pdf | https://bis.gov.in/wp-content/uploads/2020/07/Steel-QCO-dated-17-July-2020-with-corrigendum.pdf | https://bis.gov.in/wp-content/uploads/2020/07/Steel-QCO-extension-order.pdf | https://bis.gov.in/wp-content/uploads/2020/10/Order-of-Extension-in-the-date-of-enforcement-of-Quality-Control-Order.pdf | https://bis.gov.in/wp-content/uploads/2020/11/QCO-on-144-Steel-Steel-Products-1.pdf | https://bis.gov.in/wp-content/uploads/2021/01/145-QCO-Order.pdf | https://bis.gov.in/wp-content/uploads/2021/04/Order-of-extension-in-the-enforcement-date-for-Indian-Standards-covered-under-the-Quality-Control-Order-namely-IS-3748-IS-7291-and-IS-12146.pdf | https://bis.gov.in/wp-content/uploads/2021/04/Order-of-extension-in-the-enforcement-date-for-some-Indian-Standards-covered-under-the-Quality-Control-Order-namely-IS-4398-and-IS-3195.pdf | https://bis.gov.in/wp-content/uploads/2021/04/ORDERO1.pdf | https://bis.gov.in/wp-content/uploads/2021/06/Order-for-extension-in-date-of-enforcement-for-IS-1110-and-IS-4409.pdf | https://bis.gov.in/wp-content/uploads/2021/06/Order-of-Extension-in-date-of-enforcement-of-IS-4432-IS-5518-IS-12145-IS-13387-IS-4072-IS-13352-covered-under-Qulaity-Control-Order.pdf | https://bis.gov.in/wp-content/uploads/2021/06/Order-of-Extension-in-date-of-enforcement-of-IS-7226-and-IS-14331-covered-under-Qulaity-Control-Order.pdf | https://bis.gov.in/wp-content/uploads/2021/06/Order-of-Extension-in-date-of-enforcement-of-IS-6529-covered-under-Qulaity-Control-Order.pdf | https://bis.gov.in/wp-content/uploads/2021/06/Order-of-extension-in-the-enforcement-date-of-Quality-Control-Order-for-Tin-Plate-and-Tin-Free-Steel.pdf | https://bis.gov.in/wp-content/uploads/2021/08/Extension-in-the-date-of-enforcement-of-Quality-Control-Order-on-IS-3748-IS-7291-and-IS-12146.pdf | https://bis.gov.in/wp-content/uploads/2021/09/Order-of-extension-in-the-date-of-enforcement-of-Quality-Control-Order-for-Indian-Standards-IS-4454-Part-4-IS-11946-IS-11947.pdf | https://bis.gov.in/wp-content/uploads/2021/12/Extension-order-in-the-date-of-enforcement-of-Quality-Control-Order-for-Indian-Standards-IS-1110-1990-and-IS-4409-1973.pdf | https://bis.gov.in/wp-content/uploads/2021/12/Extension-order-IS-14331.pdf | https://bis.gov.in/wp-content/uploads/2021/12/Extension-order-IS-13387.pdf | https://bis.gov.in/wp-content/uploads/2022/05/QCO-Extension-Order-26042022.pdf | https://bis.gov.in/wp-content/uploads/2022/11/Ministry-of-Steel-Order-for-extension-of-date-of-implementation-IS-1110-IS-4409.pdf | https://bis.gov.in/wp-content/uploads/2023/02/Extension-oreder-of-IS-4409.pdf | https://bis.gov.in/wp-content/uploads/2023/07/Extension-order-IS-4409-dt-25-07-2023.pdf | https://bis.gov.in/wp-content/uploads/2024/02/Steel-Steel-Product-QCO-2024.pdf | https://bis.gov.in/wp-content/uploads/2024/05/Ferrocnickel-Extension-Quality-Control-Order-2024.pdf | https://bis.gov.in/wp-content/uploads/2024/08/IS-4409-2023-Specification-for-Ferronickel.pdf | https://bis.gov.in/wp-content/uploads/2024/09/Steel-and-Steel-Products-QCO-2024.pdf | https://www.bis.gov.in/wp-content/uploads/2025/11/Steel-and-Steel-Products-Quality-Control-Amendment-Order-2025.pdf | https://www.bis.gov.in/wp-content/uploads/2026/06/Steel-and-Steel-Products-Quality-Control-Amendment-Order-2026-1.pdf,2026-09-03
"Specification for Steel for the manufacture of volute, helical and laminated springs for automotive suspension.",Steel and Iron Products,Scheme I (ISI Mark),IS 3431: 1982,,S.O. 756(E),,14-02-2020,,,https://bis.gov.in/wp-content/uploads/2020/03/Steel-QCO-14022020-1.pdf | https://bis.gov.in/wp-content/uploads/2020/06/Steel-QCO-2020-dated-27th-May-2020.pdf | https://bis.gov.in/wp-content/uploads/2020/07/Steel-QCO-dated-17-July-2020-with-corrigendum.pdf | https://bis.gov.in/wp-content/uploads/2020/07/Steel-QCO-extension-order.pdf | https://bis.gov.in/wp-content/uploads/2020/10/Order-of-Extension-in-the-date-of-enforcement-of-Quality-Control-Order.pdf | https://bis.gov.in/wp-content/uploads/2020/11/QCO-on-144-Steel-Steel-Products-1.pdf | https://bis.gov.in/wp-content/uploads/2021/01/145-QCO-Order.pdf | https://bis.gov.in/wp-content/uploads/2021/04/Order-of-extension-in-the-enforcement-date-for-Indian-Standards-covered-under-the-Quality-Control-Order-namely-IS-3748-IS-7291-and-IS-12146.pdf | https://bis.gov.in/wp-content/uploads/2021/04/Order-of-extension-in-the-enforcement-date-for-some-Indian-Standards-covered-under-the-Quality-Control-Order-namely-IS-4398-and-IS-3195.pdf | https://bis.gov.in/wp-content/uploads/2021/04/ORDERO1.pdf | https://bis.gov.in/wp-content/uploads/2021/06/Order-for-extension-in-date-of-enforcement-for-IS-1110-and-IS-4409.pdf | https://bis.gov.in/wp-content/uploads/2021/06/Order-of-Extension-in-date-of-enforcement-of-IS-4432-IS-5518-IS-12145-IS-13387-IS-4072-IS-13352-covered-under-Qulaity-Control-Order.pdf | https://bis.gov.in/wp-content/uploads/2021/06/Order-of-Extension-in-date-of-enforcement-of-IS-7226-and-IS-14331-covered-under-Qulaity-Control-Order.pdf | https://bis.gov.in/wp-content/uploads/2021/06/Order-of-Extension-in-date-of-enforcement-of-IS-6529-covered-under-Qulaity-Control-Order.pdf | https://bis.gov.in/wp-content/uploads/2021/06/Order-of-extension-in-the-enforcement-date-of-Quality-Control-Order-for-Tin-Plate-and-Tin-Free-Steel.pdf | https://bis.gov.in/wp-content/uploads/2021/08/Extension-in-the-date-of-enforcement-of-Quality-Control-Order-on-IS-3748-IS-7291-and-IS-12146.pdf | https://bis.gov.in/wp-content/uploads/2021/09/Order-of-extension-in-the-date-of-enforcement-of-Quality-Control-Order-for-Indian-Standards-IS-4454-Part-4-IS-11946-IS-11947.pdf | https://bis.gov.in/wp-content/uploads/2021/12/Extension-order-in-the-date-of-enforcement-of-Quality-Control-Order-for-Indian-Standards-IS-1110-1990-and-IS-4409-1973.pdf | https://bis.gov.in/wp-content/uploads/2021/12/Extension-order-IS-14331.pdf | https://bis.gov.in/wp-content/uploads/2021/12/Extension-order-IS-13387.pdf | https://bis.gov.in/wp-content/uploads/2022/05/QCO-Extension-Order-26042022.pdf | https://bis.gov.in/wp-content/uploads/2022/11/Ministry-of-Steel-Order-for-extension-of-date-of-implementation-IS-1110-IS-4409.pdf | https://bis.gov.in/wp-content/uploads/2023/02/Extension-oreder-of-IS-4409.pdf | https://bis.gov.in/wp-content/uploads/2023/07/Extension-order-IS-4409-dt-25-07-2023.pdf | https://bis.gov.in/wp-content/uploads/2024/02/Steel-Steel-Product-QCO-2024.pdf | https://bis.gov.in/wp-content/uploads/2024/05/Ferrocnickel-Extension-Quality-Control-Order-2024.pdf | https://bis.gov.in/wp-content/uploads/2024/08/IS-4409-2023-Specification-for-Ferronickel.pdf | https://bis.gov.in/wp-content/uploads/2024/09/Steel-and-Steel-Products-QCO-2024.pdf | https://www.bis.gov.in/wp-content/uploads/2025/11/Steel-and-Steel-Products-Quality-Control-Amendment-Order-2025.pdf | https://www.bis.gov.in/wp-content/uploads/2026/06/Steel-and-Steel-Products-Quality-Control-Amendment-Order-2026-1.pdf,2026-09-03
Steel for the manufacture of laminated springs (railway rolling stock) Part 1 Flat Sections – Specification.,Steel and Iron Products,Scheme I (ISI Mark),IS 3885-Part-1: 1992,,S.O. 756(E),,14-02-2020,,,https://bis.gov.in/wp-content/uploads/2020/03/Steel-QCO-14022020-1.pdf | https://bis.gov.in/wp-content/uploads/2020/06/Steel-QCO-2020-dated-27th-May-2020.pdf | https://bis.gov.in/wp-content/uploads/2020/07/Steel-QCO-dated-17-July-2020-with-corrigendum.pdf | https://bis.gov.in/wp-content/uploads/2020/07/Steel-QCO-extension-order.pdf | https://bis.gov.in/wp-content/uploads/2020/10/Order-of-Extension-in-the-date-of-enforcement-of-Quality-Control-Order.pdf | https://bis.gov.in/wp-content/uploads/2020/11/QCO-on-144-Steel-Steel-Products-1.pdf | https://bis.gov.in/wp-content/uploads/2021/01/145-QCO-Order.pdf | https://bis.gov.in/wp-content/uploads/2021/04/Order-of-extension-in-the-enforcement-date-for-Indian-Standards-covered-under-the-Quality-Control-Order-namely-IS-3748-IS-7291-and-IS-12146.pdf | https://bis.gov.in/wp-content/uploads/2021/04/Order-of-extension-in-the-enforcement-date-for-some-Indian-Standards-covered-under-the-Quality-Control-Order-namely-IS-4398-and-IS-3195.pdf | https://bis.gov.in/wp-content/uploads/2021/04/ORDERO1.pdf | https://bis.gov.in/wp-content/uploads/2021/06/Order-for-extension-in-date-of-enforcement-for-IS-1110-and-IS-4409.pdf | https://bis.gov.in/wp-content/uploads/2021/06/Order-of-Extension-in-date-of-enforcement-of-IS-4432-IS-5518-IS-12145-IS-13387-IS-4072-IS-13352-covered-under-Qulaity-Control-Order.pdf | https://bis.gov.in/wp-content/uploads/2021/06/Order-of-Extension-in-date-of-enforcement-of-IS-7226-and-IS-14331-covered-under-Qulaity-Control-Order.pdf | https://bis.gov.in/wp-content/uploads/2021/06/Order-of-Extension-in-date-of-enforcement-of-IS-6529-covered-under-Qulaity-Control-Order.pdf | https://bis.gov.in/wp-content/uploads/2021/06/Order-of-extension-in-the-enforcement-date-of-Quality-Control-Order-for-Tin-Plate-and-Tin-Free-Steel.pdf | https://bis.gov.in/wp-content/uploads/2021/08/Extension-in-the-date-of-enforcement-of-Quality-Control-Order-on-IS-3748-IS-7291-and-IS-12146.pdf | https://bis.gov.in/wp-content/uploads/2021/09/Order-of-extension-in-the-date-of-enforcement-of-Quality-Control-Order-for-Indian-Standards-IS-4454-Part-4-IS-11946-IS-11947.pdf | https://bis.gov.in/wp-content/uploads/2021/12/Extension-order-in-the-date-of-enforcement-of-Quality-Control-Order-for-Indian-Standards-IS-1110-1990-and-IS-4409-1973.pdf | https://bis.gov.in/wp-content/uploads/2021/12/Extension-order-IS-14331.pdf | https://bis.gov.in/wp-content/uploads/2021/12/Extension-order-IS-13387.pdf | https://bis.gov.in/wp-content/uploads/2022/05/QCO-Extension-Order-26042022.pdf | https://bis.gov.in/wp-content/uploads/2022/11/Ministry-of-Steel-Order-for-extension-of-date-of-implementation-IS-1110-IS-4409.pdf | https://bis.gov.in/wp-content/uploads/2023/02/Extension-oreder-of-IS-4409.pdf | https://bis.gov.in/wp-content/uploads/2023/07/Extension-order-IS-4409-dt-25-07-2023.pdf | https://bis.gov.in/wp-content/uploads/2024/02/Steel-Steel-Product-QCO-2024.pdf | https://bis.gov.in/wp-content/uploads/2024/05/Ferrocnickel-Extension-Quality-Control-Order-2024.pdf | https://bis.gov.in/wp-content/uploads/2024/08/IS-4409-2023-Specification-for-Ferronickel.pdf | https://bis.gov.in/wp-content/uploads/2024/09/Steel-and-Steel-Products-QCO-2024.pdf | https://www.bis.gov.in/wp-content/uploads/2025/11/Steel-and-Steel-Products-Quality-Control-Amendment-Order-2025.pdf | https://www.bis.gov.in/wp-content/uploads/2026/06/Steel-and-Steel-Products-Quality-Control-Amendment-Order-2026-1.pdf,2026-09-03
Steel for the manufacture of laminated springs (railway rolling stock) Part 2: Rib and Groove Sections- Specification.,Steel and Iron Products,Scheme I (ISI Mark),IS 3885-Part- 2: 1992,,S.O. 756(E),,14-02-2020,,,https://bis.gov.in/wp-content/uploads/2020/03/Steel-QCO-14022020-1.pdf | https://bis.gov.in/wp-content/uploads/2020/06/Steel-QCO-2020-dated-27th-May-2020.pdf | https://bis.gov.in/wp-content/uploads/2020/07/Steel-QCO-dated-17-July-2020-with-corrigendum.pdf | https://bis.gov.in/wp-content/uploads/2020/07/Steel-QCO-extension-order.pdf | https://bis.gov.in/wp-content/uploads/2020/10/Order-of-Extension-in-the-date-of-enforcement-of-Quality-Control-Order.pdf | https://bis.gov.in/wp-content/uploads/2020/11/QCO-on-144-Steel-Steel-Products-1.pdf | https://bis.gov.in/wp-content/uploads/2021/01/145-QCO-Order.pdf | https://bis.gov.in/wp-content/uploads/2021/04/Order-of-extension-in-the-enforcement-date-for-Indian-Standards-covered-under-the-Quality-Control-Order-namely-IS-3748-IS-7291-and-IS-12146.pdf | https://bis.gov.in/wp-content/uploads/2021/04/Order-of-extension-in-the-enforcement-date-for-some-Indian-Standards-covered-under-the-Quality-Control-Order-namely-IS-4398-and-IS-3195.pdf | https://bis.gov.in/wp-content/uploads/2021/04/ORDERO1.pdf | https://bis.gov.in/wp-content/uploads/2021/06/Order-for-extension-in-date-of-enforcement-for-IS-1110-and-IS-4409.pdf | https://bis.gov.in/wp-content/uploads/2021/06/Order-of-Extension-in-date-of-enforcement-of-IS-4432-IS-5518-IS-12145-IS-13387-IS-4072-IS-13352-covered-under-Qulaity-Control-Order.pdf | https://bis.gov.in/wp-content/uploads/2021/06/Order-of-Extension-in-date-of-enforcement-of-IS-7226-and-IS-14331-covered-under-Qulaity-Control-Order.pdf | https://bis.gov.in/wp-content/uploads/2021/06/Order-of-Extension-in-date-of-enforcement-of-IS-6529-covered-under-Qulaity-Control-Order.pdf | https://bis.gov.in/wp-content/uploads/2021/06/Order-of-extension-in-the-enforcement-date-of-Quality-Control-Order-for-Tin-Plate-and-Tin-Free-Steel.pdf | https://bis.gov.in/wp-content/uploads/2021/08/Extension-in-the-date-of-enforcement-of-Quality-Control-Order-on-IS-3748-IS-7291-and-IS-12146.pdf | https://bis.gov.in/wp-content/uploads/2021/09/Order-of-extension-in-the-date-of-enforcement-of-Quality-Control-Order-for-Indian-Standards-IS-4454-Part-4-IS-11946-IS-11947.pdf | https://bis.gov.in/wp-content/uploads/2021/12/Extension-order-in-the-date-of-enforcement-of-Quality-Control-Order-for-Indian-Standards-IS-1110-1990-and-IS-4409-1973.pdf | https://bis.gov.in/wp-content/uploads/2021/12/Extension-order-IS-14331.pdf | https://bis.gov.in/wp-content/uploads/2021/12/Extension-order-IS-13387.pdf | https://bis.gov.in/wp-content/uploads/2022/05/QCO-Extension-Order-26042022.pdf | https://bis.gov.in/wp-content/uploads/2022/11/Ministry-of-Steel-Order-for-extension-of-date-of-implementation-IS-1110-IS-4409.pdf | https://bis.gov.in/wp-content/uploads/2023/02/Extension-oreder-of-IS-4409.pdf | https://bis.gov.in/wp-content/uploads/2023/07/Extension-order-IS-4409-dt-25-07-2023.pdf | https://bis.gov.in/wp-content/uploads/2024/02/Steel-Steel-Product-QCO-2024.pdf | https://bis.gov.in/wp-content/uploads/2024/05/Ferrocnickel-Extension-Quality-Control-Order-2024.pdf | https://bis.gov.in/wp-content/uploads/2024/08/IS-4409-2023-Specification-for-Ferronickel.pdf | https://bis.gov.in/wp-content/uploads/2024/09/Steel-and-Steel-Products-QCO-2024.pdf | https://www.bis.gov.in/wp-content/uploads/2025/11/Steel-and-Steel-Products-Quality-Control-Amendment-Order-2025.pdf | https://www.bis.gov.in/wp-content/uploads/2026/06/Steel-and-Steel-Products-Quality-Control-Amendment-Order-2026-1.pdf,2026-09-03
Specification for Steel Wire for Umbrella Ribs .,Steel and Iron Products,Scheme I (ISI Mark),IS 4223: 1975,,S.O. 756(E),,14-02-2020,,,https://bis.gov.in/wp-content/uploads/2020/03/Steel-QCO-14022020-1.pdf | https://bis.gov.in/wp-content/uploads/2020/06/Steel-QCO-2020-dated-27th-May-2020.pdf | https://bis.gov.in/wp-content/uploads/2020/07/Steel-QCO-dated-17-July-2020-with-corrigendum.pdf | https://bis.gov.in/wp-content/uploads/2020/07/Steel-QCO-extension-order.pdf | https://bis.gov.in/wp-content/uploads/2020/10/Order-of-Extension-in-the-date-of-enforcement-of-Quality-Control-Order.pdf | https://bis.gov.in/wp-content/uploads/2020/11/QCO-on-144-Steel-Steel-Products-1.pdf | https://bis.gov.in/wp-content/uploads/2021/01/145-QCO-Order.pdf | https://bis.gov.in/wp-content/uploads/2021/04/Order-of-extension-in-the-enforcement-date-for-Indian-Standards-covered-under-the-Quality-Control-Order-namely-IS-3748-IS-7291-and-IS-12146.pdf | https://bis.gov.in/wp-content/uploads/2021/04/Order-of-extension-in-the-enforcement-date-for-some-Indian-Standards-covered-under-the-Quality-Control-Order-namely-IS-4398-and-IS-3195.pdf | https://bis.gov.in/wp-content/uploads/2021/04/ORDERO1.pdf | https://bis.gov.in/wp-content/uploads/2021/06/Order-for-extension-in-date-of-enforcement-for-IS-1110-and-IS-4409.pdf | https://bis.gov.in/wp-content/uploads/2021/06/Order-of-Extension-in-date-of-enforcement-of-IS-4432-IS-5518-IS-12145-IS-13387-IS-4072-IS-13352-covered-under-Qulaity-Control-Order.pdf | https://bis.gov.in/wp-content/uploads/2021/06/Order-of-Extension-in-date-of-enforcement-of-IS-7226-and-IS-14331-covered-under-Qulaity-Control-Order.pdf | https://bis.gov.in/wp-content/uploads/2021/06/Order-of-Extension-in-date-of-enforcement-of-IS-6529-covered-under-Qulaity-Control-Order.pdf | https://bis.gov.in/wp-content/uploads/2021/06/Order-of-extension-in-the-enforcement-date-of-Quality-Control-Order-for-Tin-Plate-and-Tin-Free-Steel.pdf | https://bis.gov.in/wp-content/uploads/2021/08/Extension-in-the-date-of-enforcement-of-Quality-Control-Order-on-IS-3748-IS-7291-and-IS-12146.pdf | https://bis.gov.in/wp-content/uploads/2021/09/Order-of-extension-in-the-date-of-enforcement-of-Quality-Control-Order-for-Indian-Standards-IS-4454-Part-4-IS-11946-IS-11947.pdf | https://bis.gov.in/wp-content/uploads/2021/12/Extension-order-in-the-date-of-enforcement-of-Quality-Control-Order-for-Indian-Standards-IS-1110-1990-and-IS-4409-1973.pdf | https://bis.gov.in/wp-content/uploads/2021/12/Extension-order-IS-14331.pdf | https://bis.gov.in/wp-content/uploads/2021/12/Extension-order-IS-13387.pdf | https://bis.gov.in/wp-content/uploads/2022/05/QCO-Extension-Order-26042022.pdf | https://bis.gov.in/wp-content/uploads/2022/11/Ministry-of-Steel-Order-for-extension-of-date-of-implementation-IS-1110-IS-4409.pdf | https://bis.gov.in/wp-content/uploads/2023/02/Extension-oreder-of-IS-4409.pdf | https://bis.gov.in/wp-content/uploads/2023/07/Extension-order-IS-4409-dt-25-07-2023.pdf | https://bis.gov.in/wp-content/uploads/2024/02/Steel-Steel-Product-QCO-2024.pdf | https://bis.gov.in/wp-content/uploads/2024/05/Ferrocnickel-Extension-Quality-Control-Order-2024.pdf | https://bis.gov.in/wp-content/uploads/2024/08/IS-4409-2023-Specification-for-Ferronickel.pdf | https://bis.gov.in/wp-content/uploads/2024/09/Steel-and-Steel-Products-QCO-2024.pdf | https://www.bis.gov.in/wp-content/uploads/2025/11/Steel-and-Steel-Products-Quality-Control-Amendment-Order-2025.pdf | https://www.bis.gov.in/wp-content/uploads/2026/06/Steel-and-Steel-Products-Quality-Control-Amendment-Order-2026-1.pdf,2026-09-03
"Specification for Steel Wire for Staples, Pins And Clips.",Steel and Iron Products,Scheme I (ISI Mark),IS 4224: 1972,,S.O. 756(E),,14-02-2020,,,https://bis.gov.in/wp-content/uploads/2020/03/Steel-QCO-14022020-1.pdf | https://bis.gov.in/wp-content/uploads/2020/06/Steel-QCO-2020-dated-27th-May-2020.pdf | https://bis.gov.in/wp-content/uploads/2020/07/Steel-QCO-dated-17-July-2020-with-corrigendum.pdf | https://bis.gov.in/wp-content/uploads/2020/07/Steel-QCO-extension-order.pdf | https://bis.gov.in/wp-content/uploads/2020/10/Order-of-Extension-in-the-date-of-enforcement-of-Quality-Control-Order.pdf | https://bis.gov.in/wp-content/uploads/2020/11/QCO-on-144-Steel-Steel-Products-1.pdf | https://bis.gov.in/wp-content/uploads/2021/01/145-QCO-Order.pdf | https://bis.gov.in/wp-content/uploads/2021/04/Order-of-extension-in-the-enforcement-date-for-Indian-Standards-covered-under-the-Quality-Control-Order-namely-IS-3748-IS-7291-and-IS-12146.pdf | https://bis.gov.in/wp-content/uploads/2021/04/Order-of-extension-in-the-enforcement-date-for-some-Indian-Standards-covered-under-the-Quality-Control-Order-namely-IS-4398-and-IS-3195.pdf | https://bis.gov.in/wp-content/uploads/2021/04/ORDERO1.pdf | https://bis.gov.in/wp-content/uploads/2021/06/Order-for-extension-in-date-of-enforcement-for-IS-1110-and-IS-4409.pdf | https://bis.gov.in/wp-content/uploads/2021/06/Order-of-Extension-in-date-of-enforcement-of-IS-4432-IS-5518-IS-12145-IS-13387-IS-4072-IS-13352-covered-under-Qulaity-Control-Order.pdf | https://bis.gov.in/wp-content/uploads/2021/06/Order-of-Extension-in-date-of-enforcement-of-IS-7226-and-IS-14331-covered-under-Qulaity-Control-Order.pdf | https://bis.gov.in/wp-content/uploads/2021/06/Order-of-Extension-in-date-of-enforcement-of-IS-6529-covered-under-Qulaity-Control-Order.pdf | https://bis.gov.in/wp-content/uploads/2021/06/Order-of-extension-in-the-enforcement-date-of-Quality-Control-Order-for-Tin-Plate-and-Tin-Free-Steel.pdf | https://bis.gov.in/wp-content/uploads/2021/08/Extension-in-the-date-of-enforcement-of-Quality-Control-Order-on-IS-3748-IS-7291-and-IS-12146.pdf | https://bis.gov.in/wp-content/uploads/2021/09/Order-of-extension-in-the-date-of-enforcement-of-Quality-Control-Order-for-Indian-Standards-IS-4454-Part-4-IS-11946-IS-11947.pdf | https://bis.gov.in/wp-content/uploads/2021/12/Extension-order-in-the-date-of-enforcement-of-Quality-Control-Order-for-Indian-Standards-IS-1110-1990-and-IS-4409-1973.pdf | https://bis.gov.in/wp-content/uploads/2021/12/Extension-order-IS-14331.pdf | https://bis.gov.in/wp-content/uploads/2021/12/Extension-order-IS-13387.pdf | https://bis.gov.in/wp-content/uploads/2022/05/QCO-Extension-Order-26042022.pdf | https://bis.gov.in/wp-content/uploads/2022/11/Ministry-of-Steel-Order-for-extension-of-date-of-implementation-IS-1110-IS-4409.pdf | https://bis.gov.in/wp-content/uploads/2023/02/Extension-oreder-of-IS-4409.pdf | https://bis.gov.in/wp-content/uploads/2023/07/Extension-order-IS-4409-dt-25-07-2023.pdf | https://bis.gov.in/wp-content/uploads/2024/02/Steel-Steel-Product-QCO-2024.pdf | https://bis.gov.in/wp-content/uploads/2024/05/Ferrocnickel-Extension-Quality-Control-Order-2024.pdf | https://bis.gov.in/wp-content/uploads/2024/08/IS-4409-2023-Specification-for-Ferronickel.pdf | https://bis.gov.in/wp-content/uploads/2024/09/Steel-and-Steel-Products-QCO-2024.pdf | https://www.bis.gov.in/wp-content/uploads/2025/11/Steel-and-Steel-Products-Quality-Control-Amendment-Order-2025.pdf | https://www.bis.gov.in/wp-content/uploads/2026/06/Steel-and-Steel-Products-Quality-Control-Amendment-Order-2026-1.pdf,2026-09-03
Cold-rolled Carbon Steel Strips for Ball and Roller Bearing Cages/ Retainers- Specification.,Steel and Iron Products,Scheme I (ISI Mark),IS 4397: 1999,,S.O. 756(E),,14-02-2020,,,https://bis.gov.in/wp-content/uploads/2020/03/Steel-QCO-14022020-1.pdf | https://bis.gov.in/wp-content/uploads/2020/06/Steel-QCO-2020-dated-27th-May-2020.pdf | https://bis.gov.in/wp-content/uploads/2020/07/Steel-QCO-dated-17-July-2020-with-corrigendum.pdf | https://bis.gov.in/wp-content/uploads/2020/07/Steel-QCO-extension-order.pdf | https://bis.gov.in/wp-content/uploads/2020/10/Order-of-Extension-in-the-date-of-enforcement-of-Quality-Control-Order.pdf | https://bis.gov.in/wp-content/uploads/2020/11/QCO-on-144-Steel-Steel-Products-1.pdf | https://bis.gov.in/wp-content/uploads/2021/01/145-QCO-Order.pdf | https://bis.gov.in/wp-content/uploads/2021/04/Order-of-extension-in-the-enforcement-date-for-Indian-Standards-covered-under-the-Quality-Control-Order-namely-IS-3748-IS-7291-and-IS-12146.pdf | https://bis.gov.in/wp-content/uploads/2021/04/Order-of-extension-in-the-enforcement-date-for-some-Indian-Standards-covered-under-the-Quality-Control-Order-namely-IS-4398-and-IS-3195.pdf | https://bis.gov.in/wp-content/uploads/2021/04/ORDERO1.pdf | https://bis.gov.in/wp-content/uploads/2021/06/Order-for-extension-in-date-of-enforcement-for-IS-1110-and-IS-4409.pdf | https://bis.gov.in/wp-content/uploads/2021/06/Order-of-Extension-in-date-of-enforcement-of-IS-4432-IS-5518-IS-12145-IS-13387-IS-4072-IS-13352-covered-under-Qulaity-Control-Order.pdf | https://bis.gov.in/wp-content/uploads/2021/06/Order-of-Extension-in-date-of-enforcement-of-IS-7226-and-IS-14331-covered-under-Qulaity-Control-Order.pdf | https://bis.gov.in/wp-content/uploads/2021/06/Order-of-Extension-in-date-of-enforcement-of-IS-6529-covered-under-Qulaity-Control-Order.pdf | https://bis.gov.in/wp-content/uploads/2021/06/Order-of-extension-in-the-enforcement-date-of-Quality-Control-Order-for-Tin-Plate-and-Tin-Free-Steel.pdf | https://bis.gov.in/wp-content/uploads/2021/08/Extension-in-the-date-of-enforcement-of-Quality-Control-Order-on-IS-3748-IS-7291-and-IS-12146.pdf | https://bis.gov.in/wp-content/uploads/2021/09/Order-of-extension-in-the-date-of-enforcement-of-Quality-Control-Order-for-Indian-Standards-IS-4454-Part-4-IS-11946-IS-11947.pdf | https://bis.gov.in/wp-content/uploads/2021/12/Extension-order-in-the-date-of-enforcement-of-Quality-Control-Order-for-Indian-Standards-IS-1110-1990-and-IS-4409-1973.pdf | https://bis.gov.in/wp-content/uploads/2021/12/Extension-order-IS-14331.pdf | https://bis.gov.in/wp-content/uploads/2021/12/Extension-order-IS-13387.pdf | https://bis.gov.in/wp-content/uploads/2022/05/QCO-Extension-Order-26042022.pdf | https://bis.gov.in/wp-content/uploads/2022/11/Ministry-of-Steel-Order-for-extension-of-date-of-implementation-IS-1110-IS-4409.pdf | https://bis.gov.in/wp-content/uploads/2023/02/Extension-oreder-of-IS-4409.pdf | https://bis.gov.in/wp-content/uploads/2023/07/Extension-order-IS-4409-dt-25-07-2023.pdf | https://bis.gov.in/wp-content/uploads/2024/02/Steel-Steel-Product-QCO-2024.pdf | https://bis.gov.in/wp-content/uploads/2024/05/Ferrocnickel-Extension-Quality-Control-Order-2024.pdf | https://bis.gov.in/wp-content/uploads/2024/08/IS-4409-2023-Specification-for-Ferronickel.pdf | https://bis.gov.in/wp-content/uploads/2024/09/Steel-and-Steel-Products-QCO-2024.pdf | https://www.bis.gov.in/wp-content/uploads/2025/11/Steel-and-Steel-Products-Quality-Control-Amendment-Order-2025.pdf | https://www.bis.gov.in/wp-content/uploads/2026/06/Steel-and-Steel-Products-Quality-Control-Amendment-Order-2026-1.pdf,2026-09-03
"Carbon-chromium Steel for the Manufacture of Balls, Rollers and Bearing Races- Specification",Steel and Iron Products,Scheme I (ISI Mark),IS 4398: 1994,,S.O. 756(E),,14-02-2020,,,https://bis.gov.in/wp-content/uploads/2020/03/Steel-QCO-14022020-1.pdf | https://bis.gov.in/wp-content/uploads/2020/06/Steel-QCO-2020-dated-27th-May-2020.pdf | https://bis.gov.in/wp-content/uploads/2020/07/Steel-QCO-dated-17-July-2020-with-corrigendum.pdf | https://bis.gov.in/wp-content/uploads/2020/07/Steel-QCO-extension-order.pdf | https://bis.gov.in/wp-content/uploads/2020/10/Order-of-Extension-in-the-date-of-enforcement-of-Quality-Control-Order.pdf | https://bis.gov.in/wp-content/uploads/2020/11/QCO-on-144-Steel-Steel-Products-1.pdf | https://bis.gov.in/wp-content/uploads/2021/01/145-QCO-Order.pdf | https://bis.gov.in/wp-content/uploads/2021/04/Order-of-extension-in-the-enforcement-date-for-Indian-Standards-covered-under-the-Quality-Control-Order-namely-IS-3748-IS-7291-and-IS-12146.pdf | https://bis.gov.in/wp-content/uploads/2021/04/Order-of-extension-in-the-enforcement-date-for-some-Indian-Standards-covered-under-the-Quality-Control-Order-namely-IS-4398-and-IS-3195.pdf | https://bis.gov.in/wp-content/uploads/2021/04/ORDERO1.pdf | https://bis.gov.in/wp-content/uploads/2021/06/Order-for-extension-in-date-of-enforcement-for-IS-1110-and-IS-4409.pdf | https://bis.gov.in/wp-content/uploads/2021/06/Order-of-Extension-in-date-of-enforcement-of-IS-4432-IS-5518-IS-12145-IS-13387-IS-4072-IS-13352-covered-under-Qulaity-Control-Order.pdf | https://bis.gov.in/wp-content/uploads/2021/06/Order-of-Extension-in-date-of-enforcement-of-IS-7226-and-IS-14331-covered-under-Qulaity-Control-Order.pdf | https://bis.gov.in/wp-content/uploads/2021/06/Order-of-Extension-in-date-of-enforcement-of-IS-6529-covered-under-Qulaity-Control-Order.pdf | https://bis.gov.in/wp-content/uploads/2021/06/Order-of-extension-in-the-enforcement-date-of-Quality-Control-Order-for-Tin-Plate-and-Tin-Free-Steel.pdf | https://bis.gov.in/wp-content/uploads/2021/08/Extension-in-the-date-of-enforcement-of-Quality-Control-Order-on-IS-3748-IS-7291-and-IS-12146.pdf | https://bis.gov.in/wp-content/uploads/2021/09/Order-of-extension-in-the-date-of-enforcement-of-Quality-Control-Order-for-Indian-Standards-IS-4454-Part-4-IS-11946-IS-11947.pdf | https://bis.gov.in/wp-content/uploads/2021/12/Extension-order-in-the-date-of-enforcement-of-Quality-Control-Order-for-Indian-Standards-IS-1110-1990-and-IS-4409-1973.pdf | https://bis.gov.in/wp-content/uploads/2021/12/Extension-order-IS-14331.pdf | https://bis.gov.in/wp-content/uploads/2021/12/Extension-order-IS-13387.pdf | https://bis.gov.in/wp-content/uploads/2022/05/QCO-Extension-Order-26042022.pdf | https://bis.gov.in/wp-content/uploads/2022/11/Ministry-of-Steel-Order-for-extension-of-date-of-implementation-IS-1110-IS-4409.pdf | https://bis.gov.in/wp-content/uploads/2023/02/Extension-oreder-of-IS-4409.pdf | https://bis.gov.in/wp-content/uploads/2023/07/Extension-order-IS-4409-dt-25-07-2023.pdf | https://bis.gov.in/wp-content/uploads/2024/02/Steel-Steel-Product-QCO-2024.pdf | https://bis.gov.in/wp-content/uploads/2024/05/Ferrocnickel-Extension-Quality-Control-Order-2024.pdf | https://bis.gov.in/wp-content/uploads/2024/08/IS-4409-2023-Specification-for-Ferronickel.pdf | https://bis.gov.in/wp-content/uploads/2024/09/Steel-and-Steel-Products-QCO-2024.pdf | https://www.bis.gov.in/wp-content/uploads/2025/11/Steel-and-Steel-Products-Quality-Control-Amendment-Order-2025.pdf | https://www.bis.gov.in/wp-content/uploads/2026/06/Steel-and-Steel-Products-Quality-Control-Amendment-Order-2026-1.pdf,2026-09-03
Specification for Steel Wire for spokes.,Steel and Iron Products,Scheme I (ISI Mark),IS 6902: 1973,,S.O. 756(E),,14-02-2020,,,https://bis.gov.in/wp-content/uploads/2020/03/Steel-QCO-14022020-1.pdf | https://bis.gov.in/wp-content/uploads/2020/06/Steel-QCO-2020-dated-27th-May-2020.pdf | https://bis.gov.in/wp-content/uploads/2020/07/Steel-QCO-dated-17-July-2020-with-corrigendum.pdf | https://bis.gov.in/wp-content/uploads/2020/07/Steel-QCO-extension-order.pdf | https://bis.gov.in/wp-content/uploads/2020/10/Order-of-Extension-in-the-date-of-enforcement-of-Quality-Control-Order.pdf | https://bis.gov.in/wp-content/uploads/2020/11/QCO-on-144-Steel-Steel-Products-1.pdf | https://bis.gov.in/wp-content/uploads/2021/01/145-QCO-Order.pdf | https://bis.gov.in/wp-content/uploads/2021/04/Order-of-extension-in-the-enforcement-date-for-Indian-Standards-covered-under-the-Quality-Control-Order-namely-IS-3748-IS-7291-and-IS-12146.pdf | https://bis.gov.in/wp-content/uploads/2021/04/Order-of-extension-in-the-enforcement-date-for-some-Indian-Standards-covered-under-the-Quality-Control-Order-namely-IS-4398-and-IS-3195.pdf | https://bis.gov.in/wp-content/uploads/2021/04/ORDERO1.pdf | https://bis.gov.in/wp-content/uploads/2021/06/Order-for-extension-in-date-of-enforcement-for-IS-1110-and-IS-4409.pdf | https://bis.gov.in/wp-content/uploads/2021/06/Order-of-Extension-in-date-of-enforcement-of-IS-4432-IS-5518-IS-12145-IS-13387-IS-4072-IS-13352-covered-under-Qulaity-Control-Order.pdf | https://bis.gov.in/wp-content/uploads/2021/06/Order-of-Extension-in-date-of-enforcement-of-IS-7226-and-IS-14331-covered-under-Qulaity-Control-Order.pdf | https://bis.gov.in/wp-content/uploads/2021/06/Order-of-Extension-in-date-of-enforcement-of-IS-6529-covered-under-Qulaity-Control-Order.pdf | https://bis.gov.in/wp-content/uploads/2021/06/Order-of-extension-in-the-enforcement-date-of-Quality-Control-Order-for-Tin-Plate-and-Tin-Free-Steel.pdf | https://bis.gov.in/wp-content/uploads/2021/08/Extension-in-the-date-of-enforcement-of-Quality-Control-Order-on-IS-3748-IS-7291-and-IS-12146.pdf | https://bis.gov.in/wp-content/uploads/2021/09/Order-of-extension-in-the-date-of-enforcement-of-Quality-Control-Order-for-Indian-Standards-IS-4454-Part-4-IS-11946-IS-11947.pdf | https://bis.gov.in/wp-content/uploads/2021/12/Extension-order-in-the-date-of-enforcement-of-Quality-Control-Order-for-Indian-Standards-IS-1110-1990-and-IS-4409-1973.pdf | https://bis.gov.in/wp-content/uploads/2021/12/Extension-order-IS-14331.pdf | https://bis.gov.in/wp-content/uploads/2021/12/Extension-order-IS-13387.pdf | https://bis.gov.in/wp-content/uploads/2022/05/QCO-Extension-Order-26042022.pdf | https://bis.gov.in/wp-content/uploads/2022/11/Ministry-of-Steel-Order-for-extension-of-date-of-implementation-IS-1110-IS-4409.pdf | https://bis.gov.in/wp-content/uploads/2023/02/Extension-oreder-of-IS-4409.pdf | https://bis.gov.in/wp-content/uploads/2023/07/Extension-order-IS-4409-dt-25-07-2023.pdf | https://bis.gov.in/wp-content/uploads/2024/02/Steel-Steel-Product-QCO-2024.pdf | https://bis.gov.in/wp-content/uploads/2024/05/Ferrocnickel-Extension-Quality-Control-Order-2024.pdf | https://bis.gov.in/wp-content/uploads/2024/08/IS-4409-2023-Specification-for-Ferronickel.pdf | https://bis.gov.in/wp-content/uploads/2024/09/Steel-and-Steel-Products-QCO-2024.pdf | https://www.bis.gov.in/wp-content/uploads/2025/11/Steel-and-Steel-Products-Quality-Control-Amendment-Order-2025.pdf | https://www.bis.gov.in/wp-content/uploads/2026/06/Steel-and-Steel-Products-Quality-Control-Amendment-Order-2026-1.pdf,2026-09-03
Specification for Steel For Electrically welded round Link Chains.,Steel and Iron Products,Scheme I (ISI Mark),IS 6967: 1973,,S.O. 756(E),,14-02-2020,,,https://bis.gov.in/wp-content/uploads/2020/03/Steel-QCO-14022020-1.pdf | https://bis.gov.in/wp-content/uploads/2020/06/Steel-QCO-2020-dated-27th-May-2020.pdf | https://bis.gov.in/wp-content/uploads/2020/07/Steel-QCO-dated-17-July-2020-with-corrigendum.pdf | https://bis.gov.in/wp-content/uploads/2020/07/Steel-QCO-extension-order.pdf | https://bis.gov.in/wp-content/uploads/2020/10/Order-of-Extension-in-the-date-of-enforcement-of-Quality-Control-Order.pdf | https://bis.gov.in/wp-content/uploads/2020/11/QCO-on-144-Steel-Steel-Products-1.pdf | https://bis.gov.in/wp-content/uploads/2021/01/145-QCO-Order.pdf | https://bis.gov.in/wp-content/uploads/2021/04/Order-of-extension-in-the-enforcement-date-for-Indian-Standards-covered-under-the-Quality-Control-Order-namely-IS-3748-IS-7291-and-IS-12146.pdf | https://bis.gov.in/wp-content/uploads/2021/04/Order-of-extension-in-the-enforcement-date-for-some-Indian-Standards-covered-under-the-Quality-Control-Order-namely-IS-4398-and-IS-3195.pdf | https://bis.gov.in/wp-content/uploads/2021/04/ORDERO1.pdf | https://bis.gov.in/wp-content/uploads/2021/06/Order-for-extension-in-date-of-enforcement-for-IS-1110-and-IS-4409.pdf | https://bis.gov.in/wp-content/uploads/2021/06/Order-of-Extension-in-date-of-enforcement-of-IS-4432-IS-5518-IS-12145-IS-13387-IS-4072-IS-13352-covered-under-Qulaity-Control-Order.pdf | https://bis.gov.in/wp-content/uploads/2021/06/Order-of-Extension-in-date-of-enforcement-of-IS-7226-and-IS-14331-covered-under-Qulaity-Control-Order.pdf | https://bis.gov.in/wp-content/uploads/2021/06/Order-of-Extension-in-date-of-enforcement-of-IS-6529-covered-under-Qulaity-Control-Order.pdf | https://bis.gov.in/wp-content/uploads/2021/06/Order-of-extension-in-the-enforcement-date-of-Quality-Control-Order-for-Tin-Plate-and-Tin-Free-Steel.pdf | https://bis.gov.in/wp-content/uploads/2021/08/Extension-in-the-date-of-enforcement-of-Quality-Control-Order-on-IS-3748-IS-7291-and-IS-12146.pdf | https://bis.gov.in/wp-content/uploads/2021/09/Order-of-extension-in-the-date-of-enforcement-of-Quality-Control-Order-for-Indian-Standards-IS-4454-Part-4-IS-11946-IS-11947.pdf | https://bis.gov.in/wp-content/uploads/2021/12/Extension-order-in-the-date-of-enforcement-of-Quality-Control-Order-for-Indian-Standards-IS-1110-1990-and-IS-4409-1973.pdf | https://bis.gov.in/wp-content/uploads/2021/12/Extension-order-IS-14331.pdf | https://bis.gov.in/wp-content/uploads/2021/12/Extension-order-IS-13387.pdf | https://bis.gov.in/wp-content/uploads/2022/05/QCO-Extension-Order-26042022.pdf | https://bis.gov.in/wp-content/uploads/2022/11/Ministry-of-Steel-Order-for-extension-of-date-of-implementation-IS-1110-IS-4409.pdf | https://bis.gov.in/wp-content/uploads/2023/02/Extension-oreder-of-IS-4409.pdf | https://bis.gov.in/wp-content/uploads/2023/07/Extension-order-IS-4409-dt-25-07-2023.pdf | https://bis.gov.in/wp-content/uploads/2024/02/Steel-Steel-Product-QCO-2024.pdf | https://bis.gov.in/wp-content/uploads/2024/05/Ferrocnickel-Extension-Quality-Control-Order-2024.pdf | https://bis.gov.in/wp-content/uploads/2024/08/IS-4409-2023-Specification-for-Ferronickel.pdf | https://bis.gov.in/wp-content/uploads/2024/09/Steel-and-Steel-Products-QCO-2024.pdf | https://www.bis.gov.in/wp-content/uploads/2025/11/Steel-and-Steel-Products-Quality-Control-Amendment-Order-2025.pdf | https://www.bis.gov.in/wp-content/uploads/2026/06/Steel-and-Steel-Products-Quality-Control-Amendment-Order-2026-1.pdf,2026-09-03
"Specification for Cold rolled medium, high carbon and low alloy steel strip for general engineering purposes.",Steel and Iron Products,Scheme I (ISI Mark),IS 7226: 1974,,S.O. 756(E),,14-02-2020,,,https://bis.gov.in/wp-content/uploads/2020/03/Steel-QCO-14022020-1.pdf | https://bis.gov.in/wp-content/uploads/2020/06/Steel-QCO-2020-dated-27th-May-2020.pdf | https://bis.gov.in/wp-content/uploads/2020/07/Steel-QCO-dated-17-July-2020-with-corrigendum.pdf | https://bis.gov.in/wp-content/uploads/2020/07/Steel-QCO-extension-order.pdf | https://bis.gov.in/wp-content/uploads/2020/10/Order-of-Extension-in-the-date-of-enforcement-of-Quality-Control-Order.pdf | https://bis.gov.in/wp-content/uploads/2020/11/QCO-on-144-Steel-Steel-Products-1.pdf | https://bis.gov.in/wp-content/uploads/2021/01/145-QCO-Order.pdf | https://bis.gov.in/wp-content/uploads/2021/04/Order-of-extension-in-the-enforcement-date-for-Indian-Standards-covered-under-the-Quality-Control-Order-namely-IS-3748-IS-7291-and-IS-12146.pdf | https://bis.gov.in/wp-content/uploads/2021/04/Order-of-extension-in-the-enforcement-date-for-some-Indian-Standards-covered-under-the-Quality-Control-Order-namely-IS-4398-and-IS-3195.pdf | https://bis.gov.in/wp-content/uploads/2021/04/ORDERO1.pdf | https://bis.gov.in/wp-content/uploads/2021/06/Order-for-extension-in-date-of-enforcement-for-IS-1110-and-IS-4409.pdf | https://bis.gov.in/wp-content/uploads/2021/06/Order-of-Extension-in-date-of-enforcement-of-IS-4432-IS-5518-IS-12145-IS-13387-IS-4072-IS-13352-covered-under-Qulaity-Control-Order.pdf | https://bis.gov.in/wp-content/uploads/2021/06/Order-of-Extension-in-date-of-enforcement-of-IS-7226-and-IS-14331-covered-under-Qulaity-Control-Order.pdf | https://bis.gov.in/wp-content/uploads/2021/06/Order-of-Extension-in-date-of-enforcement-of-IS-6529-covered-under-Qulaity-Control-Order.pdf | https://bis.gov.in/wp-content/uploads/2021/06/Order-of-extension-in-the-enforcement-date-of-Quality-Control-Order-for-Tin-Plate-and-Tin-Free-Steel.pdf | https://bis.gov.in/wp-content/uploads/2021/08/Extension-in-the-date-of-enforcement-of-Quality-Control-Order-on-IS-3748-IS-7291-and-IS-12146.pdf | https://bis.gov.in/wp-content/uploads/2021/09/Order-of-extension-in-the-date-of-enforcement-of-Quality-Control-Order-for-Indian-Standards-IS-4454-Part-4-IS-11946-IS-11947.pdf | https://bis.gov.in/wp-content/uploads/2021/12/Extension-order-in-the-date-of-enforcement-of-Quality-Control-Order-for-Indian-Standards-IS-1110-1990-and-IS-4409-1973.pdf | https://bis.gov.in/wp-content/uploads/2021/12/Extension-order-IS-14331.pdf | https://bis.gov.in/wp-content/uploads/2021/12/Extension-order-IS-13387.pdf | https://bis.gov.in/wp-content/uploads/2022/05/QCO-Extension-Order-26042022.pdf | https://bis.gov.in/wp-content/uploads/2022/11/Ministry-of-Steel-Order-for-extension-of-date-of-implementation-IS-1110-IS-4409.pdf | https://bis.gov.in/wp-content/uploads/2023/02/Extension-oreder-of-IS-4409.pdf | https://bis.gov.in/wp-content/uploads/2023/07/Extension-order-IS-4409-dt-25-07-2023.pdf | https://bis.gov.in/wp-content/uploads/2024/02/Steel-Steel-Product-QCO-2024.pdf | https://bis.gov.in/wp-content/uploads/2024/05/Ferrocnickel-Extension-Quality-Control-Order-2024.pdf | https://bis.gov.in/wp-content/uploads/2024/08/IS-4409-2023-Specification-for-Ferronickel.pdf | https://bis.gov.in/wp-content/uploads/2024/09/Steel-and-Steel-Products-QCO-2024.pdf | https://www.bis.gov.in/wp-content/uploads/2025/11/Steel-and-Steel-Products-Quality-Control-Amendment-Order-2025.pdf | https://www.bis.gov.in/wp-content/uploads/2026/06/Steel-and-Steel-Products-Quality-Control-Amendment-Order-2026-1.pdf,2026-09-03
Specification for Steel Wire: (Up to 20 mm) for the manufacture of cold-forged rivets.,Steel and Iron Products,Scheme I (ISI Mark),IS 7557: 1982,,S.O. 756(E),,14-02-2020,,,https://bis.gov.in/wp-content/uploads/2020/03/Steel-QCO-14022020-1.pdf | https://bis.gov.in/wp-content/uploads/2020/06/Steel-QCO-2020-dated-27th-May-2020.pdf | https://bis.gov.in/wp-content/uploads/2020/07/Steel-QCO-dated-17-July-2020-with-corrigendum.pdf | https://bis.gov.in/wp-content/uploads/2020/07/Steel-QCO-extension-order.pdf | https://bis.gov.in/wp-content/uploads/2020/10/Order-of-Extension-in-the-date-of-enforcement-of-Quality-Control-Order.pdf | https://bis.gov.in/wp-content/uploads/2020/11/QCO-on-144-Steel-Steel-Products-1.pdf | https://bis.gov.in/wp-content/uploads/2021/01/145-QCO-Order.pdf | https://bis.gov.in/wp-content/uploads/2021/04/Order-of-extension-in-the-enforcement-date-for-Indian-Standards-covered-under-the-Quality-Control-Order-namely-IS-3748-IS-7291-and-IS-12146.pdf | https://bis.gov.in/wp-content/uploads/2021/04/Order-of-extension-in-the-enforcement-date-for-some-Indian-Standards-covered-under-the-Quality-Control-Order-namely-IS-4398-and-IS-3195.pdf | https://bis.gov.in/wp-content/uploads/2021/04/ORDERO1.pdf | https://bis.gov.in/wp-content/uploads/2021/06/Order-for-extension-in-date-of-enforcement-for-IS-1110-and-IS-4409.pdf | https://bis.gov.in/wp-content/uploads/2021/06/Order-of-Extension-in-date-of-enforcement-of-IS-4432-IS-5518-IS-12145-IS-13387-IS-4072-IS-13352-covered-under-Qulaity-Control-Order.pdf | https://bis.gov.in/wp-content/uploads/2021/06/Order-of-Extension-in-date-of-enforcement-of-IS-7226-and-IS-14331-covered-under-Qulaity-Control-Order.pdf | https://bis.gov.in/wp-content/uploads/2021/06/Order-of-Extension-in-date-of-enforcement-of-IS-6529-covered-under-Qulaity-Control-Order.pdf | https://bis.gov.in/wp-content/uploads/2021/06/Order-of-extension-in-the-enforcement-date-of-Quality-Control-Order-for-Tin-Plate-and-Tin-Free-Steel.pdf | https://bis.gov.in/wp-content/uploads/2021/08/Extension-in-the-date-of-enforcement-of-Quality-Control-Order-on-IS-3748-IS-7291-and-IS-12146.pdf | https://bis.gov.in/wp-content/uploads/2021/09/Order-of-extension-in-the-date-of-enforcement-of-Quality-Control-Order-for-Indian-Standards-IS-4454-Part-4-IS-11946-IS-11947.pdf | https://bis.gov.in/wp-content/uploads/2021/12/Extension-order-in-the-date-of-enforcement-of-Quality-Control-Order-for-Indian-Standards-IS-1110-1990-and-IS-4409-1973.pdf | https://bis.gov.in/wp-content/uploads/2021/12/Extension-order-IS-14331.pdf | https://bis.gov.in/wp-content/uploads/2021/12/Extension-order-IS-13387.pdf | https://bis.gov.in/wp-content/uploads/2022/05/QCO-Extension-Order-26042022.pdf | https://bis.gov.in/wp-content/uploads/2022/11/Ministry-of-Steel-Order-for-extension-of-date-of-implementation-IS-1110-IS-4409.pdf | https://bis.gov.in/wp-content/uploads/2023/02/Extension-oreder-of-IS-4409.pdf | https://bis.gov.in/wp-content/uploads/2023/07/Extension-order-IS-4409-dt-25-07-2023.pdf | https://bis.gov.in/wp-content/uploads/2024/02/Steel-Steel-Product-QCO-2024.pdf | https://bis.gov.in/wp-content/uploads/2024/05/Ferrocnickel-Extension-Quality-Control-Order-2024.pdf | https://bis.gov.in/wp-content/uploads/2024/08/IS-4409-2023-Specification-for-Ferronickel.pdf | https://bis.gov.in/wp-content/uploads/2024/09/Steel-and-Steel-Products-QCO-2024.pdf | https://www.bis.gov.in/wp-content/uploads/2025/11/Steel-and-Steel-Products-Quality-Control-Amendment-Order-2025.pdf | https://www.bis.gov.in/wp-content/uploads/2026/06/Steel-and-Steel-Products-Quality-Control-Amendment-Order-2026-1.pdf,2026-09-03
"Steel ingots, billets and blooms for the production of springs, rivets and screws for general engineering applications – Specification.",Steel and Iron Products,Scheme I (ISI Mark),IS 8052: 2006,,S.O. 756(E),,14-02-2020,,,https://bis.gov.in/wp-content/uploads/2020/03/Steel-QCO-14022020-1.pdf | https://bis.gov.in/wp-content/uploads/2020/06/Steel-QCO-2020-dated-27th-May-2020.pdf | https://bis.gov.in/wp-content/uploads/2020/07/Steel-QCO-dated-17-July-2020-with-corrigendum.pdf | https://bis.gov.in/wp-content/uploads/2020/07/Steel-QCO-extension-order.pdf | https://bis.gov.in/wp-content/uploads/2020/10/Order-of-Extension-in-the-date-of-enforcement-of-Quality-Control-Order.pdf | https://bis.gov.in/wp-content/uploads/2020/11/QCO-on-144-Steel-Steel-Products-1.pdf | https://bis.gov.in/wp-content/uploads/2021/01/145-QCO-Order.pdf | https://bis.gov.in/wp-content/uploads/2021/04/Order-of-extension-in-the-enforcement-date-for-Indian-Standards-covered-under-the-Quality-Control-Order-namely-IS-3748-IS-7291-and-IS-12146.pdf | https://bis.gov.in/wp-content/uploads/2021/04/Order-of-extension-in-the-enforcement-date-for-some-Indian-Standards-covered-under-the-Quality-Control-Order-namely-IS-4398-and-IS-3195.pdf | https://bis.gov.in/wp-content/uploads/2021/04/ORDERO1.pdf | https://bis.gov.in/wp-content/uploads/2021/06/Order-for-extension-in-date-of-enforcement-for-IS-1110-and-IS-4409.pdf | https://bis.gov.in/wp-content/uploads/2021/06/Order-of-Extension-in-date-of-enforcement-of-IS-4432-IS-5518-IS-12145-IS-13387-IS-4072-IS-13352-covered-under-Qulaity-Control-Order.pdf | https://bis.gov.in/wp-content/uploads/2021/06/Order-of-Extension-in-date-of-enforcement-of-IS-7226-and-IS-14331-covered-under-Qulaity-Control-Order.pdf | https://bis.gov.in/wp-content/uploads/2021/06/Order-of-Extension-in-date-of-enforcement-of-IS-6529-covered-under-Qulaity-Control-Order.pdf | https://bis.gov.in/wp-content/uploads/2021/06/Order-of-extension-in-the-enforcement-date-of-Quality-Control-Order-for-Tin-Plate-and-Tin-Free-Steel.pdf | https://bis.gov.in/wp-content/uploads/2021/08/Extension-in-the-date-of-enforcement-of-Quality-Control-Order-on-IS-3748-IS-7291-and-IS-12146.pdf | https://bis.gov.in/wp-content/uploads/2021/09/Order-of-extension-in-the-date-of-enforcement-of-Quality-Control-Order-for-Indian-Standards-IS-4454-Part-4-IS-11946-IS-11947.pdf | https://bis.gov.in/wp-content/uploads/2021/12/Extension-order-in-the-date-of-enforcement-of-Quality-Control-Order-for-Indian-Standards-IS-1110-1990-and-IS-4409-1973.pdf | https://bis.gov.in/wp-content/uploads/2021/12/Extension-order-IS-14331.pdf | https://bis.gov.in/wp-content/uploads/2021/12/Extension-order-IS-13387.pdf | https://bis.gov.in/wp-content/uploads/2022/05/QCO-Extension-Order-26042022.pdf | https://bis.gov.in/wp-content/uploads/2022/11/Ministry-of-Steel-Order-for-extension-of-date-of-implementation-IS-1110-IS-4409.pdf | https://bis.gov.in/wp-content/uploads/2023/02/Extension-oreder-of-IS-4409.pdf | https://bis.gov.in/wp-content/uploads/2023/07/Extension-order-IS-4409-dt-25-07-2023.pdf | https://bis.gov.in/wp-content/uploads/2024/02/Steel-Steel-Product-QCO-2024.pdf | https://bis.gov.in/wp-content/uploads/2024/05/Ferrocnickel-Extension-Quality-Control-Order-2024.pdf | https://bis.gov.in/wp-content/uploads/2024/08/IS-4409-2023-Specification-for-Ferronickel.pdf | https://bis.gov.in/wp-content/uploads/2024/09/Steel-and-Steel-Products-QCO-2024.pdf | https://www.bis.gov.in/wp-content/uploads/2025/11/Steel-and-Steel-Products-Quality-Control-Amendment-Order-2025.pdf | https://www.bis.gov.in/wp-content/uploads/2026/06/Steel-and-Steel-Products-Quality-Control-Amendment-Order-2026-1.pdf,2026-09-03
"Steel Cast Billet Ingots, Billets and Blooms for production of High Carbon Steel Wire Rods- Specification",Steel and Iron Products,Scheme I (ISI Mark),IS 8951: 2001,,S.O. 756(E),,14-02-2020,,,https://bis.gov.in/wp-content/uploads/2020/03/Steel-QCO-14022020-1.pdf | https://bis.gov.in/wp-content/uploads/2020/06/Steel-QCO-2020-dated-27th-May-2020.pdf | https://bis.gov.in/wp-content/uploads/2020/07/Steel-QCO-dated-17-July-2020-with-corrigendum.pdf | https://bis.gov.in/wp-content/uploads/2020/07/Steel-QCO-extension-order.pdf | https://bis.gov.in/wp-content/uploads/2020/10/Order-of-Extension-in-the-date-of-enforcement-of-Quality-Control-Order.pdf | https://bis.gov.in/wp-content/uploads/2020/11/QCO-on-144-Steel-Steel-Products-1.pdf | https://bis.gov.in/wp-content/uploads/2021/01/145-QCO-Order.pdf | https://bis.gov.in/wp-content/uploads/2021/04/Order-of-extension-in-the-enforcement-date-for-Indian-Standards-covered-under-the-Quality-Control-Order-namely-IS-3748-IS-7291-and-IS-12146.pdf | https://bis.gov.in/wp-content/uploads/2021/04/Order-of-extension-in-the-enforcement-date-for-some-Indian-Standards-covered-under-the-Quality-Control-Order-namely-IS-4398-and-IS-3195.pdf | https://bis.gov.in/wp-content/uploads/2021/04/ORDERO1.pdf | https://bis.gov.in/wp-content/uploads/2021/06/Order-for-extension-in-date-of-enforcement-for-IS-1110-and-IS-4409.pdf | https://bis.gov.in/wp-content/uploads/2021/06/Order-of-Extension-in-date-of-enforcement-of-IS-4432-IS-5518-IS-12145-IS-13387-IS-4072-IS-13352-covered-under-Qulaity-Control-Order.pdf | https://bis.gov.in/wp-content/uploads/2021/06/Order-of-Extension-in-date-of-enforcement-of-IS-7226-and-IS-14331-covered-under-Qulaity-Control-Order.pdf | https://bis.gov.in/wp-content/uploads/2021/06/Order-of-Extension-in-date-of-enforcement-of-IS-6529-covered-under-Qulaity-Control-Order.pdf | https://bis.gov.in/wp-content/uploads/2021/06/Order-of-extension-in-the-enforcement-date-of-Quality-Control-Order-for-Tin-Plate-and-Tin-Free-Steel.pdf | https://bis.gov.in/wp-content/uploads/2021/08/Extension-in-the-date-of-enforcement-of-Quality-Control-Order-on-IS-3748-IS-7291-and-IS-12146.pdf | https://bis.gov.in/wp-content/uploads/2021/09/Order-of-extension-in-the-date-of-enforcement-of-Quality-Control-Order-for-Indian-Standards-IS-4454-Part-4-IS-11946-IS-11947.pdf | https://bis.gov.in/wp-content/uploads/2021/12/Extension-order-in-the-date-of-enforcement-of-Quality-Control-Order-for-Indian-Standards-IS-1110-1990-and-IS-4409-1973.pdf | https://bis.gov.in/wp-content/uploads/2021/12/Extension-order-IS-14331.pdf | https://bis.gov.in/wp-content/uploads/2021/12/Extension-order-IS-13387.pdf | https://bis.gov.in/wp-content/uploads/2022/05/QCO-Extension-Order-26042022.pdf | https://bis.gov.in/wp-content/uploads/2022/11/Ministry-of-Steel-Order-for-extension-of-date-of-implementation-IS-1110-IS-4409.pdf | https://bis.gov.in/wp-content/uploads/2023/02/Extension-oreder-of-IS-4409.pdf | https://bis.gov.in/wp-content/uploads/2023/07/Extension-order-IS-4409-dt-25-07-2023.pdf | https://bis.gov.in/wp-content/uploads/2024/02/Steel-Steel-Product-QCO-2024.pdf | https://bis.gov.in/wp-content/uploads/2024/05/Ferrocnickel-Extension-Quality-Control-Order-2024.pdf | https://bis.gov.in/wp-content/uploads/2024/08/IS-4409-2023-Specification-for-Ferronickel.pdf | https://bis.gov.in/wp-content/uploads/2024/09/Steel-and-Steel-Products-QCO-2024.pdf | https://www.bis.gov.in/wp-content/uploads/2025/11/Steel-and-Steel-Products-Quality-Control-Amendment-Order-2025.pdf | https://www.bis.gov.in/wp-content/uploads/2026/06/Steel-and-Steel-Products-Quality-Control-Amendment-Order-2026-1.pdf,2026-09-03
"Steel ingots, blooms and billets for production of mild steel wire rods for general engineering purposes – Specification",Steel and Iron Products,Scheme I (ISI Mark),IS 8952: 1995,,S.O. 756(E),,14-02-2020,,,https://bis.gov.in/wp-content/uploads/2020/03/Steel-QCO-14022020-1.pdf | https://bis.gov.in/wp-content/uploads/2020/06/Steel-QCO-2020-dated-27th-May-2020.pdf | https://bis.gov.in/wp-content/uploads/2020/07/Steel-QCO-dated-17-July-2020-with-corrigendum.pdf | https://bis.gov.in/wp-content/uploads/2020/07/Steel-QCO-extension-order.pdf | https://bis.gov.in/wp-content/uploads/2020/10/Order-of-Extension-in-the-date-of-enforcement-of-Quality-Control-Order.pdf | https://bis.gov.in/wp-content/uploads/2020/11/QCO-on-144-Steel-Steel-Products-1.pdf | https://bis.gov.in/wp-content/uploads/2021/01/145-QCO-Order.pdf | https://bis.gov.in/wp-content/uploads/2021/04/Order-of-extension-in-the-enforcement-date-for-Indian-Standards-covered-under-the-Quality-Control-Order-namely-IS-3748-IS-7291-and-IS-12146.pdf | https://bis.gov.in/wp-content/uploads/2021/04/Order-of-extension-in-the-enforcement-date-for-some-Indian-Standards-covered-under-the-Quality-Control-Order-namely-IS-4398-and-IS-3195.pdf | https://bis.gov.in/wp-content/uploads/2021/04/ORDERO1.pdf | https://bis.gov.in/wp-content/uploads/2021/06/Order-for-extension-in-date-of-enforcement-for-IS-1110-and-IS-4409.pdf | https://bis.gov.in/wp-content/uploads/2021/06/Order-of-Extension-in-date-of-enforcement-of-IS-4432-IS-5518-IS-12145-IS-13387-IS-4072-IS-13352-covered-under-Qulaity-Control-Order.pdf | https://bis.gov.in/wp-content/uploads/2021/06/Order-of-Extension-in-date-of-enforcement-of-IS-7226-and-IS-14331-covered-under-Qulaity-Control-Order.pdf | https://bis.gov.in/wp-content/uploads/2021/06/Order-of-Extension-in-date-of-enforcement-of-IS-6529-covered-under-Qulaity-Control-Order.pdf | https://bis.gov.in/wp-content/uploads/2021/06/Order-of-extension-in-the-enforcement-date-of-Quality-Control-Order-for-Tin-Plate-and-Tin-Free-Steel.pdf | https://bis.gov.in/wp-content/uploads/2021/08/Extension-in-the-date-of-enforcement-of-Quality-Control-Order-on-IS-3748-IS-7291-and-IS-12146.pdf | https://bis.gov.in/wp-content/uploads/2021/09/Order-of-extension-in-the-date-of-enforcement-of-Quality-Control-Order-for-Indian-Standards-IS-4454-Part-4-IS-11946-IS-11947.pdf | https://bis.gov.in/wp-content/uploads/2021/12/Extension-order-in-the-date-of-enforcement-of-Quality-Control-Order-for-Indian-Standards-IS-1110-1990-and-IS-4409-1973.pdf | https://bis.gov.in/wp-content/uploads/2021/12/Extension-order-IS-14331.pdf | https://bis.gov.in/wp-content/uploads/2021/12/Extension-order-IS-13387.pdf | https://bis.gov.in/wp-content/uploads/2022/05/QCO-Extension-Order-26042022.pdf | https://bis.gov.in/wp-content/uploads/2022/11/Ministry-of-Steel-Order-for-extension-of-date-of-implementation-IS-1110-IS-4409.pdf | https://bis.gov.in/wp-content/uploads/2023/02/Extension-oreder-of-IS-4409.pdf | https://bis.gov.in/wp-content/uploads/2023/07/Extension-order-IS-4409-dt-25-07-2023.pdf | https://bis.gov.in/wp-content/uploads/2024/02/Steel-Steel-Product-QCO-2024.pdf | https://bis.gov.in/wp-content/uploads/2024/05/Ferrocnickel-Extension-Quality-Control-Order-2024.pdf | https://bis.gov.in/wp-content/uploads/2024/08/IS-4409-2023-Specification-for-Ferronickel.pdf | https://bis.gov.in/wp-content/uploads/2024/09/Steel-and-Steel-Products-QCO-2024.pdf | https://www.bis.gov.in/wp-content/uploads/2025/11/Steel-and-Steel-Products-Quality-Control-Amendment-Order-2025.pdf | https://www.bis.gov.in/wp-content/uploads/2026/06/Steel-and-Steel-Products-Quality-Control-Amendment-Order-2026-1.pdf,2026-09-03
Specification for Cold rolled steel strips for carbon steel razor blades.,Steel and Iron Products,Scheme I (ISI Mark),IS 9476: 1980,,S.O. 756(E),,14-02-2020,,,https://bis.gov.in/wp-content/uploads/2020/03/Steel-QCO-14022020-1.pdf | https://bis.gov.in/wp-content/uploads/2020/06/Steel-QCO-2020-dated-27th-May-2020.pdf | https://bis.gov.in/wp-content/uploads/2020/07/Steel-QCO-dated-17-July-2020-with-corrigendum.pdf | https://bis.gov.in/wp-content/uploads/2020/07/Steel-QCO-extension-order.pdf | https://bis.gov.in/wp-content/uploads/2020/10/Order-of-Extension-in-the-date-of-enforcement-of-Quality-Control-Order.pdf | https://bis.gov.in/wp-content/uploads/2020/11/QCO-on-144-Steel-Steel-Products-1.pdf | https://bis.gov.in/wp-content/uploads/2021/01/145-QCO-Order.pdf | https://bis.gov.in/wp-content/uploads/2021/04/Order-of-extension-in-the-enforcement-date-for-Indian-Standards-covered-under-the-Quality-Control-Order-namely-IS-3748-IS-7291-and-IS-12146.pdf | https://bis.gov.in/wp-content/uploads/2021/04/Order-of-extension-in-the-enforcement-date-for-some-Indian-Standards-covered-under-the-Quality-Control-Order-namely-IS-4398-and-IS-3195.pdf | https://bis.gov.in/wp-content/uploads/2021/04/ORDERO1.pdf | https://bis.gov.in/wp-content/uploads/2021/06/Order-for-extension-in-date-of-enforcement-for-IS-1110-and-IS-4409.pdf | https://bis.gov.in/wp-content/uploads/2021/06/Order-of-Extension-in-date-of-enforcement-of-IS-4432-IS-5518-IS-12145-IS-13387-IS-4072-IS-13352-covered-under-Qulaity-Control-Order.pdf | https://bis.gov.in/wp-content/uploads/2021/06/Order-of-Extension-in-date-of-enforcement-of-IS-7226-and-IS-14331-covered-under-Qulaity-Control-Order.pdf | https://bis.gov.in/wp-content/uploads/2021/06/Order-of-Extension-in-date-of-enforcement-of-IS-6529-covered-under-Qulaity-Control-Order.pdf | https://bis.gov.in/wp-content/uploads/2021/06/Order-of-extension-in-the-enforcement-date-of-Quality-Control-Order-for-Tin-Plate-and-Tin-Free-Steel.pdf | https://bis.gov.in/wp-content/uploads/2021/08/Extension-in-the-date-of-enforcement-of-Quality-Control-Order-on-IS-3748-IS-7291-and-IS-12146.pdf | https://bis.gov.in/wp-content/uploads/2021/09/Order-of-extension-in-the-date-of-enforcement-of-Quality-Control-Order-for-Indian-Standards-IS-4454-Part-4-IS-11946-IS-11947.pdf | https://bis.gov.in/wp-content/uploads/2021/12/Extension-order-in-the-date-of-enforcement-of-Quality-Control-Order-for-Indian-Standards-IS-1110-1990-and-IS-4409-1973.pdf | https://bis.gov.in/wp-content/uploads/2021/12/Extension-order-IS-14331.pdf | https://bis.gov.in/wp-content/uploads/2021/12/Extension-order-IS-13387.pdf | https://bis.gov.in/wp-content/uploads/2022/05/QCO-Extension-Order-26042022.pdf | https://bis.gov.in/wp-content/uploads/2022/11/Ministry-of-Steel-Order-for-extension-of-date-of-implementation-IS-1110-IS-4409.pdf | https://bis.gov.in/wp-content/uploads/2023/02/Extension-oreder-of-IS-4409.pdf | https://bis.gov.in/wp-content/uploads/2023/07/Extension-order-IS-4409-dt-25-07-2023.pdf | https://bis.gov.in/wp-content/uploads/2024/02/Steel-Steel-Product-QCO-2024.pdf | https://bis.gov.in/wp-content/uploads/2024/05/Ferrocnickel-Extension-Quality-Control-Order-2024.pdf | https://bis.gov.in/wp-content/uploads/2024/08/IS-4409-2023-Specification-for-Ferronickel.pdf | https://bis.gov.in/wp-content/uploads/2024/09/Steel-and-Steel-Products-QCO-2024.pdf | https://www.bis.gov.in/wp-content/uploads/2025/11/Steel-and-Steel-Products-Quality-Control-Amendment-Order-2025.pdf | https://www.bis.gov.in/wp-content/uploads/2026/06/Steel-and-Steel-Products-Quality-Control-Amendment-Order-2026-1.pdf,2026-09-03
Specification for Steel Wire for Needles.,Steel and Iron Products,Scheme I (ISI Mark),IS 9962: 1981,,S.O. 756(E),,14-02-2020,,,https://bis.gov.in/wp-content/uploads/2020/03/Steel-QCO-14022020-1.pdf | https://bis.gov.in/wp-content/uploads/2020/06/Steel-QCO-2020-dated-27th-May-2020.pdf | https://bis.gov.in/wp-content/uploads/2020/07/Steel-QCO-dated-17-July-2020-with-corrigendum.pdf | https://bis.gov.in/wp-content/uploads/2020/07/Steel-QCO-extension-order.pdf | https://bis.gov.in/wp-content/uploads/2020/10/Order-of-Extension-in-the-date-of-enforcement-of-Quality-Control-Order.pdf | https://bis.gov.in/wp-content/uploads/2020/11/QCO-on-144-Steel-Steel-Products-1.pdf | https://bis.gov.in/wp-content/uploads/2021/01/145-QCO-Order.pdf | https://bis.gov.in/wp-content/uploads/2021/04/Order-of-extension-in-the-enforcement-date-for-Indian-Standards-covered-under-the-Quality-Control-Order-namely-IS-3748-IS-7291-and-IS-12146.pdf | https://bis.gov.in/wp-content/uploads/2021/04/Order-of-extension-in-the-enforcement-date-for-some-Indian-Standards-covered-under-the-Quality-Control-Order-namely-IS-4398-and-IS-3195.pdf | https://bis.gov.in/wp-content/uploads/2021/04/ORDERO1.pdf | https://bis.gov.in/wp-content/uploads/2021/06/Order-for-extension-in-date-of-enforcement-for-IS-1110-and-IS-4409.pdf | https://bis.gov.in/wp-content/uploads/2021/06/Order-of-Extension-in-date-of-enforcement-of-IS-4432-IS-5518-IS-12145-IS-13387-IS-4072-IS-13352-covered-under-Qulaity-Control-Order.pdf | https://bis.gov.in/wp-content/uploads/2021/06/Order-of-Extension-in-date-of-enforcement-of-IS-7226-and-IS-14331-covered-under-Qulaity-Control-Order.pdf | https://bis.gov.in/wp-content/uploads/2021/06/Order-of-Extension-in-date-of-enforcement-of-IS-6529-covered-under-Qulaity-Control-Order.pdf | https://bis.gov.in/wp-content/uploads/2021/06/Order-of-extension-in-the-enforcement-date-of-Quality-Control-Order-for-Tin-Plate-and-Tin-Free-Steel.pdf | https://bis.gov.in/wp-content/uploads/2021/08/Extension-in-the-date-of-enforcement-of-Quality-Control-Order-on-IS-3748-IS-7291-and-IS-12146.pdf | https://bis.gov.in/wp-content/uploads/2021/09/Order-of-extension-in-the-date-of-enforcement-of-Quality-Control-Order-for-Indian-Standards-IS-4454-Part-4-IS-11946-IS-11947.pdf | https://bis.gov.in/wp-content/uploads/2021/12/Extension-order-in-the-date-of-enforcement-of-Quality-Control-Order-for-Indian-Standards-IS-1110-1990-and-IS-4409-1973.pdf | https://bis.gov.in/wp-content/uploads/2021/12/Extension-order-IS-14331.pdf | https://bis.gov.in/wp-content/uploads/2021/12/Extension-order-IS-13387.pdf | https://bis.gov.in/wp-content/uploads/2022/05/QCO-Extension-Order-26042022.pdf | https://bis.gov.in/wp-content/uploads/2022/11/Ministry-of-Steel-Order-for-extension-of-date-of-implementation-IS-1110-IS-4409.pdf | https://bis.gov.in/wp-content/uploads/2023/02/Extension-oreder-of-IS-4409.pdf | https://bis.gov.in/wp-content/uploads/2023/07/Extension-order-IS-4409-dt-25-07-2023.pdf | https://bis.gov.in/wp-content/uploads/2024/02/Steel-Steel-Product-QCO-2024.pdf | https://bis.gov.in/wp-content/uploads/2024/05/Ferrocnickel-Extension-Quality-Control-Order-2024.pdf | https://bis.gov.in/wp-content/uploads/2024/08/IS-4409-2023-Specification-for-Ferronickel.pdf | https://bis.gov.in/wp-content/uploads/2024/09/Steel-and-Steel-Products-QCO-2024.pdf | https://www.bis.gov.in/wp-content/uploads/2025/11/Steel-and-Steel-Products-Quality-Control-Amendment-Order-2025.pdf | https://www.bis.gov.in/wp-content/uploads/2026/06/Steel-and-Steel-Products-Quality-Control-Amendment-Order-2026-1.pdf,2026-09-03
Heat-Treated Steels Alloy and Free-Cutting Steels — Ball and Roller Bearing Steels.,Steel and Iron Products,Scheme I (ISI Mark),IS 17111: 2019 (ISO 683- 17: 2014),,S.O. 756(E),,14-02-2020,,,https://bis.gov.in/wp-content/uploads/2020/03/Steel-QCO-14022020-1.pdf | https://bis.gov.in/wp-content/uploads/2020/06/Steel-QCO-2020-dated-27th-May-2020.pdf | https://bis.gov.in/wp-content/uploads/2020/07/Steel-QCO-dated-17-July-2020-with-corrigendum.pdf | https://bis.gov.in/wp-content/uploads/2020/07/Steel-QCO-extension-order.pdf | https://bis.gov.in/wp-content/uploads/2020/10/Order-of-Extension-in-the-date-of-enforcement-of-Quality-Control-Order.pdf | https://bis.gov.in/wp-content/uploads/2020/11/QCO-on-144-Steel-Steel-Products-1.pdf | https://bis.gov.in/wp-content/uploads/2021/01/145-QCO-Order.pdf | https://bis.gov.in/wp-content/uploads/2021/04/Order-of-extension-in-the-enforcement-date-for-Indian-Standards-covered-under-the-Quality-Control-Order-namely-IS-3748-IS-7291-and-IS-12146.pdf | https://bis.gov.in/wp-content/uploads/2021/04/Order-of-extension-in-the-enforcement-date-for-some-Indian-Standards-covered-under-the-Quality-Control-Order-namely-IS-4398-and-IS-3195.pdf | https://bis.gov.in/wp-content/uploads/2021/04/ORDERO1.pdf | https://bis.gov.in/wp-content/uploads/2021/06/Order-for-extension-in-date-of-enforcement-for-IS-1110-and-IS-4409.pdf | https://bis.gov.in/wp-content/uploads/2021/06/Order-of-Extension-in-date-of-enforcement-of-IS-4432-IS-5518-IS-12145-IS-13387-IS-4072-IS-13352-covered-under-Qulaity-Control-Order.pdf | https://bis.gov.in/wp-content/uploads/2021/06/Order-of-Extension-in-date-of-enforcement-of-IS-7226-and-IS-14331-covered-under-Qulaity-Control-Order.pdf | https://bis.gov.in/wp-content/uploads/2021/06/Order-of-Extension-in-date-of-enforcement-of-IS-6529-covered-under-Qulaity-Control-Order.pdf | https://bis.gov.in/wp-content/uploads/2021/06/Order-of-extension-in-the-enforcement-date-of-Quality-Control-Order-for-Tin-Plate-and-Tin-Free-Steel.pdf | https://bis.gov.in/wp-content/uploads/2021/08/Extension-in-the-date-of-enforcement-of-Quality-Control-Order-on-IS-3748-IS-7291-and-IS-12146.pdf | https://bis.gov.in/wp-content/uploads/2021/09/Order-of-extension-in-the-date-of-enforcement-of-Quality-Control-Order-for-Indian-Standards-IS-4454-Part-4-IS-11946-IS-11947.pdf | https://bis.gov.in/wp-content/uploads/2021/12/Extension-order-in-the-date-of-enforcement-of-Quality-Control-Order-for-Indian-Standards-IS-1110-1990-and-IS-4409-1973.pdf | https://bis.gov.in/wp-content/uploads/2021/12/Extension-order-IS-14331.pdf | https://bis.gov.in/wp-content/uploads/2021/12/Extension-order-IS-13387.pdf | https://bis.gov.in/wp-content/uploads/2022/05/QCO-Extension-Order-26042022.pdf | https://bis.gov.in/wp-content/uploads/2022/11/Ministry-of-Steel-Order-for-extension-of-date-of-implementation-IS-1110-IS-4409.pdf | https://bis.gov.in/wp-content/uploads/2023/02/Extension-oreder-of-IS-4409.pdf | https://bis.gov.in/wp-content/uploads/2023/07/Extension-order-IS-4409-dt-25-07-2023.pdf | https://bis.gov.in/wp-content/uploads/2024/02/Steel-Steel-Product-QCO-2024.pdf | https://bis.gov.in/wp-content/uploads/2024/05/Ferrocnickel-Extension-Quality-Control-Order-2024.pdf | https://bis.gov.in/wp-content/uploads/2024/08/IS-4409-2023-Specification-for-Ferronickel.pdf | https://bis.gov.in/wp-content/uploads/2024/09/Steel-and-Steel-Products-QCO-2024.pdf | https://www.bis.gov.in/wp-content/uploads/2025/11/Steel-and-Steel-Products-Quality-Control-Amendment-Order-2025.pdf | https://www.bis.gov.in/wp-content/uploads/2026/06/Steel-and-Steel-Products-Quality-Control-Amendment-Order-2026-1.pdf,2026-09-03
Steels for High Temperature Bolting Applications – Specification,Steel and Iron Products,Scheme I (ISI Mark),IS 14331:1995,,S.O. 756(E),,14-02-2020,,,https://bis.gov.in/wp-content/uploads/2020/03/Steel-QCO-14022020-1.pdf | https://bis.gov.in/wp-content/uploads/2020/06/Steel-QCO-2020-dated-27th-May-2020.pdf | https://bis.gov.in/wp-content/uploads/2020/07/Steel-QCO-dated-17-July-2020-with-corrigendum.pdf | https://bis.gov.in/wp-content/uploads/2020/07/Steel-QCO-extension-order.pdf | https://bis.gov.in/wp-content/uploads/2020/10/Order-of-Extension-in-the-date-of-enforcement-of-Quality-Control-Order.pdf | https://bis.gov.in/wp-content/uploads/2020/11/QCO-on-144-Steel-Steel-Products-1.pdf | https://bis.gov.in/wp-content/uploads/2021/01/145-QCO-Order.pdf | https://bis.gov.in/wp-content/uploads/2021/04/Order-of-extension-in-the-enforcement-date-for-Indian-Standards-covered-under-the-Quality-Control-Order-namely-IS-3748-IS-7291-and-IS-12146.pdf | https://bis.gov.in/wp-content/uploads/2021/04/Order-of-extension-in-the-enforcement-date-for-some-Indian-Standards-covered-under-the-Quality-Control-Order-namely-IS-4398-and-IS-3195.pdf | https://bis.gov.in/wp-content/uploads/2021/04/ORDERO1.pdf | https://bis.gov.in/wp-content/uploads/2021/06/Order-for-extension-in-date-of-enforcement-for-IS-1110-and-IS-4409.pdf | https://bis.gov.in/wp-content/uploads/2021/06/Order-of-Extension-in-date-of-enforcement-of-IS-4432-IS-5518-IS-12145-IS-13387-IS-4072-IS-13352-covered-under-Qulaity-Control-Order.pdf | https://bis.gov.in/wp-content/uploads/2021/06/Order-of-Extension-in-date-of-enforcement-of-IS-7226-and-IS-14331-covered-under-Qulaity-Control-Order.pdf | https://bis.gov.in/wp-content/uploads/2021/06/Order-of-Extension-in-date-of-enforcement-of-IS-6529-covered-under-Qulaity-Control-Order.pdf | https://bis.gov.in/wp-content/uploads/2021/06/Order-of-extension-in-the-enforcement-date-of-Quality-Control-Order-for-Tin-Plate-and-Tin-Free-Steel.pdf | https://bis.gov.in/wp-content/uploads/2021/08/Extension-in-the-date-of-enforcement-of-Quality-Control-Order-on-IS-3748-IS-7291-and-IS-12146.pdf | https://bis.gov.in/wp-content/uploads/2021/09/Order-of-extension-in-the-date-of-enforcement-of-Quality-Control-Order-for-Indian-Standards-IS-4454-Part-4-IS-11946-IS-11947.pdf | https://bis.gov.in/wp-content/uploads/2021/12/Extension-order-in-the-date-of-enforcement-of-Quality-Control-Order-for-Indian-Standards-IS-1110-1990-and-IS-4409-1973.pdf | https://bis.gov.in/wp-content/uploads/2021/12/Extension-order-IS-14331.pdf | https://bis.gov.in/wp-content/uploads/2021/12/Extension-order-IS-13387.pdf | https://bis.gov.in/wp-content/uploads/2022/05/QCO-Extension-Order-26042022.pdf | https://bis.gov.in/wp-content/uploads/2022/11/Ministry-of-Steel-Order-for-extension-of-date-of-implementation-IS-1110-IS-4409.pdf | https://bis.gov.in/wp-content/uploads/2023/02/Extension-oreder-of-IS-4409.pdf | https://bis.gov.in/wp-content/uploads/2023/07/Extension-order-IS-4409-dt-25-07-2023.pdf | https://bis.gov.in/wp-content/uploads/2024/02/Steel-Steel-Product-QCO-2024.pdf | https://bis.gov.in/wp-content/uploads/2024/05/Ferrocnickel-Extension-Quality-Control-Order-2024.pdf | https://bis.gov.in/wp-content/uploads/2024/08/IS-4409-2023-Specification-for-Ferronickel.pdf | https://bis.gov.in/wp-content/uploads/2024/09/Steel-and-Steel-Products-QCO-2024.pdf | https://www.bis.gov.in/wp-content/uploads/2025/11/Steel-and-Steel-Products-Quality-Control-Amendment-Order-2025.pdf | https://www.bis.gov.in/wp-content/uploads/2026/06/Steel-and-Steel-Products-Quality-Control-Amendment-Order-2026-1.pdf,2026-09-03
Hot-dip Zinc Coating on Structural Steel Bars for Concrete Reinforcement – Specification,Steel and Iron Products,Scheme I (ISI Mark),IS 12594: 1988,,S.O. 756(E),,14-02-2020,,,https://bis.gov.in/wp-content/uploads/2020/03/Steel-QCO-14022020-1.pdf | https://bis.gov.in/wp-content/uploads/2020/06/Steel-QCO-2020-dated-27th-May-2020.pdf | https://bis.gov.in/wp-content/uploads/2020/07/Steel-QCO-dated-17-July-2020-with-corrigendum.pdf | https://bis.gov.in/wp-content/uploads/2020/07/Steel-QCO-extension-order.pdf | https://bis.gov.in/wp-content/uploads/2020/10/Order-of-Extension-in-the-date-of-enforcement-of-Quality-Control-Order.pdf | https://bis.gov.in/wp-content/uploads/2020/11/QCO-on-144-Steel-Steel-Products-1.pdf | https://bis.gov.in/wp-content/uploads/2021/01/145-QCO-Order.pdf | https://bis.gov.in/wp-content/uploads/2021/04/Order-of-extension-in-the-enforcement-date-for-Indian-Standards-covered-under-the-Quality-Control-Order-namely-IS-3748-IS-7291-and-IS-12146.pdf | https://bis.gov.in/wp-content/uploads/2021/04/Order-of-extension-in-the-enforcement-date-for-some-Indian-Standards-covered-under-the-Quality-Control-Order-namely-IS-4398-and-IS-3195.pdf | https://bis.gov.in/wp-content/uploads/2021/04/ORDERO1.pdf | https://bis.gov.in/wp-content/uploads/2021/06/Order-for-extension-in-date-of-enforcement-for-IS-1110-and-IS-4409.pdf | https://bis.gov.in/wp-content/uploads/2021/06/Order-of-Extension-in-date-of-enforcement-of-IS-4432-IS-5518-IS-12145-IS-13387-IS-4072-IS-13352-covered-under-Qulaity-Control-Order.pdf | https://bis.gov.in/wp-content/uploads/2021/06/Order-of-Extension-in-date-of-enforcement-of-IS-7226-and-IS-14331-covered-under-Qulaity-Control-Order.pdf | https://bis.gov.in/wp-content/uploads/2021/06/Order-of-Extension-in-date-of-enforcement-of-IS-6529-covered-under-Qulaity-Control-Order.pdf | https://bis.gov.in/wp-content/uploads/2021/06/Order-of-extension-in-the-enforcement-date-of-Quality-Control-Order-for-Tin-Plate-and-Tin-Free-Steel.pdf | https://bis.gov.in/wp-content/uploads/2021/08/Extension-in-the-date-of-enforcement-of-Quality-Control-Order-on-IS-3748-IS-7291-and-IS-12146.pdf | https://bis.gov.in/wp-content/uploads/2021/09/Order-of-extension-in-the-date-of-enforcement-of-Quality-Control-Order-for-Indian-Standards-IS-4454-Part-4-IS-11946-IS-11947.pdf | https://bis.gov.in/wp-content/uploads/2021/12/Extension-order-in-the-date-of-enforcement-of-Quality-Control-Order-for-Indian-Standards-IS-1110-1990-and-IS-4409-1973.pdf | https://bis.gov.in/wp-content/uploads/2021/12/Extension-order-IS-14331.pdf | https://bis.gov.in/wp-content/uploads/2021/12/Extension-order-IS-13387.pdf | https://bis.gov.in/wp-content/uploads/2022/05/QCO-Extension-Order-26042022.pdf | https://bis.gov.in/wp-content/uploads/2022/11/Ministry-of-Steel-Order-for-extension-of-date-of-implementation-IS-1110-IS-4409.pdf | https://bis.gov.in/wp-content/uploads/2023/02/Extension-oreder-of-IS-4409.pdf | https://bis.gov.in/wp-content/uploads/2023/07/Extension-order-IS-4409-dt-25-07-2023.pdf | https://bis.gov.in/wp-content/uploads/2024/02/Steel-Steel-Product-QCO-2024.pdf | https://bis.gov.in/wp-content/uploads/2024/05/Ferrocnickel-Extension-Quality-Control-Order-2024.pdf | https://bis.gov.in/wp-content/uploads/2024/08/IS-4409-2023-Specification-for-Ferronickel.pdf | https://bis.gov.in/wp-content/uploads/2024/09/Steel-and-Steel-Products-QCO-2024.pdf | https://www.bis.gov.in/wp-content/uploads/2025/11/Steel-and-Steel-Products-Quality-Control-Amendment-Order-2025.pdf | https://www.bis.gov.in/wp-content/uploads/2026/06/Steel-and-Steel-Products-Quality-Control-Amendment-Order-2026-1.pdf,2026-09-03
"Carbon Steel Cast Billet Ingots, Billets, Blooms and Slabs for Rerolling purposes- Specification",Steel and Iron Products,Scheme I (ISI Mark),IS 14650:1999,,S.O. 756(E),,14-02-2020,,,https://bis.gov.in/wp-content/uploads/2020/03/Steel-QCO-14022020-1.pdf | https://bis.gov.in/wp-content/uploads/2020/06/Steel-QCO-2020-dated-27th-May-2020.pdf | https://bis.gov.in/wp-content/uploads/2020/07/Steel-QCO-dated-17-July-2020-with-corrigendum.pdf | https://bis.gov.in/wp-content/uploads/2020/07/Steel-QCO-extension-order.pdf | https://bis.gov.in/wp-content/uploads/2020/10/Order-of-Extension-in-the-date-of-enforcement-of-Quality-Control-Order.pdf | https://bis.gov.in/wp-content/uploads/2020/11/QCO-on-144-Steel-Steel-Products-1.pdf | https://bis.gov.in/wp-content/uploads/2021/01/145-QCO-Order.pdf | https://bis.gov.in/wp-content/uploads/2021/04/Order-of-extension-in-the-enforcement-date-for-Indian-Standards-covered-under-the-Quality-Control-Order-namely-IS-3748-IS-7291-and-IS-12146.pdf | https://bis.gov.in/wp-content/uploads/2021/04/Order-of-extension-in-the-enforcement-date-for-some-Indian-Standards-covered-under-the-Quality-Control-Order-namely-IS-4398-and-IS-3195.pdf | https://bis.gov.in/wp-content/uploads/2021/04/ORDERO1.pdf | https://bis.gov.in/wp-content/uploads/2021/06/Order-for-extension-in-date-of-enforcement-for-IS-1110-and-IS-4409.pdf | https://bis.gov.in/wp-content/uploads/2021/06/Order-of-Extension-in-date-of-enforcement-of-IS-4432-IS-5518-IS-12145-IS-13387-IS-4072-IS-13352-covered-under-Qulaity-Control-Order.pdf | https://bis.gov.in/wp-content/uploads/2021/06/Order-of-Extension-in-date-of-enforcement-of-IS-7226-and-IS-14331-covered-under-Qulaity-Control-Order.pdf | https://bis.gov.in/wp-content/uploads/2021/06/Order-of-Extension-in-date-of-enforcement-of-IS-6529-covered-under-Qulaity-Control-Order.pdf | https://bis.gov.in/wp-content/uploads/2021/06/Order-of-extension-in-the-enforcement-date-of-Quality-Control-Order-for-Tin-Plate-and-Tin-Free-Steel.pdf | https://bis.gov.in/wp-content/uploads/2021/08/Extension-in-the-date-of-enforcement-of-Quality-Control-Order-on-IS-3748-IS-7291-and-IS-12146.pdf | https://bis.gov.in/wp-content/uploads/2021/09/Order-of-extension-in-the-date-of-enforcement-of-Quality-Control-Order-for-Indian-Standards-IS-4454-Part-4-IS-11946-IS-11947.pdf | https://bis.gov.in/wp-content/uploads/2021/12/Extension-order-in-the-date-of-enforcement-of-Quality-Control-Order-for-Indian-Standards-IS-1110-1990-and-IS-4409-1973.pdf | https://bis.gov.in/wp-content/uploads/2021/12/Extension-order-IS-14331.pdf | https://bis.gov.in/wp-content/uploads/2021/12/Extension-order-IS-13387.pdf | https://bis.gov.in/wp-content/uploads/2022/05/QCO-Extension-Order-26042022.pdf | https://bis.gov.in/wp-content/uploads/2022/11/Ministry-of-Steel-Order-for-extension-of-date-of-implementation-IS-1110-IS-4409.pdf | https://bis.gov.in/wp-content/uploads/2023/02/Extension-oreder-of-IS-4409.pdf | https://bis.gov.in/wp-content/uploads/2023/07/Extension-order-IS-4409-dt-25-07-2023.pdf | https://bis.gov.in/wp-content/uploads/2024/02/Steel-Steel-Product-QCO-2024.pdf | https://bis.gov.in/wp-content/uploads/2024/05/Ferrocnickel-Extension-Quality-Control-Order-2024.pdf | https://bis.gov.in/wp-content/uploads/2024/08/IS-4409-2023-Specification-for-Ferronickel.pdf | https://bis.gov.in/wp-content/uploads/2024/09/Steel-and-Steel-Products-QCO-2024.pdf | https://www.bis.gov.in/wp-content/uploads/2025/11/Steel-and-Steel-Products-Quality-Control-Amendment-Order-2025.pdf | https://www.bis.gov.in/wp-content/uploads/2026/06/Steel-and-Steel-Products-Quality-Control-Amendment-Order-2026-1.pdf,2026-09-03
Specification for Low Carbon Steel Wire for Rivets for use in Bearing Industry,Steel and Iron Products,Scheme I (ISI Mark),IS 4882: 1979,,S.O. 756(E),,14-02-2020,,,https://bis.gov.in/wp-content/uploads/2020/03/Steel-QCO-14022020-1.pdf | https://bis.gov.in/wp-content/uploads/2020/06/Steel-QCO-2020-dated-27th-May-2020.pdf | https://bis.gov.in/wp-content/uploads/2020/07/Steel-QCO-dated-17-July-2020-with-corrigendum.pdf | https://bis.gov.in/wp-content/uploads/2020/07/Steel-QCO-extension-order.pdf | https://bis.gov.in/wp-content/uploads/2020/10/Order-of-Extension-in-the-date-of-enforcement-of-Quality-Control-Order.pdf | https://bis.gov.in/wp-content/uploads/2020/11/QCO-on-144-Steel-Steel-Products-1.pdf | https://bis.gov.in/wp-content/uploads/2021/01/145-QCO-Order.pdf | https://bis.gov.in/wp-content/uploads/2021/04/Order-of-extension-in-the-enforcement-date-for-Indian-Standards-covered-under-the-Quality-Control-Order-namely-IS-3748-IS-7291-and-IS-12146.pdf | https://bis.gov.in/wp-content/uploads/2021/04/Order-of-extension-in-the-enforcement-date-for-some-Indian-Standards-covered-under-the-Quality-Control-Order-namely-IS-4398-and-IS-3195.pdf | https://bis.gov.in/wp-content/uploads/2021/04/ORDERO1.pdf | https://bis.gov.in/wp-content/uploads/2021/06/Order-for-extension-in-date-of-enforcement-for-IS-1110-and-IS-4409.pdf | https://bis.gov.in/wp-content/uploads/2021/06/Order-of-Extension-in-date-of-enforcement-of-IS-4432-IS-5518-IS-12145-IS-13387-IS-4072-IS-13352-covered-under-Qulaity-Control-Order.pdf | https://bis.gov.in/wp-content/uploads/2021/06/Order-of-Extension-in-date-of-enforcement-of-IS-7226-and-IS-14331-covered-under-Qulaity-Control-Order.pdf | https://bis.gov.in/wp-content/uploads/2021/06/Order-of-Extension-in-date-of-enforcement-of-IS-6529-covered-under-Qulaity-Control-Order.pdf | https://bis.gov.in/wp-content/uploads/2021/06/Order-of-extension-in-the-enforcement-date-of-Quality-Control-Order-for-Tin-Plate-and-Tin-Free-Steel.pdf | https://bis.gov.in/wp-content/uploads/2021/08/Extension-in-the-date-of-enforcement-of-Quality-Control-Order-on-IS-3748-IS-7291-and-IS-12146.pdf | https://bis.gov.in/wp-content/uploads/2021/09/Order-of-extension-in-the-date-of-enforcement-of-Quality-Control-Order-for-Indian-Standards-IS-4454-Part-4-IS-11946-IS-11947.pdf | https://bis.gov.in/wp-content/uploads/2021/12/Extension-order-in-the-date-of-enforcement-of-Quality-Control-Order-for-Indian-Standards-IS-1110-1990-and-IS-4409-1973.pdf | https://bis.gov.in/wp-content/uploads/2021/12/Extension-order-IS-14331.pdf | https://bis.gov.in/wp-content/uploads/2021/12/Extension-order-IS-13387.pdf | https://bis.gov.in/wp-content/uploads/2022/05/QCO-Extension-Order-26042022.pdf | https://bis.gov.in/wp-content/uploads/2022/11/Ministry-of-Steel-Order-for-extension-of-date-of-implementation-IS-1110-IS-4409.pdf | https://bis.gov.in/wp-content/uploads/2023/02/Extension-oreder-of-IS-4409.pdf | https://bis.gov.in/wp-content/uploads/2023/07/Extension-order-IS-4409-dt-25-07-2023.pdf | https://bis.gov.in/wp-content/uploads/2024/02/Steel-Steel-Product-QCO-2024.pdf | https://bis.gov.in/wp-content/uploads/2024/05/Ferrocnickel-Extension-Quality-Control-Order-2024.pdf | https://bis.gov.in/wp-content/uploads/2024/08/IS-4409-2023-Specification-for-Ferronickel.pdf | https://bis.gov.in/wp-content/uploads/2024/09/Steel-and-Steel-Products-QCO-2024.pdf | https://www.bis.gov.in/wp-content/uploads/2025/11/Steel-and-Steel-Products-Quality-Control-Amendment-Order-2025.pdf | https://www.bis.gov.in/wp-content/uploads/2026/06/Steel-and-Steel-Products-Quality-Control-Amendment-Order-2026-1.pdf,2026-09-03
Specification for High Tensile Steel Bars used in Pre-stressed Concrete,Steel and Iron Products,Scheme I (ISI Mark),IS 2090:1983,,S.O. 756(E),,14-02-2020,,,https://bis.gov.in/wp-content/uploads/2020/03/Steel-QCO-14022020-1.pdf | https://bis.gov.in/wp-content/uploads/2020/06/Steel-QCO-2020-dated-27th-May-2020.pdf | https://bis.gov.in/wp-content/uploads/2020/07/Steel-QCO-dated-17-July-2020-with-corrigendum.pdf | https://bis.gov.in/wp-content/uploads/2020/07/Steel-QCO-extension-order.pdf | https://bis.gov.in/wp-content/uploads/2020/10/Order-of-Extension-in-the-date-of-enforcement-of-Quality-Control-Order.pdf | https://bis.gov.in/wp-content/uploads/2020/11/QCO-on-144-Steel-Steel-Products-1.pdf | https://bis.gov.in/wp-content/uploads/2021/01/145-QCO-Order.pdf | https://bis.gov.in/wp-content/uploads/2021/04/Order-of-extension-in-the-enforcement-date-for-Indian-Standards-covered-under-the-Quality-Control-Order-namely-IS-3748-IS-7291-and-IS-12146.pdf | https://bis.gov.in/wp-content/uploads/2021/04/Order-of-extension-in-the-enforcement-date-for-some-Indian-Standards-covered-under-the-Quality-Control-Order-namely-IS-4398-and-IS-3195.pdf | https://bis.gov.in/wp-content/uploads/2021/04/ORDERO1.pdf | https://bis.gov.in/wp-content/uploads/2021/06/Order-for-extension-in-date-of-enforcement-for-IS-1110-and-IS-4409.pdf | https://bis.gov.in/wp-content/uploads/2021/06/Order-of-Extension-in-date-of-enforcement-of-IS-4432-IS-5518-IS-12145-IS-13387-IS-4072-IS-13352-covered-under-Qulaity-Control-Order.pdf | https://bis.gov.in/wp-content/uploads/2021/06/Order-of-Extension-in-date-of-enforcement-of-IS-7226-and-IS-14331-covered-under-Qulaity-Control-Order.pdf | https://bis.gov.in/wp-content/uploads/2021/06/Order-of-Extension-in-date-of-enforcement-of-IS-6529-covered-under-Qulaity-Control-Order.pdf | https://bis.gov.in/wp-content/uploads/2021/06/Order-of-extension-in-the-enforcement-date-of-Quality-Control-Order-for-Tin-Plate-and-Tin-Free-Steel.pdf | https://bis.gov.in/wp-content/uploads/2021/08/Extension-in-the-date-of-enforcement-of-Quality-Control-Order-on-IS-3748-IS-7291-and-IS-12146.pdf | https://bis.gov.in/wp-content/uploads/2021/09/Order-of-extension-in-the-date-of-enforcement-of-Quality-Control-Order-for-Indian-Standards-IS-4454-Part-4-IS-11946-IS-11947.pdf | https://bis.gov.in/wp-content/uploads/2021/12/Extension-order-in-the-date-of-enforcement-of-Quality-Control-Order-for-Indian-Standards-IS-1110-1990-and-IS-4409-1973.pdf | https://bis.gov.in/wp-content/uploads/2021/12/Extension-order-IS-14331.pdf | https://bis.gov.in/wp-content/uploads/2021/12/Extension-order-IS-13387.pdf | https://bis.gov.in/wp-content/uploads/2022/05/QCO-Extension-Order-26042022.pdf | https://bis.gov.in/wp-content/uploads/2022/11/Ministry-of-Steel-Order-for-extension-of-date-of-implementation-IS-1110-IS-4409.pdf | https://bis.gov.in/wp-content/uploads/2023/02/Extension-oreder-of-IS-4409.pdf | https://bis.gov.in/wp-content/uploads/2023/07/Extension-order-IS-4409-dt-25-07-2023.pdf | https://bis.gov.in/wp-content/uploads/2024/02/Steel-Steel-Product-QCO-2024.pdf | https://bis.gov.in/wp-content/uploads/2024/05/Ferrocnickel-Extension-Quality-Control-Order-2024.pdf | https://bis.gov.in/wp-content/uploads/2024/08/IS-4409-2023-Specification-for-Ferronickel.pdf | https://bis.gov.in/wp-content/uploads/2024/09/Steel-and-Steel-Products-QCO-2024.pdf | https://www.bis.gov.in/wp-content/uploads/2025/11/Steel-and-Steel-Products-Quality-Control-Amendment-Order-2025.pdf | https://www.bis.gov.in/wp-content/uploads/2026/06/Steel-and-Steel-Products-Quality-Control-Amendment-Order-2026-1.pdf,2026-09-03
Stainless Steel Blooms Billets And Slabs For Forging,Steel and Iron Products,Scheme I (ISI Mark),IS 6529:1996,,S.O. 756(E),,14-02-2020,,,https://bis.gov.in/wp-content/uploads/2020/03/Steel-QCO-14022020-1.pdf | https://bis.gov.in/wp-content/uploads/2020/06/Steel-QCO-2020-dated-27th-May-2020.pdf | https://bis.gov.in/wp-content/uploads/2020/07/Steel-QCO-dated-17-July-2020-with-corrigendum.pdf | https://bis.gov.in/wp-content/uploads/2020/07/Steel-QCO-extension-order.pdf | https://bis.gov.in/wp-content/uploads/2020/10/Order-of-Extension-in-the-date-of-enforcement-of-Quality-Control-Order.pdf | https://bis.gov.in/wp-content/uploads/2020/11/QCO-on-144-Steel-Steel-Products-1.pdf | https://bis.gov.in/wp-content/uploads/2021/01/145-QCO-Order.pdf | https://bis.gov.in/wp-content/uploads/2021/04/Order-of-extension-in-the-enforcement-date-for-Indian-Standards-covered-under-the-Quality-Control-Order-namely-IS-3748-IS-7291-and-IS-12146.pdf | https://bis.gov.in/wp-content/uploads/2021/04/Order-of-extension-in-the-enforcement-date-for-some-Indian-Standards-covered-under-the-Quality-Control-Order-namely-IS-4398-and-IS-3195.pdf | https://bis.gov.in/wp-content/uploads/2021/04/ORDERO1.pdf | https://bis.gov.in/wp-content/uploads/2021/06/Order-for-extension-in-date-of-enforcement-for-IS-1110-and-IS-4409.pdf | https://bis.gov.in/wp-content/uploads/2021/06/Order-of-Extension-in-date-of-enforcement-of-IS-4432-IS-5518-IS-12145-IS-13387-IS-4072-IS-13352-covered-under-Qulaity-Control-Order.pdf | https://bis.gov.in/wp-content/uploads/2021/06/Order-of-Extension-in-date-of-enforcement-of-IS-7226-and-IS-14331-covered-under-Qulaity-Control-Order.pdf | https://bis.gov.in/wp-content/uploads/2021/06/Order-of-Extension-in-date-of-enforcement-of-IS-6529-covered-under-Qulaity-Control-Order.pdf | https://bis.gov.in/wp-content/uploads/2021/06/Order-of-extension-in-the-enforcement-date-of-Quality-Control-Order-for-Tin-Plate-and-Tin-Free-Steel.pdf | https://bis.gov.in/wp-content/uploads/2021/08/Extension-in-the-date-of-enforcement-of-Quality-Control-Order-on-IS-3748-IS-7291-and-IS-12146.pdf | https://bis.gov.in/wp-content/uploads/2021/09/Order-of-extension-in-the-date-of-enforcement-of-Quality-Control-Order-for-Indian-Standards-IS-4454-Part-4-IS-11946-IS-11947.pdf | https://bis.gov.in/wp-content/uploads/2021/12/Extension-order-in-the-date-of-enforcement-of-Quality-Control-Order-for-Indian-Standards-IS-1110-1990-and-IS-4409-1973.pdf | https://bis.gov.in/wp-content/uploads/2021/12/Extension-order-IS-14331.pdf | https://bis.gov.in/wp-content/uploads/2021/12/Extension-order-IS-13387.pdf | https://bis.gov.in/wp-content/uploads/2022/05/QCO-Extension-Order-26042022.pdf | https://bis.gov.in/wp-content/uploads/2022/11/Ministry-of-Steel-Order-for-extension-of-date-of-implementation-IS-1110-IS-4409.pdf | https://bis.gov.in/wp-content/uploads/2023/02/Extension-oreder-of-IS-4409.pdf | https://bis.gov.in/wp-content/uploads/2023/07/Extension-order-IS-4409-dt-25-07-2023.pdf | https://bis.gov.in/wp-content/uploads/2024/02/Steel-Steel-Product-QCO-2024.pdf | https://bis.gov.in/wp-content/uploads/2024/05/Ferrocnickel-Extension-Quality-Control-Order-2024.pdf | https://bis.gov.in/wp-content/uploads/2024/08/IS-4409-2023-Specification-for-Ferronickel.pdf | https://bis.gov.in/wp-content/uploads/2024/09/Steel-and-Steel-Products-QCO-2024.pdf | https://www.bis.gov.in/wp-content/uploads/2025/11/Steel-and-Steel-Products-Quality-Control-Amendment-Order-2025.pdf | https://www.bis.gov.in/wp-content/uploads/2026/06/Steel-and-Steel-Products-Quality-Control-Amendment-Order-2026-1.pdf,2026-09-03
Cold-Rolled Stainless Steel Strips for Razor Blades,Steel and Iron Products,Scheme I (ISI Mark),IS 9294:1979,,S.O. 756(E),,14-02-2020,,,https://bis.gov.in/wp-content/uploads/2020/03/Steel-QCO-14022020-1.pdf | https://bis.gov.in/wp-content/uploads/2020/06/Steel-QCO-2020-dated-27th-May-2020.pdf | https://bis.gov.in/wp-content/uploads/2020/07/Steel-QCO-dated-17-July-2020-with-corrigendum.pdf | https://bis.gov.in/wp-content/uploads/2020/07/Steel-QCO-extension-order.pdf | https://bis.gov.in/wp-content/uploads/2020/10/Order-of-Extension-in-the-date-of-enforcement-of-Quality-Control-Order.pdf | https://bis.gov.in/wp-content/uploads/2020/11/QCO-on-144-Steel-Steel-Products-1.pdf | https://bis.gov.in/wp-content/uploads/2021/01/145-QCO-Order.pdf | https://bis.gov.in/wp-content/uploads/2021/04/Order-of-extension-in-the-enforcement-date-for-Indian-Standards-covered-under-the-Quality-Control-Order-namely-IS-3748-IS-7291-and-IS-12146.pdf | https://bis.gov.in/wp-content/uploads/2021/04/Order-of-extension-in-the-enforcement-date-for-some-Indian-Standards-covered-under-the-Quality-Control-Order-namely-IS-4398-and-IS-3195.pdf | https://bis.gov.in/wp-content/uploads/2021/04/ORDERO1.pdf | https://bis.gov.in/wp-content/uploads/2021/06/Order-for-extension-in-date-of-enforcement-for-IS-1110-and-IS-4409.pdf | https://bis.gov.in/wp-content/uploads/2021/06/Order-of-Extension-in-date-of-enforcement-of-IS-4432-IS-5518-IS-12145-IS-13387-IS-4072-IS-13352-covered-under-Qulaity-Control-Order.pdf | https://bis.gov.in/wp-content/uploads/2021/06/Order-of-Extension-in-date-of-enforcement-of-IS-7226-and-IS-14331-covered-under-Qulaity-Control-Order.pdf | https://bis.gov.in/wp-content/uploads/2021/06/Order-of-Extension-in-date-of-enforcement-of-IS-6529-covered-under-Qulaity-Control-Order.pdf | https://bis.gov.in/wp-content/uploads/2021/06/Order-of-extension-in-the-enforcement-date-of-Quality-Control-Order-for-Tin-Plate-and-Tin-Free-Steel.pdf | https://bis.gov.in/wp-content/uploads/2021/08/Extension-in-the-date-of-enforcement-of-Quality-Control-Order-on-IS-3748-IS-7291-and-IS-12146.pdf | https://bis.gov.in/wp-content/uploads/2021/09/Order-of-extension-in-the-date-of-enforcement-of-Quality-Control-Order-for-Indian-Standards-IS-4454-Part-4-IS-11946-IS-11947.pdf | https://bis.gov.in/wp-content/uploads/2021/12/Extension-order-in-the-date-of-enforcement-of-Quality-Control-Order-for-Indian-Standards-IS-1110-1990-and-IS-4409-1973.pdf | https://bis.gov.in/wp-content/uploads/2021/12/Extension-order-IS-14331.pdf | https://bis.gov.in/wp-content/uploads/2021/12/Extension-order-IS-13387.pdf | https://bis.gov.in/wp-content/uploads/2022/05/QCO-Extension-Order-26042022.pdf | https://bis.gov.in/wp-content/uploads/2022/11/Ministry-of-Steel-Order-for-extension-of-date-of-implementation-IS-1110-IS-4409.pdf | https://bis.gov.in/wp-content/uploads/2023/02/Extension-oreder-of-IS-4409.pdf | https://bis.gov.in/wp-content/uploads/2023/07/Extension-order-IS-4409-dt-25-07-2023.pdf | https://bis.gov.in/wp-content/uploads/2024/02/Steel-Steel-Product-QCO-2024.pdf | https://bis.gov.in/wp-content/uploads/2024/05/Ferrocnickel-Extension-Quality-Control-Order-2024.pdf | https://bis.gov.in/wp-content/uploads/2024/08/IS-4409-2023-Specification-for-Ferronickel.pdf | https://bis.gov.in/wp-content/uploads/2024/09/Steel-and-Steel-Products-QCO-2024.pdf | https://www.bis.gov.in/wp-content/uploads/2025/11/Steel-and-Steel-Products-Quality-Control-Amendment-Order-2025.pdf | https://www.bis.gov.in/wp-content/uploads/2026/06/Steel-and-Steel-Products-Quality-Control-Amendment-Order-2026-1.pdf,2026-09-03
Stainless Steel for welding electrode core wire,Steel and Iron Products,Scheme I (ISI Mark),IS 10631:1983,,S.O. 756(E),,14-02-2020,,,https://bis.gov.in/wp-content/uploads/2020/03/Steel-QCO-14022020-1.pdf | https://bis.gov.in/wp-content/uploads/2020/06/Steel-QCO-2020-dated-27th-May-2020.pdf | https://bis.gov.in/wp-content/uploads/2020/07/Steel-QCO-dated-17-July-2020-with-corrigendum.pdf | https://bis.gov.in/wp-content/uploads/2020/07/Steel-QCO-extension-order.pdf | https://bis.gov.in/wp-content/uploads/2020/10/Order-of-Extension-in-the-date-of-enforcement-of-Quality-Control-Order.pdf | https://bis.gov.in/wp-content/uploads/2020/11/QCO-on-144-Steel-Steel-Products-1.pdf | https://bis.gov.in/wp-content/uploads/2021/01/145-QCO-Order.pdf | https://bis.gov.in/wp-content/uploads/2021/04/Order-of-extension-in-the-enforcement-date-for-Indian-Standards-covered-under-the-Quality-Control-Order-namely-IS-3748-IS-7291-and-IS-12146.pdf | https://bis.gov.in/wp-content/uploads/2021/04/Order-of-extension-in-the-enforcement-date-for-some-Indian-Standards-covered-under-the-Quality-Control-Order-namely-IS-4398-and-IS-3195.pdf | https://bis.gov.in/wp-content/uploads/2021/04/ORDERO1.pdf | https://bis.gov.in/wp-content/uploads/2021/06/Order-for-extension-in-date-of-enforcement-for-IS-1110-and-IS-4409.pdf | https://bis.gov.in/wp-content/uploads/2021/06/Order-of-Extension-in-date-of-enforcement-of-IS-4432-IS-5518-IS-12145-IS-13387-IS-4072-IS-13352-covered-under-Qulaity-Control-Order.pdf | https://bis.gov.in/wp-content/uploads/2021/06/Order-of-Extension-in-date-of-enforcement-of-IS-7226-and-IS-14331-covered-under-Qulaity-Control-Order.pdf | https://bis.gov.in/wp-content/uploads/2021/06/Order-of-Extension-in-date-of-enforcement-of-IS-6529-covered-under-Qulaity-Control-Order.pdf | https://bis.gov.in/wp-content/uploads/2021/06/Order-of-extension-in-the-enforcement-date-of-Quality-Control-Order-for-Tin-Plate-and-Tin-Free-Steel.pdf | https://bis.gov.in/wp-content/uploads/2021/08/Extension-in-the-date-of-enforcement-of-Quality-Control-Order-on-IS-3748-IS-7291-and-IS-12146.pdf | https://bis.gov.in/wp-content/uploads/2021/09/Order-of-extension-in-the-date-of-enforcement-of-Quality-Control-Order-for-Indian-Standards-IS-4454-Part-4-IS-11946-IS-11947.pdf | https://bis.gov.in/wp-content/uploads/2021/12/Extension-order-in-the-date-of-enforcement-of-Quality-Control-Order-for-Indian-Standards-IS-1110-1990-and-IS-4409-1973.pdf | https://bis.gov.in/wp-content/uploads/2021/12/Extension-order-IS-14331.pdf | https://bis.gov.in/wp-content/uploads/2021/12/Extension-order-IS-13387.pdf | https://bis.gov.in/wp-content/uploads/2022/05/QCO-Extension-Order-26042022.pdf | https://bis.gov.in/wp-content/uploads/2022/11/Ministry-of-Steel-Order-for-extension-of-date-of-implementation-IS-1110-IS-4409.pdf | https://bis.gov.in/wp-content/uploads/2023/02/Extension-oreder-of-IS-4409.pdf | https://bis.gov.in/wp-content/uploads/2023/07/Extension-order-IS-4409-dt-25-07-2023.pdf | https://bis.gov.in/wp-content/uploads/2024/02/Steel-Steel-Product-QCO-2024.pdf | https://bis.gov.in/wp-content/uploads/2024/05/Ferrocnickel-Extension-Quality-Control-Order-2024.pdf | https://bis.gov.in/wp-content/uploads/2024/08/IS-4409-2023-Specification-for-Ferronickel.pdf | https://bis.gov.in/wp-content/uploads/2024/09/Steel-and-Steel-Products-QCO-2024.pdf | https://www.bis.gov.in/wp-content/uploads/2025/11/Steel-and-Steel-Products-Quality-Control-Amendment-Order-2025.pdf | https://www.bis.gov.in/wp-content/uploads/2026/06/Steel-and-Steel-Products-Quality-Control-Amendment-Order-2026-1.pdf,2026-09-03
Specification for Non Magnetic stainless steel for electrical applications Part 2 Specific requirements for binding wire.,Steel and Iron Products,Scheme I (ISI Mark),IS 10632 (Part 2):1983,,S.O. 756(E),,14-02-2020,,,https://bis.gov.in/wp-content/uploads/2020/03/Steel-QCO-14022020-1.pdf | https://bis.gov.in/wp-content/uploads/2020/06/Steel-QCO-2020-dated-27th-May-2020.pdf | https://bis.gov.in/wp-content/uploads/2020/07/Steel-QCO-dated-17-July-2020-with-corrigendum.pdf | https://bis.gov.in/wp-content/uploads/2020/07/Steel-QCO-extension-order.pdf | https://bis.gov.in/wp-content/uploads/2020/10/Order-of-Extension-in-the-date-of-enforcement-of-Quality-Control-Order.pdf | https://bis.gov.in/wp-content/uploads/2020/11/QCO-on-144-Steel-Steel-Products-1.pdf | https://bis.gov.in/wp-content/uploads/2021/01/145-QCO-Order.pdf | https://bis.gov.in/wp-content/uploads/2021/04/Order-of-extension-in-the-enforcement-date-for-Indian-Standards-covered-under-the-Quality-Control-Order-namely-IS-3748-IS-7291-and-IS-12146.pdf | https://bis.gov.in/wp-content/uploads/2021/04/Order-of-extension-in-the-enforcement-date-for-some-Indian-Standards-covered-under-the-Quality-Control-Order-namely-IS-4398-and-IS-3195.pdf | https://bis.gov.in/wp-content/uploads/2021/04/ORDERO1.pdf | https://bis.gov.in/wp-content/uploads/2021/06/Order-for-extension-in-date-of-enforcement-for-IS-1110-and-IS-4409.pdf | https://bis.gov.in/wp-content/uploads/2021/06/Order-of-Extension-in-date-of-enforcement-of-IS-4432-IS-5518-IS-12145-IS-13387-IS-4072-IS-13352-covered-under-Qulaity-Control-Order.pdf | https://bis.gov.in/wp-content/uploads/2021/06/Order-of-Extension-in-date-of-enforcement-of-IS-7226-and-IS-14331-covered-under-Qulaity-Control-Order.pdf | https://bis.gov.in/wp-content/uploads/2021/06/Order-of-Extension-in-date-of-enforcement-of-IS-6529-covered-under-Qulaity-Control-Order.pdf | https://bis.gov.in/wp-content/uploads/2021/06/Order-of-extension-in-the-enforcement-date-of-Quality-Control-Order-for-Tin-Plate-and-Tin-Free-Steel.pdf | https://bis.gov.in/wp-content/uploads/2021/08/Extension-in-the-date-of-enforcement-of-Quality-Control-Order-on-IS-3748-IS-7291-and-IS-12146.pdf | https://bis.gov.in/wp-content/uploads/2021/09/Order-of-extension-in-the-date-of-enforcement-of-Quality-Control-Order-for-Indian-Standards-IS-4454-Part-4-IS-11946-IS-11947.pdf | https://bis.gov.in/wp-content/uploads/2021/12/Extension-order-in-the-date-of-enforcement-of-Quality-Control-Order-for-Indian-Standards-IS-1110-1990-and-IS-4409-1973.pdf | https://bis.gov.in/wp-content/uploads/2021/12/Extension-order-IS-14331.pdf | https://bis.gov.in/wp-content/uploads/2021/12/Extension-order-IS-13387.pdf | https://bis.gov.in/wp-content/uploads/2022/05/QCO-Extension-Order-26042022.pdf | https://bis.gov.in/wp-content/uploads/2022/11/Ministry-of-Steel-Order-for-extension-of-date-of-implementation-IS-1110-IS-4409.pdf | https://bis.gov.in/wp-content/uploads/2023/02/Extension-oreder-of-IS-4409.pdf | https://bis.gov.in/wp-content/uploads/2023/07/Extension-order-IS-4409-dt-25-07-2023.pdf | https://bis.gov.in/wp-content/uploads/2024/02/Steel-Steel-Product-QCO-2024.pdf | https://bis.gov.in/wp-content/uploads/2024/05/Ferrocnickel-Extension-Quality-Control-Order-2024.pdf | https://bis.gov.in/wp-content/uploads/2024/08/IS-4409-2023-Specification-for-Ferronickel.pdf | https://bis.gov.in/wp-content/uploads/2024/09/Steel-and-Steel-Products-QCO-2024.pdf | https://www.bis.gov.in/wp-content/uploads/2025/11/Steel-and-Steel-Products-Quality-Control-Amendment-Order-2025.pdf | https://www.bis.gov.in/wp-content/uploads/2026/06/Steel-and-Steel-Products-Quality-Control-Amendment-Order-2026-1.pdf,2026-09-03
"Specification for Non Magnetic stainless steel for electrical applications Part 3 Specific requirements for sheets, strips and plates.",Steel and Iron Products,Scheme I (ISI Mark),IS 10632 (Part 3):1983,,S.O. 756(E),,14-02-2020,,,https://bis.gov.in/wp-content/uploads/2020/03/Steel-QCO-14022020-1.pdf | https://bis.gov.in/wp-content/uploads/2020/06/Steel-QCO-2020-dated-27th-May-2020.pdf | https://bis.gov.in/wp-content/uploads/2020/07/Steel-QCO-dated-17-July-2020-with-corrigendum.pdf | https://bis.gov.in/wp-content/uploads/2020/07/Steel-QCO-extension-order.pdf | https://bis.gov.in/wp-content/uploads/2020/10/Order-of-Extension-in-the-date-of-enforcement-of-Quality-Control-Order.pdf | https://bis.gov.in/wp-content/uploads/2020/11/QCO-on-144-Steel-Steel-Products-1.pdf | https://bis.gov.in/wp-content/uploads/2021/01/145-QCO-Order.pdf | https://bis.gov.in/wp-content/uploads/2021/04/Order-of-extension-in-the-enforcement-date-for-Indian-Standards-covered-under-the-Quality-Control-Order-namely-IS-3748-IS-7291-and-IS-12146.pdf | https://bis.gov.in/wp-content/uploads/2021/04/Order-of-extension-in-the-enforcement-date-for-some-Indian-Standards-covered-under-the-Quality-Control-Order-namely-IS-4398-and-IS-3195.pdf | https://bis.gov.in/wp-content/uploads/2021/04/ORDERO1.pdf | https://bis.gov.in/wp-content/uploads/2021/06/Order-for-extension-in-date-of-enforcement-for-IS-1110-and-IS-4409.pdf | https://bis.gov.in/wp-content/uploads/2021/06/Order-of-Extension-in-date-of-enforcement-of-IS-4432-IS-5518-IS-12145-IS-13387-IS-4072-IS-13352-covered-under-Qulaity-Control-Order.pdf | https://bis.gov.in/wp-content/uploads/2021/06/Order-of-Extension-in-date-of-enforcement-of-IS-7226-and-IS-14331-covered-under-Qulaity-Control-Order.pdf | https://bis.gov.in/wp-content/uploads/2021/06/Order-of-Extension-in-date-of-enforcement-of-IS-6529-covered-under-Qulaity-Control-Order.pdf | https://bis.gov.in/wp-content/uploads/2021/06/Order-of-extension-in-the-enforcement-date-of-Quality-Control-Order-for-Tin-Plate-and-Tin-Free-Steel.pdf | https://bis.gov.in/wp-content/uploads/2021/08/Extension-in-the-date-of-enforcement-of-Quality-Control-Order-on-IS-3748-IS-7291-and-IS-12146.pdf | https://bis.gov.in/wp-content/uploads/2021/09/Order-of-extension-in-the-date-of-enforcement-of-Quality-Control-Order-for-Indian-Standards-IS-4454-Part-4-IS-11946-IS-11947.pdf | https://bis.gov.in/wp-content/uploads/2021/12/Extension-order-in-the-date-of-enforcement-of-Quality-Control-Order-for-Indian-Standards-IS-1110-1990-and-IS-4409-1973.pdf | https://bis.gov.in/wp-content/uploads/2021/12/Extension-order-IS-14331.pdf | https://bis.gov.in/wp-content/uploads/2021/12/Extension-order-IS-13387.pdf | https://bis.gov.in/wp-content/uploads/2022/05/QCO-Extension-Order-26042022.pdf | https://bis.gov.in/wp-content/uploads/2022/11/Ministry-of-Steel-Order-for-extension-of-date-of-implementation-IS-1110-IS-4409.pdf | https://bis.gov.in/wp-content/uploads/2023/02/Extension-oreder-of-IS-4409.pdf | https://bis.gov.in/wp-content/uploads/2023/07/Extension-order-IS-4409-dt-25-07-2023.pdf | https://bis.gov.in/wp-content/uploads/2024/02/Steel-Steel-Product-QCO-2024.pdf | https://bis.gov.in/wp-content/uploads/2024/05/Ferrocnickel-Extension-Quality-Control-Order-2024.pdf | https://bis.gov.in/wp-content/uploads/2024/08/IS-4409-2023-Specification-for-Ferronickel.pdf | https://bis.gov.in/wp-content/uploads/2024/09/Steel-and-Steel-Products-QCO-2024.pdf | https://www.bis.gov.in/wp-content/uploads/2025/11/Steel-and-Steel-Products-Quality-Control-Amendment-Order-2025.pdf | https://www.bis.gov.in/wp-content/uploads/2026/06/Steel-and-Steel-Products-Quality-Control-Amendment-Order-2026-1.pdf,2026-09-03
Steels for cold heading/cold extrusion applications – specification Part 2 Stainless steel,Steel and Iron Products,Scheme I (ISI Mark),IS 11169 (Part 2): 1989,,S.O. 756(E),,14-02-2020,,,https://bis.gov.in/wp-content/uploads/2020/03/Steel-QCO-14022020-1.pdf | https://bis.gov.in/wp-content/uploads/2020/06/Steel-QCO-2020-dated-27th-May-2020.pdf | https://bis.gov.in/wp-content/uploads/2020/07/Steel-QCO-dated-17-July-2020-with-corrigendum.pdf | https://bis.gov.in/wp-content/uploads/2020/07/Steel-QCO-extension-order.pdf | https://bis.gov.in/wp-content/uploads/2020/10/Order-of-Extension-in-the-date-of-enforcement-of-Quality-Control-Order.pdf | https://bis.gov.in/wp-content/uploads/2020/11/QCO-on-144-Steel-Steel-Products-1.pdf | https://bis.gov.in/wp-content/uploads/2021/01/145-QCO-Order.pdf | https://bis.gov.in/wp-content/uploads/2021/04/Order-of-extension-in-the-enforcement-date-for-Indian-Standards-covered-under-the-Quality-Control-Order-namely-IS-3748-IS-7291-and-IS-12146.pdf | https://bis.gov.in/wp-content/uploads/2021/04/Order-of-extension-in-the-enforcement-date-for-some-Indian-Standards-covered-under-the-Quality-Control-Order-namely-IS-4398-and-IS-3195.pdf | https://bis.gov.in/wp-content/uploads/2021/04/ORDERO1.pdf | https://bis.gov.in/wp-content/uploads/2021/06/Order-for-extension-in-date-of-enforcement-for-IS-1110-and-IS-4409.pdf | https://bis.gov.in/wp-content/uploads/2021/06/Order-of-Extension-in-date-of-enforcement-of-IS-4432-IS-5518-IS-12145-IS-13387-IS-4072-IS-13352-covered-under-Qulaity-Control-Order.pdf | https://bis.gov.in/wp-content/uploads/2021/06/Order-of-Extension-in-date-of-enforcement-of-IS-7226-and-IS-14331-covered-under-Qulaity-Control-Order.pdf | https://bis.gov.in/wp-content/uploads/2021/06/Order-of-Extension-in-date-of-enforcement-of-IS-6529-covered-under-Qulaity-Control-Order.pdf | https://bis.gov.in/wp-content/uploads/2021/06/Order-of-extension-in-the-enforcement-date-of-Quality-Control-Order-for-Tin-Plate-and-Tin-Free-Steel.pdf | https://bis.gov.in/wp-content/uploads/2021/08/Extension-in-the-date-of-enforcement-of-Quality-Control-Order-on-IS-3748-IS-7291-and-IS-12146.pdf | https://bis.gov.in/wp-content/uploads/2021/09/Order-of-extension-in-the-date-of-enforcement-of-Quality-Control-Order-for-Indian-Standards-IS-4454-Part-4-IS-11946-IS-11947.pdf | https://bis.gov.in/wp-content/uploads/2021/12/Extension-order-in-the-date-of-enforcement-of-Quality-Control-Order-for-Indian-Standards-IS-1110-1990-and-IS-4409-1973.pdf | https://bis.gov.in/wp-content/uploads/2021/12/Extension-order-IS-14331.pdf | https://bis.gov.in/wp-content/uploads/2021/12/Extension-order-IS-13387.pdf | https://bis.gov.in/wp-content/uploads/2022/05/QCO-Extension-Order-26042022.pdf | https://bis.gov.in/wp-content/uploads/2022/11/Ministry-of-Steel-Order-for-extension-of-date-of-implementation-IS-1110-IS-4409.pdf | https://bis.gov.in/wp-content/uploads/2023/02/Extension-oreder-of-IS-4409.pdf | https://bis.gov.in/wp-content/uploads/2023/07/Extension-order-IS-4409-dt-25-07-2023.pdf | https://bis.gov.in/wp-content/uploads/2024/02/Steel-Steel-Product-QCO-2024.pdf | https://bis.gov.in/wp-content/uploads/2024/05/Ferrocnickel-Extension-Quality-Control-Order-2024.pdf | https://bis.gov.in/wp-content/uploads/2024/08/IS-4409-2023-Specification-for-Ferronickel.pdf | https://bis.gov.in/wp-content/uploads/2024/09/Steel-and-Steel-Products-QCO-2024.pdf | https://www.bis.gov.in/wp-content/uploads/2025/11/Steel-and-Steel-Products-Quality-Control-Amendment-Order-2025.pdf | https://www.bis.gov.in/wp-content/uploads/2026/06/Steel-and-Steel-Products-Quality-Control-Amendment-Order-2026-1.pdf,2026-09-03
Steels for Pneumatic Tools,Steel and Iron Products,Scheme I (ISI Mark),IS 5651:1987,,S.O. 756(E),,14-02-2020,,,https://bis.gov.in/wp-content/uploads/2020/03/Steel-QCO-14022020-1.pdf | https://bis.gov.in/wp-content/uploads/2020/06/Steel-QCO-2020-dated-27th-May-2020.pdf | https://bis.gov.in/wp-content/uploads/2020/07/Steel-QCO-dated-17-July-2020-with-corrigendum.pdf | https://bis.gov.in/wp-content/uploads/2020/07/Steel-QCO-extension-order.pdf | https://bis.gov.in/wp-content/uploads/2020/10/Order-of-Extension-in-the-date-of-enforcement-of-Quality-Control-Order.pdf | https://bis.gov.in/wp-content/uploads/2020/11/QCO-on-144-Steel-Steel-Products-1.pdf | https://bis.gov.in/wp-content/uploads/2021/01/145-QCO-Order.pdf | https://bis.gov.in/wp-content/uploads/2021/04/Order-of-extension-in-the-enforcement-date-for-Indian-Standards-covered-under-the-Quality-Control-Order-namely-IS-3748-IS-7291-and-IS-12146.pdf | https://bis.gov.in/wp-content/uploads/2021/04/Order-of-extension-in-the-enforcement-date-for-some-Indian-Standards-covered-under-the-Quality-Control-Order-namely-IS-4398-and-IS-3195.pdf | https://bis.gov.in/wp-content/uploads/2021/04/ORDERO1.pdf | https://bis.gov.in/wp-content/uploads/2021/06/Order-for-extension-in-date-of-enforcement-for-IS-1110-and-IS-4409.pdf | https://bis.gov.in/wp-content/uploads/2021/06/Order-of-Extension-in-date-of-enforcement-of-IS-4432-IS-5518-IS-12145-IS-13387-IS-4072-IS-13352-covered-under-Qulaity-Control-Order.pdf | https://bis.gov.in/wp-content/uploads/2021/06/Order-of-Extension-in-date-of-enforcement-of-IS-7226-and-IS-14331-covered-under-Qulaity-Control-Order.pdf | https://bis.gov.in/wp-content/uploads/2021/06/Order-of-Extension-in-date-of-enforcement-of-IS-6529-covered-under-Qulaity-Control-Order.pdf | https://bis.gov.in/wp-content/uploads/2021/06/Order-of-extension-in-the-enforcement-date-of-Quality-Control-Order-for-Tin-Plate-and-Tin-Free-Steel.pdf | https://bis.gov.in/wp-content/uploads/2021/08/Extension-in-the-date-of-enforcement-of-Quality-Control-Order-on-IS-3748-IS-7291-and-IS-12146.pdf | https://bis.gov.in/wp-content/uploads/2021/09/Order-of-extension-in-the-date-of-enforcement-of-Quality-Control-Order-for-Indian-Standards-IS-4454-Part-4-IS-11946-IS-11947.pdf | https://bis.gov.in/wp-content/uploads/2021/12/Extension-order-in-the-date-of-enforcement-of-Quality-Control-Order-for-Indian-Standards-IS-1110-1990-and-IS-4409-1973.pdf | https://bis.gov.in/wp-content/uploads/2021/12/Extension-order-IS-14331.pdf | https://bis.gov.in/wp-content/uploads/2021/12/Extension-order-IS-13387.pdf | https://bis.gov.in/wp-content/uploads/2022/05/QCO-Extension-Order-26042022.pdf | https://bis.gov.in/wp-content/uploads/2022/11/Ministry-of-Steel-Order-for-extension-of-date-of-implementation-IS-1110-IS-4409.pdf | https://bis.gov.in/wp-content/uploads/2023/02/Extension-oreder-of-IS-4409.pdf | https://bis.gov.in/wp-content/uploads/2023/07/Extension-order-IS-4409-dt-25-07-2023.pdf | https://bis.gov.in/wp-content/uploads/2024/02/Steel-Steel-Product-QCO-2024.pdf | https://bis.gov.in/wp-content/uploads/2024/05/Ferrocnickel-Extension-Quality-Control-Order-2024.pdf | https://bis.gov.in/wp-content/uploads/2024/08/IS-4409-2023-Specification-for-Ferronickel.pdf | https://bis.gov.in/wp-content/uploads/2024/09/Steel-and-Steel-Products-QCO-2024.pdf | https://www.bis.gov.in/wp-content/uploads/2025/11/Steel-and-Steel-Products-Quality-Control-Amendment-Order-2025.pdf | https://www.bis.gov.in/wp-content/uploads/2026/06/Steel-and-Steel-Products-Quality-Control-Amendment-Order-2026-1.pdf,2026-09-03
Heat Resisting Steels,Steel and Iron Products,Scheme I (ISI Mark),IS 9516:1980,,S.O. 756(E),,14-02-2020,,,https://bis.gov.in/wp-content/uploads/2020/03/Steel-QCO-14022020-1.pdf | https://bis.gov.in/wp-content/uploads/2020/06/Steel-QCO-2020-dated-27th-May-2020.pdf | https://bis.gov.in/wp-content/uploads/2020/07/Steel-QCO-dated-17-July-2020-with-corrigendum.pdf | https://bis.gov.in/wp-content/uploads/2020/07/Steel-QCO-extension-order.pdf | https://bis.gov.in/wp-content/uploads/2020/10/Order-of-Extension-in-the-date-of-enforcement-of-Quality-Control-Order.pdf | https://bis.gov.in/wp-content/uploads/2020/11/QCO-on-144-Steel-Steel-Products-1.pdf | https://bis.gov.in/wp-content/uploads/2021/01/145-QCO-Order.pdf | https://bis.gov.in/wp-content/uploads/2021/04/Order-of-extension-in-the-enforcement-date-for-Indian-Standards-covered-under-the-Quality-Control-Order-namely-IS-3748-IS-7291-and-IS-12146.pdf | https://bis.gov.in/wp-content/uploads/2021/04/Order-of-extension-in-the-enforcement-date-for-some-Indian-Standards-covered-under-the-Quality-Control-Order-namely-IS-4398-and-IS-3195.pdf | https://bis.gov.in/wp-content/uploads/2021/04/ORDERO1.pdf | https://bis.gov.in/wp-content/uploads/2021/06/Order-for-extension-in-date-of-enforcement-for-IS-1110-and-IS-4409.pdf | https://bis.gov.in/wp-content/uploads/2021/06/Order-of-Extension-in-date-of-enforcement-of-IS-4432-IS-5518-IS-12145-IS-13387-IS-4072-IS-13352-covered-under-Qulaity-Control-Order.pdf | https://bis.gov.in/wp-content/uploads/2021/06/Order-of-Extension-in-date-of-enforcement-of-IS-7226-and-IS-14331-covered-under-Qulaity-Control-Order.pdf | https://bis.gov.in/wp-content/uploads/2021/06/Order-of-Extension-in-date-of-enforcement-of-IS-6529-covered-under-Qulaity-Control-Order.pdf | https://bis.gov.in/wp-content/uploads/2021/06/Order-of-extension-in-the-enforcement-date-of-Quality-Control-Order-for-Tin-Plate-and-Tin-Free-Steel.pdf | https://bis.gov.in/wp-content/uploads/2021/08/Extension-in-the-date-of-enforcement-of-Quality-Control-Order-on-IS-3748-IS-7291-and-IS-12146.pdf | https://bis.gov.in/wp-content/uploads/2021/09/Order-of-extension-in-the-date-of-enforcement-of-Quality-Control-Order-for-Indian-Standards-IS-4454-Part-4-IS-11946-IS-11947.pdf | https://bis.gov.in/wp-content/uploads/2021/12/Extension-order-in-the-date-of-enforcement-of-Quality-Control-Order-for-Indian-Standards-IS-1110-1990-and-IS-4409-1973.pdf | https://bis.gov.in/wp-content/uploads/2021/12/Extension-order-IS-14331.pdf | https://bis.gov.in/wp-content/uploads/2021/12/Extension-order-IS-13387.pdf | https://bis.gov.in/wp-content/uploads/2022/05/QCO-Extension-Order-26042022.pdf | https://bis.gov.in/wp-content/uploads/2022/11/Ministry-of-Steel-Order-for-extension-of-date-of-implementation-IS-1110-IS-4409.pdf | https://bis.gov.in/wp-content/uploads/2023/02/Extension-oreder-of-IS-4409.pdf | https://bis.gov.in/wp-content/uploads/2023/07/Extension-order-IS-4409-dt-25-07-2023.pdf | https://bis.gov.in/wp-content/uploads/2024/02/Steel-Steel-Product-QCO-2024.pdf | https://bis.gov.in/wp-content/uploads/2024/05/Ferrocnickel-Extension-Quality-Control-Order-2024.pdf | https://bis.gov.in/wp-content/uploads/2024/08/IS-4409-2023-Specification-for-Ferronickel.pdf | https://bis.gov.in/wp-content/uploads/2024/09/Steel-and-Steel-Products-QCO-2024.pdf | https://www.bis.gov.in/wp-content/uploads/2025/11/Steel-and-Steel-Products-Quality-Control-Amendment-Order-2025.pdf | https://www.bis.gov.in/wp-content/uploads/2026/06/Steel-and-Steel-Products-Quality-Control-Amendment-Order-2026-1.pdf,2026-09-03
Steels For Piston Pins (Gudgeon Pins),Steel and Iron Products,Scheme I (ISI Mark),IS 11952:1986,,S.O. 756(E),,14-02-2020,,,https://bis.gov.in/wp-content/uploads/2020/03/Steel-QCO-14022020-1.pdf | https://bis.gov.in/wp-content/uploads/2020/06/Steel-QCO-2020-dated-27th-May-2020.pdf | https://bis.gov.in/wp-content/uploads/2020/07/Steel-QCO-dated-17-July-2020-with-corrigendum.pdf | https://bis.gov.in/wp-content/uploads/2020/07/Steel-QCO-extension-order.pdf | https://bis.gov.in/wp-content/uploads/2020/10/Order-of-Extension-in-the-date-of-enforcement-of-Quality-Control-Order.pdf | https://bis.gov.in/wp-content/uploads/2020/11/QCO-on-144-Steel-Steel-Products-1.pdf | https://bis.gov.in/wp-content/uploads/2021/01/145-QCO-Order.pdf | https://bis.gov.in/wp-content/uploads/2021/04/Order-of-extension-in-the-enforcement-date-for-Indian-Standards-covered-under-the-Quality-Control-Order-namely-IS-3748-IS-7291-and-IS-12146.pdf | https://bis.gov.in/wp-content/uploads/2021/04/Order-of-extension-in-the-enforcement-date-for-some-Indian-Standards-covered-under-the-Quality-Control-Order-namely-IS-4398-and-IS-3195.pdf | https://bis.gov.in/wp-content/uploads/2021/04/ORDERO1.pdf | https://bis.gov.in/wp-content/uploads/2021/06/Order-for-extension-in-date-of-enforcement-for-IS-1110-and-IS-4409.pdf | https://bis.gov.in/wp-content/uploads/2021/06/Order-of-Extension-in-date-of-enforcement-of-IS-4432-IS-5518-IS-12145-IS-13387-IS-4072-IS-13352-covered-under-Qulaity-Control-Order.pdf | https://bis.gov.in/wp-content/uploads/2021/06/Order-of-Extension-in-date-of-enforcement-of-IS-7226-and-IS-14331-covered-under-Qulaity-Control-Order.pdf | https://bis.gov.in/wp-content/uploads/2021/06/Order-of-Extension-in-date-of-enforcement-of-IS-6529-covered-under-Qulaity-Control-Order.pdf | https://bis.gov.in/wp-content/uploads/2021/06/Order-of-extension-in-the-enforcement-date-of-Quality-Control-Order-for-Tin-Plate-and-Tin-Free-Steel.pdf | https://bis.gov.in/wp-content/uploads/2021/08/Extension-in-the-date-of-enforcement-of-Quality-Control-Order-on-IS-3748-IS-7291-and-IS-12146.pdf | https://bis.gov.in/wp-content/uploads/2021/09/Order-of-extension-in-the-date-of-enforcement-of-Quality-Control-Order-for-Indian-Standards-IS-4454-Part-4-IS-11946-IS-11947.pdf | https://bis.gov.in/wp-content/uploads/2021/12/Extension-order-in-the-date-of-enforcement-of-Quality-Control-Order-for-Indian-Standards-IS-1110-1990-and-IS-4409-1973.pdf | https://bis.gov.in/wp-content/uploads/2021/12/Extension-order-IS-14331.pdf | https://bis.gov.in/wp-content/uploads/2021/12/Extension-order-IS-13387.pdf | https://bis.gov.in/wp-content/uploads/2022/05/QCO-Extension-Order-26042022.pdf | https://bis.gov.in/wp-content/uploads/2022/11/Ministry-of-Steel-Order-for-extension-of-date-of-implementation-IS-1110-IS-4409.pdf | https://bis.gov.in/wp-content/uploads/2023/02/Extension-oreder-of-IS-4409.pdf | https://bis.gov.in/wp-content/uploads/2023/07/Extension-order-IS-4409-dt-25-07-2023.pdf | https://bis.gov.in/wp-content/uploads/2024/02/Steel-Steel-Product-QCO-2024.pdf | https://bis.gov.in/wp-content/uploads/2024/05/Ferrocnickel-Extension-Quality-Control-Order-2024.pdf | https://bis.gov.in/wp-content/uploads/2024/08/IS-4409-2023-Specification-for-Ferronickel.pdf | https://bis.gov.in/wp-content/uploads/2024/09/Steel-and-Steel-Products-QCO-2024.pdf | https://www.bis.gov.in/wp-content/uploads/2025/11/Steel-and-Steel-Products-Quality-Control-Amendment-Order-2025.pdf | https://www.bis.gov.in/wp-content/uploads/2026/06/Steel-and-Steel-Products-Quality-Control-Amendment-Order-2026-1.pdf,2026-09-03
Alloys Used in Electrical Resistance Metallic Heating Elements,Steel and Iron Products,Scheme I (ISI Mark),IS 12045:1987,,S.O. 756(E),,14-02-2020,,,https://bis.gov.in/wp-content/uploads/2020/03/Steel-QCO-14022020-1.pdf | https://bis.gov.in/wp-content/uploads/2020/06/Steel-QCO-2020-dated-27th-May-2020.pdf | https://bis.gov.in/wp-content/uploads/2020/07/Steel-QCO-dated-17-July-2020-with-corrigendum.pdf | https://bis.gov.in/wp-content/uploads/2020/07/Steel-QCO-extension-order.pdf | https://bis.gov.in/wp-content/uploads/2020/10/Order-of-Extension-in-the-date-of-enforcement-of-Quality-Control-Order.pdf | https://bis.gov.in/wp-content/uploads/2020/11/QCO-on-144-Steel-Steel-Products-1.pdf | https://bis.gov.in/wp-content/uploads/2021/01/145-QCO-Order.pdf | https://bis.gov.in/wp-content/uploads/2021/04/Order-of-extension-in-the-enforcement-date-for-Indian-Standards-covered-under-the-Quality-Control-Order-namely-IS-3748-IS-7291-and-IS-12146.pdf | https://bis.gov.in/wp-content/uploads/2021/04/Order-of-extension-in-the-enforcement-date-for-some-Indian-Standards-covered-under-the-Quality-Control-Order-namely-IS-4398-and-IS-3195.pdf | https://bis.gov.in/wp-content/uploads/2021/04/ORDERO1.pdf | https://bis.gov.in/wp-content/uploads/2021/06/Order-for-extension-in-date-of-enforcement-for-IS-1110-and-IS-4409.pdf | https://bis.gov.in/wp-content/uploads/2021/06/Order-of-Extension-in-date-of-enforcement-of-IS-4432-IS-5518-IS-12145-IS-13387-IS-4072-IS-13352-covered-under-Qulaity-Control-Order.pdf | https://bis.gov.in/wp-content/uploads/2021/06/Order-of-Extension-in-date-of-enforcement-of-IS-7226-and-IS-14331-covered-under-Qulaity-Control-Order.pdf | https://bis.gov.in/wp-content/uploads/2021/06/Order-of-Extension-in-date-of-enforcement-of-IS-6529-covered-under-Qulaity-Control-Order.pdf | https://bis.gov.in/wp-content/uploads/2021/06/Order-of-extension-in-the-enforcement-date-of-Quality-Control-Order-for-Tin-Plate-and-Tin-Free-Steel.pdf | https://bis.gov.in/wp-content/uploads/2021/08/Extension-in-the-date-of-enforcement-of-Quality-Control-Order-on-IS-3748-IS-7291-and-IS-12146.pdf | https://bis.gov.in/wp-content/uploads/2021/09/Order-of-extension-in-the-date-of-enforcement-of-Quality-Control-Order-for-Indian-Standards-IS-4454-Part-4-IS-11946-IS-11947.pdf | https://bis.gov.in/wp-content/uploads/2021/12/Extension-order-in-the-date-of-enforcement-of-Quality-Control-Order-for-Indian-Standards-IS-1110-1990-and-IS-4409-1973.pdf | https://bis.gov.in/wp-content/uploads/2021/12/Extension-order-IS-14331.pdf | https://bis.gov.in/wp-content/uploads/2021/12/Extension-order-IS-13387.pdf | https://bis.gov.in/wp-content/uploads/2022/05/QCO-Extension-Order-26042022.pdf | https://bis.gov.in/wp-content/uploads/2022/11/Ministry-of-Steel-Order-for-extension-of-date-of-implementation-IS-1110-IS-4409.pdf | https://bis.gov.in/wp-content/uploads/2023/02/Extension-oreder-of-IS-4409.pdf | https://bis.gov.in/wp-content/uploads/2023/07/Extension-order-IS-4409-dt-25-07-2023.pdf | https://bis.gov.in/wp-content/uploads/2024/02/Steel-Steel-Product-QCO-2024.pdf | https://bis.gov.in/wp-content/uploads/2024/05/Ferrocnickel-Extension-Quality-Control-Order-2024.pdf | https://bis.gov.in/wp-content/uploads/2024/08/IS-4409-2023-Specification-for-Ferronickel.pdf | https://bis.gov.in/wp-content/uploads/2024/09/Steel-and-Steel-Products-QCO-2024.pdf | https://www.bis.gov.in/wp-content/uploads/2025/11/Steel-and-Steel-Products-Quality-Control-Amendment-Order-2025.pdf | https://www.bis.gov.in/wp-content/uploads/2026/06/Steel-and-Steel-Products-Quality-Control-Amendment-Order-2026-1.pdf,2026-09-03
18 Percent Nickel Maraging Steel Bars and Rods,Steel and Iron Products,Scheme I (ISI Mark),IS 14652:1999,,S.O. 756(E),,14-02-2020,,,https://bis.gov.in/wp-content/uploads/2020/03/Steel-QCO-14022020-1.pdf | https://bis.gov.in/wp-content/uploads/2020/06/Steel-QCO-2020-dated-27th-May-2020.pdf | https://bis.gov.in/wp-content/uploads/2020/07/Steel-QCO-dated-17-July-2020-with-corrigendum.pdf | https://bis.gov.in/wp-content/uploads/2020/07/Steel-QCO-extension-order.pdf | https://bis.gov.in/wp-content/uploads/2020/10/Order-of-Extension-in-the-date-of-enforcement-of-Quality-Control-Order.pdf | https://bis.gov.in/wp-content/uploads/2020/11/QCO-on-144-Steel-Steel-Products-1.pdf | https://bis.gov.in/wp-content/uploads/2021/01/145-QCO-Order.pdf | https://bis.gov.in/wp-content/uploads/2021/04/Order-of-extension-in-the-enforcement-date-for-Indian-Standards-covered-under-the-Quality-Control-Order-namely-IS-3748-IS-7291-and-IS-12146.pdf | https://bis.gov.in/wp-content/uploads/2021/04/Order-of-extension-in-the-enforcement-date-for-some-Indian-Standards-covered-under-the-Quality-Control-Order-namely-IS-4398-and-IS-3195.pdf | https://bis.gov.in/wp-content/uploads/2021/04/ORDERO1.pdf | https://bis.gov.in/wp-content/uploads/2021/06/Order-for-extension-in-date-of-enforcement-for-IS-1110-and-IS-4409.pdf | https://bis.gov.in/wp-content/uploads/2021/06/Order-of-Extension-in-date-of-enforcement-of-IS-4432-IS-5518-IS-12145-IS-13387-IS-4072-IS-13352-covered-under-Qulaity-Control-Order.pdf | https://bis.gov.in/wp-content/uploads/2021/06/Order-of-Extension-in-date-of-enforcement-of-IS-7226-and-IS-14331-covered-under-Qulaity-Control-Order.pdf | https://bis.gov.in/wp-content/uploads/2021/06/Order-of-Extension-in-date-of-enforcement-of-IS-6529-covered-under-Qulaity-Control-Order.pdf | https://bis.gov.in/wp-content/uploads/2021/06/Order-of-extension-in-the-enforcement-date-of-Quality-Control-Order-for-Tin-Plate-and-Tin-Free-Steel.pdf | https://bis.gov.in/wp-content/uploads/2021/08/Extension-in-the-date-of-enforcement-of-Quality-Control-Order-on-IS-3748-IS-7291-and-IS-12146.pdf | https://bis.gov.in/wp-content/uploads/2021/09/Order-of-extension-in-the-date-of-enforcement-of-Quality-Control-Order-for-Indian-Standards-IS-4454-Part-4-IS-11946-IS-11947.pdf | https://bis.gov.in/wp-content/uploads/2021/12/Extension-order-in-the-date-of-enforcement-of-Quality-Control-Order-for-Indian-Standards-IS-1110-1990-and-IS-4409-1973.pdf | https://bis.gov.in/wp-content/uploads/2021/12/Extension-order-IS-14331.pdf | https://bis.gov.in/wp-content/uploads/2021/12/Extension-order-IS-13387.pdf | https://bis.gov.in/wp-content/uploads/2022/05/QCO-Extension-Order-26042022.pdf | https://bis.gov.in/wp-content/uploads/2022/11/Ministry-of-Steel-Order-for-extension-of-date-of-implementation-IS-1110-IS-4409.pdf | https://bis.gov.in/wp-content/uploads/2023/02/Extension-oreder-of-IS-4409.pdf | https://bis.gov.in/wp-content/uploads/2023/07/Extension-order-IS-4409-dt-25-07-2023.pdf | https://bis.gov.in/wp-content/uploads/2024/02/Steel-Steel-Product-QCO-2024.pdf | https://bis.gov.in/wp-content/uploads/2024/05/Ferrocnickel-Extension-Quality-Control-Order-2024.pdf | https://bis.gov.in/wp-content/uploads/2024/08/IS-4409-2023-Specification-for-Ferronickel.pdf | https://bis.gov.in/wp-content/uploads/2024/09/Steel-and-Steel-Products-QCO-2024.pdf | https://www.bis.gov.in/wp-content/uploads/2025/11/Steel-and-Steel-Products-Quality-Control-Amendment-Order-2025.pdf | https://www.bis.gov.in/wp-content/uploads/2026/06/Steel-and-Steel-Products-Quality-Control-Amendment-Order-2026-1.pdf,2026-09-03
Specification for Hard-drawn Steel Wire Fabric For Concrete Reinforcement,Steel and Iron Products,Scheme I (ISI Mark),IS 1566:1982,,S.O. 756(E),,14-02-2020,,,https://bis.gov.in/wp-content/uploads/2020/03/Steel-QCO-14022020-1.pdf | https://bis.gov.in/wp-content/uploads/2020/06/Steel-QCO-2020-dated-27th-May-2020.pdf | https://bis.gov.in/wp-content/uploads/2020/07/Steel-QCO-dated-17-July-2020-with-corrigendum.pdf | https://bis.gov.in/wp-content/uploads/2020/07/Steel-QCO-extension-order.pdf | https://bis.gov.in/wp-content/uploads/2020/10/Order-of-Extension-in-the-date-of-enforcement-of-Quality-Control-Order.pdf | https://bis.gov.in/wp-content/uploads/2020/11/QCO-on-144-Steel-Steel-Products-1.pdf | https://bis.gov.in/wp-content/uploads/2021/01/145-QCO-Order.pdf | https://bis.gov.in/wp-content/uploads/2021/04/Order-of-extension-in-the-enforcement-date-for-Indian-Standards-covered-under-the-Quality-Control-Order-namely-IS-3748-IS-7291-and-IS-12146.pdf | https://bis.gov.in/wp-content/uploads/2021/04/Order-of-extension-in-the-enforcement-date-for-some-Indian-Standards-covered-under-the-Quality-Control-Order-namely-IS-4398-and-IS-3195.pdf | https://bis.gov.in/wp-content/uploads/2021/04/ORDERO1.pdf | https://bis.gov.in/wp-content/uploads/2021/06/Order-for-extension-in-date-of-enforcement-for-IS-1110-and-IS-4409.pdf | https://bis.gov.in/wp-content/uploads/2021/06/Order-of-Extension-in-date-of-enforcement-of-IS-4432-IS-5518-IS-12145-IS-13387-IS-4072-IS-13352-covered-under-Qulaity-Control-Order.pdf | https://bis.gov.in/wp-content/uploads/2021/06/Order-of-Extension-in-date-of-enforcement-of-IS-7226-and-IS-14331-covered-under-Qulaity-Control-Order.pdf | https://bis.gov.in/wp-content/uploads/2021/06/Order-of-Extension-in-date-of-enforcement-of-IS-6529-covered-under-Qulaity-Control-Order.pdf | https://bis.gov.in/wp-content/uploads/2021/06/Order-of-extension-in-the-enforcement-date-of-Quality-Control-Order-for-Tin-Plate-and-Tin-Free-Steel.pdf | https://bis.gov.in/wp-content/uploads/2021/08/Extension-in-the-date-of-enforcement-of-Quality-Control-Order-on-IS-3748-IS-7291-and-IS-12146.pdf | https://bis.gov.in/wp-content/uploads/2021/09/Order-of-extension-in-the-date-of-enforcement-of-Quality-Control-Order-for-Indian-Standards-IS-4454-Part-4-IS-11946-IS-11947.pdf | https://bis.gov.in/wp-content/uploads/2021/12/Extension-order-in-the-date-of-enforcement-of-Quality-Control-Order-for-Indian-Standards-IS-1110-1990-and-IS-4409-1973.pdf | https://bis.gov.in/wp-content/uploads/2021/12/Extension-order-IS-14331.pdf | https://bis.gov.in/wp-content/uploads/2021/12/Extension-order-IS-13387.pdf | https://bis.gov.in/wp-content/uploads/2022/05/QCO-Extension-Order-26042022.pdf | https://bis.gov.in/wp-content/uploads/2022/11/Ministry-of-Steel-Order-for-extension-of-date-of-implementation-IS-1110-IS-4409.pdf | https://bis.gov.in/wp-content/uploads/2023/02/Extension-oreder-of-IS-4409.pdf | https://bis.gov.in/wp-content/uploads/2023/07/Extension-order-IS-4409-dt-25-07-2023.pdf | https://bis.gov.in/wp-content/uploads/2024/02/Steel-Steel-Product-QCO-2024.pdf | https://bis.gov.in/wp-content/uploads/2024/05/Ferrocnickel-Extension-Quality-Control-Order-2024.pdf | https://bis.gov.in/wp-content/uploads/2024/08/IS-4409-2023-Specification-for-Ferronickel.pdf | https://bis.gov.in/wp-content/uploads/2024/09/Steel-and-Steel-Products-QCO-2024.pdf | https://www.bis.gov.in/wp-content/uploads/2025/11/Steel-and-Steel-Products-Quality-Control-Amendment-Order-2025.pdf | https://www.bis.gov.in/wp-content/uploads/2026/06/Steel-and-Steel-Products-Quality-Control-Amendment-Order-2026-1.pdf,2026-09-03
Ferrochromium – Specification,Steel and Iron Products,Scheme I (ISI Mark),IS 1170: 1992,,S.O. 756(E),,14-02-2020,,,https://bis.gov.in/wp-content/uploads/2020/03/Steel-QCO-14022020-1.pdf | https://bis.gov.in/wp-content/uploads/2020/06/Steel-QCO-2020-dated-27th-May-2020.pdf | https://bis.gov.in/wp-content/uploads/2020/07/Steel-QCO-dated-17-July-2020-with-corrigendum.pdf | https://bis.gov.in/wp-content/uploads/2020/07/Steel-QCO-extension-order.pdf | https://bis.gov.in/wp-content/uploads/2020/10/Order-of-Extension-in-the-date-of-enforcement-of-Quality-Control-Order.pdf | https://bis.gov.in/wp-content/uploads/2020/11/QCO-on-144-Steel-Steel-Products-1.pdf | https://bis.gov.in/wp-content/uploads/2021/01/145-QCO-Order.pdf | https://bis.gov.in/wp-content/uploads/2021/04/Order-of-extension-in-the-enforcement-date-for-Indian-Standards-covered-under-the-Quality-Control-Order-namely-IS-3748-IS-7291-and-IS-12146.pdf | https://bis.gov.in/wp-content/uploads/2021/04/Order-of-extension-in-the-enforcement-date-for-some-Indian-Standards-covered-under-the-Quality-Control-Order-namely-IS-4398-and-IS-3195.pdf | https://bis.gov.in/wp-content/uploads/2021/04/ORDERO1.pdf | https://bis.gov.in/wp-content/uploads/2021/06/Order-for-extension-in-date-of-enforcement-for-IS-1110-and-IS-4409.pdf | https://bis.gov.in/wp-content/uploads/2021/06/Order-of-Extension-in-date-of-enforcement-of-IS-4432-IS-5518-IS-12145-IS-13387-IS-4072-IS-13352-covered-under-Qulaity-Control-Order.pdf | https://bis.gov.in/wp-content/uploads/2021/06/Order-of-Extension-in-date-of-enforcement-of-IS-7226-and-IS-14331-covered-under-Qulaity-Control-Order.pdf | https://bis.gov.in/wp-content/uploads/2021/06/Order-of-Extension-in-date-of-enforcement-of-IS-6529-covered-under-Qulaity-Control-Order.pdf | https://bis.gov.in/wp-content/uploads/2021/06/Order-of-extension-in-the-enforcement-date-of-Quality-Control-Order-for-Tin-Plate-and-Tin-Free-Steel.pdf | https://bis.gov.in/wp-content/uploads/2021/08/Extension-in-the-date-of-enforcement-of-Quality-Control-Order-on-IS-3748-IS-7291-and-IS-12146.pdf | https://bis.gov.in/wp-content/uploads/2021/09/Order-of-extension-in-the-date-of-enforcement-of-Quality-Control-Order-for-Indian-Standards-IS-4454-Part-4-IS-11946-IS-11947.pdf | https://bis.gov.in/wp-content/uploads/2021/12/Extension-order-in-the-date-of-enforcement-of-Quality-Control-Order-for-Indian-Standards-IS-1110-1990-and-IS-4409-1973.pdf | https://bis.gov.in/wp-content/uploads/2021/12/Extension-order-IS-14331.pdf | https://bis.gov.in/wp-content/uploads/2021/12/Extension-order-IS-13387.pdf | https://bis.gov.in/wp-content/uploads/2022/05/QCO-Extension-Order-26042022.pdf | https://bis.gov.in/wp-content/uploads/2022/11/Ministry-of-Steel-Order-for-extension-of-date-of-implementation-IS-1110-IS-4409.pdf | https://bis.gov.in/wp-content/uploads/2023/02/Extension-oreder-of-IS-4409.pdf | https://bis.gov.in/wp-content/uploads/2023/07/Extension-order-IS-4409-dt-25-07-2023.pdf | https://bis.gov.in/wp-content/uploads/2024/02/Steel-Steel-Product-QCO-2024.pdf | https://bis.gov.in/wp-content/uploads/2024/05/Ferrocnickel-Extension-Quality-Control-Order-2024.pdf | https://bis.gov.in/wp-content/uploads/2024/08/IS-4409-2023-Specification-for-Ferronickel.pdf | https://bis.gov.in/wp-content/uploads/2024/09/Steel-and-Steel-Products-QCO-2024.pdf | https://www.bis.gov.in/wp-content/uploads/2025/11/Steel-and-Steel-Products-Quality-Control-Amendment-Order-2025.pdf | https://www.bis.gov.in/wp-content/uploads/2026/06/Steel-and-Steel-Products-Quality-Control-Amendment-Order-2026-1.pdf,2026-09-03
Soft Magnetic Iron Strips,Steel and Iron Products,Scheme I (ISI Mark),IS 11946:1987,,S.O. 756(E),,14-02-2020,,,https://bis.gov.in/wp-content/uploads/2020/03/Steel-QCO-14022020-1.pdf | https://bis.gov.in/wp-content/uploads/2020/06/Steel-QCO-2020-dated-27th-May-2020.pdf | https://bis.gov.in/wp-content/uploads/2020/07/Steel-QCO-dated-17-July-2020-with-corrigendum.pdf | https://bis.gov.in/wp-content/uploads/2020/07/Steel-QCO-extension-order.pdf | https://bis.gov.in/wp-content/uploads/2020/10/Order-of-Extension-in-the-date-of-enforcement-of-Quality-Control-Order.pdf | https://bis.gov.in/wp-content/uploads/2020/11/QCO-on-144-Steel-Steel-Products-1.pdf | https://bis.gov.in/wp-content/uploads/2021/01/145-QCO-Order.pdf | https://bis.gov.in/wp-content/uploads/2021/04/Order-of-extension-in-the-enforcement-date-for-Indian-Standards-covered-under-the-Quality-Control-Order-namely-IS-3748-IS-7291-and-IS-12146.pdf | https://bis.gov.in/wp-content/uploads/2021/04/Order-of-extension-in-the-enforcement-date-for-some-Indian-Standards-covered-under-the-Quality-Control-Order-namely-IS-4398-and-IS-3195.pdf | https://bis.gov.in/wp-content/uploads/2021/04/ORDERO1.pdf | https://bis.gov.in/wp-content/uploads/2021/06/Order-for-extension-in-date-of-enforcement-for-IS-1110-and-IS-4409.pdf | https://bis.gov.in/wp-content/uploads/2021/06/Order-of-Extension-in-date-of-enforcement-of-IS-4432-IS-5518-IS-12145-IS-13387-IS-4072-IS-13352-covered-under-Qulaity-Control-Order.pdf | https://bis.gov.in/wp-content/uploads/2021/06/Order-of-Extension-in-date-of-enforcement-of-IS-7226-and-IS-14331-covered-under-Qulaity-Control-Order.pdf | https://bis.gov.in/wp-content/uploads/2021/06/Order-of-Extension-in-date-of-enforcement-of-IS-6529-covered-under-Qulaity-Control-Order.pdf | https://bis.gov.in/wp-content/uploads/2021/06/Order-of-extension-in-the-enforcement-date-of-Quality-Control-Order-for-Tin-Plate-and-Tin-Free-Steel.pdf | https://bis.gov.in/wp-content/uploads/2021/08/Extension-in-the-date-of-enforcement-of-Quality-Control-Order-on-IS-3748-IS-7291-and-IS-12146.pdf | https://bis.gov.in/wp-content/uploads/2021/09/Order-of-extension-in-the-date-of-enforcement-of-Quality-Control-Order-for-Indian-Standards-IS-4454-Part-4-IS-11946-IS-11947.pdf | https://bis.gov.in/wp-content/uploads/2021/12/Extension-order-in-the-date-of-enforcement-of-Quality-Control-Order-for-Indian-Standards-IS-1110-1990-and-IS-4409-1973.pdf | https://bis.gov.in/wp-content/uploads/2021/12/Extension-order-IS-14331.pdf | https://bis.gov.in/wp-content/uploads/2021/12/Extension-order-IS-13387.pdf | https://bis.gov.in/wp-content/uploads/2022/05/QCO-Extension-Order-26042022.pdf | https://bis.gov.in/wp-content/uploads/2022/11/Ministry-of-Steel-Order-for-extension-of-date-of-implementation-IS-1110-IS-4409.pdf | https://bis.gov.in/wp-content/uploads/2023/02/Extension-oreder-of-IS-4409.pdf | https://bis.gov.in/wp-content/uploads/2023/07/Extension-order-IS-4409-dt-25-07-2023.pdf | https://bis.gov.in/wp-content/uploads/2024/02/Steel-Steel-Product-QCO-2024.pdf | https://bis.gov.in/wp-content/uploads/2024/05/Ferrocnickel-Extension-Quality-Control-Order-2024.pdf | https://bis.gov.in/wp-content/uploads/2024/08/IS-4409-2023-Specification-for-Ferronickel.pdf | https://bis.gov.in/wp-content/uploads/2024/09/Steel-and-Steel-Products-QCO-2024.pdf | https://www.bis.gov.in/wp-content/uploads/2025/11/Steel-and-Steel-Products-Quality-Control-Amendment-Order-2025.pdf | https://www.bis.gov.in/wp-content/uploads/2026/06/Steel-and-Steel-Products-Quality-Control-Amendment-Order-2026-1.pdf,2026-09-03
"Soft Magnetic Iron Rods, Bars Flats and Sections",Steel and Iron Products,Scheme I (ISI Mark),IS 11947:1987,,S.O. 756(E),,14-02-2020,,,https://bis.gov.in/wp-content/uploads/2020/03/Steel-QCO-14022020-1.pdf | https://bis.gov.in/wp-content/uploads/2020/06/Steel-QCO-2020-dated-27th-May-2020.pdf | https://bis.gov.in/wp-content/uploads/2020/07/Steel-QCO-dated-17-July-2020-with-corrigendum.pdf | https://bis.gov.in/wp-content/uploads/2020/07/Steel-QCO-extension-order.pdf | https://bis.gov.in/wp-content/uploads/2020/10/Order-of-Extension-in-the-date-of-enforcement-of-Quality-Control-Order.pdf | https://bis.gov.in/wp-content/uploads/2020/11/QCO-on-144-Steel-Steel-Products-1.pdf | https://bis.gov.in/wp-content/uploads/2021/01/145-QCO-Order.pdf | https://bis.gov.in/wp-content/uploads/2021/04/Order-of-extension-in-the-enforcement-date-for-Indian-Standards-covered-under-the-Quality-Control-Order-namely-IS-3748-IS-7291-and-IS-12146.pdf | https://bis.gov.in/wp-content/uploads/2021/04/Order-of-extension-in-the-enforcement-date-for-some-Indian-Standards-covered-under-the-Quality-Control-Order-namely-IS-4398-and-IS-3195.pdf | https://bis.gov.in/wp-content/uploads/2021/04/ORDERO1.pdf | https://bis.gov.in/wp-content/uploads/2021/06/Order-for-extension-in-date-of-enforcement-for-IS-1110-and-IS-4409.pdf | https://bis.gov.in/wp-content/uploads/2021/06/Order-of-Extension-in-date-of-enforcement-of-IS-4432-IS-5518-IS-12145-IS-13387-IS-4072-IS-13352-covered-under-Qulaity-Control-Order.pdf | https://bis.gov.in/wp-content/uploads/2021/06/Order-of-Extension-in-date-of-enforcement-of-IS-7226-and-IS-14331-covered-under-Qulaity-Control-Order.pdf | https://bis.gov.in/wp-content/uploads/2021/06/Order-of-Extension-in-date-of-enforcement-of-IS-6529-covered-under-Qulaity-Control-Order.pdf | https://bis.gov.in/wp-content/uploads/2021/06/Order-of-extension-in-the-enforcement-date-of-Quality-Control-Order-for-Tin-Plate-and-Tin-Free-Steel.pdf | https://bis.gov.in/wp-content/uploads/2021/08/Extension-in-the-date-of-enforcement-of-Quality-Control-Order-on-IS-3748-IS-7291-and-IS-12146.pdf | https://bis.gov.in/wp-content/uploads/2021/09/Order-of-extension-in-the-date-of-enforcement-of-Quality-Control-Order-for-Indian-Standards-IS-4454-Part-4-IS-11946-IS-11947.pdf | https://bis.gov.in/wp-content/uploads/2021/12/Extension-order-in-the-date-of-enforcement-of-Quality-Control-Order-for-Indian-Standards-IS-1110-1990-and-IS-4409-1973.pdf | https://bis.gov.in/wp-content/uploads/2021/12/Extension-order-IS-14331.pdf | https://bis.gov.in/wp-content/uploads/2021/12/Extension-order-IS-13387.pdf | https://bis.gov.in/wp-content/uploads/2022/05/QCO-Extension-Order-26042022.pdf | https://bis.gov.in/wp-content/uploads/2022/11/Ministry-of-Steel-Order-for-extension-of-date-of-implementation-IS-1110-IS-4409.pdf | https://bis.gov.in/wp-content/uploads/2023/02/Extension-oreder-of-IS-4409.pdf | https://bis.gov.in/wp-content/uploads/2023/07/Extension-order-IS-4409-dt-25-07-2023.pdf | https://bis.gov.in/wp-content/uploads/2024/02/Steel-Steel-Product-QCO-2024.pdf | https://bis.gov.in/wp-content/uploads/2024/05/Ferrocnickel-Extension-Quality-Control-Order-2024.pdf | https://bis.gov.in/wp-content/uploads/2024/08/IS-4409-2023-Specification-for-Ferronickel.pdf | https://bis.gov.in/wp-content/uploads/2024/09/Steel-and-Steel-Products-QCO-2024.pdf | https://www.bis.gov.in/wp-content/uploads/2025/11/Steel-and-Steel-Products-Quality-Control-Amendment-Order-2025.pdf | https://www.bis.gov.in/wp-content/uploads/2026/06/Steel-and-Steel-Products-Quality-Control-Amendment-Order-2026-1.pdf,2026-09-03
Chrome molybdenum steel bars and rods for aircraft purposes,Steel and Iron Products,Scheme I (ISI Mark),IS 963: 1958,,S.O. 756(E),,14-02-2020,,,https://bis.gov.in/wp-content/uploads/2020/03/Steel-QCO-14022020-1.pdf | https://bis.gov.in/wp-content/uploads/2020/06/Steel-QCO-2020-dated-27th-May-2020.pdf | https://bis.gov.in/wp-content/uploads/2020/07/Steel-QCO-dated-17-July-2020-with-corrigendum.pdf | https://bis.gov.in/wp-content/uploads/2020/07/Steel-QCO-extension-order.pdf | https://bis.gov.in/wp-content/uploads/2020/10/Order-of-Extension-in-the-date-of-enforcement-of-Quality-Control-Order.pdf | https://bis.gov.in/wp-content/uploads/2020/11/QCO-on-144-Steel-Steel-Products-1.pdf | https://bis.gov.in/wp-content/uploads/2021/01/145-QCO-Order.pdf | https://bis.gov.in/wp-content/uploads/2021/04/Order-of-extension-in-the-enforcement-date-for-Indian-Standards-covered-under-the-Quality-Control-Order-namely-IS-3748-IS-7291-and-IS-12146.pdf | https://bis.gov.in/wp-content/uploads/2021/04/Order-of-extension-in-the-enforcement-date-for-some-Indian-Standards-covered-under-the-Quality-Control-Order-namely-IS-4398-and-IS-3195.pdf | https://bis.gov.in/wp-content/uploads/2021/04/ORDERO1.pdf | https://bis.gov.in/wp-content/uploads/2021/06/Order-for-extension-in-date-of-enforcement-for-IS-1110-and-IS-4409.pdf | https://bis.gov.in/wp-content/uploads/2021/06/Order-of-Extension-in-date-of-enforcement-of-IS-4432-IS-5518-IS-12145-IS-13387-IS-4072-IS-13352-covered-under-Qulaity-Control-Order.pdf | https://bis.gov.in/wp-content/uploads/2021/06/Order-of-Extension-in-date-of-enforcement-of-IS-7226-and-IS-14331-covered-under-Qulaity-Control-Order.pdf | https://bis.gov.in/wp-content/uploads/2021/06/Order-of-Extension-in-date-of-enforcement-of-IS-6529-covered-under-Qulaity-Control-Order.pdf | https://bis.gov.in/wp-content/uploads/2021/06/Order-of-extension-in-the-enforcement-date-of-Quality-Control-Order-for-Tin-Plate-and-Tin-Free-Steel.pdf | https://bis.gov.in/wp-content/uploads/2021/08/Extension-in-the-date-of-enforcement-of-Quality-Control-Order-on-IS-3748-IS-7291-and-IS-12146.pdf | https://bis.gov.in/wp-content/uploads/2021/09/Order-of-extension-in-the-date-of-enforcement-of-Quality-Control-Order-for-Indian-Standards-IS-4454-Part-4-IS-11946-IS-11947.pdf | https://bis.gov.in/wp-content/uploads/2021/12/Extension-order-in-the-date-of-enforcement-of-Quality-Control-Order-for-Indian-Standards-IS-1110-1990-and-IS-4409-1973.pdf | https://bis.gov.in/wp-content/uploads/2021/12/Extension-order-IS-14331.pdf | https://bis.gov.in/wp-content/uploads/2021/12/Extension-order-IS-13387.pdf | https://bis.gov.in/wp-content/uploads/2022/05/QCO-Extension-Order-26042022.pdf | https://bis.gov.in/wp-content/uploads/2022/11/Ministry-of-Steel-Order-for-extension-of-date-of-implementation-IS-1110-IS-4409.pdf | https://bis.gov.in/wp-content/uploads/2023/02/Extension-oreder-of-IS-4409.pdf | https://bis.gov.in/wp-content/uploads/2023/07/Extension-order-IS-4409-dt-25-07-2023.pdf | https://bis.gov.in/wp-content/uploads/2024/02/Steel-Steel-Product-QCO-2024.pdf | https://bis.gov.in/wp-content/uploads/2024/05/Ferrocnickel-Extension-Quality-Control-Order-2024.pdf | https://bis.gov.in/wp-content/uploads/2024/08/IS-4409-2023-Specification-for-Ferronickel.pdf | https://bis.gov.in/wp-content/uploads/2024/09/Steel-and-Steel-Products-QCO-2024.pdf | https://www.bis.gov.in/wp-content/uploads/2025/11/Steel-and-Steel-Products-Quality-Control-Amendment-Order-2025.pdf | https://www.bis.gov.in/wp-content/uploads/2026/06/Steel-and-Steel-Products-Quality-Control-Amendment-Order-2026-1.pdf,2026-09-03
Steel Wires for Mechanical Springs- Part 4: Stainless Steel Wire,Steel and Iron Products,Scheme I (ISI Mark),IS 4454 (Part 4): 2001,,S.O. 756(E),,14-02-2020,,,https://bis.gov.in/wp-content/uploads/2020/03/Steel-QCO-14022020-1.pdf | https://bis.gov.in/wp-content/uploads/2020/06/Steel-QCO-2020-dated-27th-May-2020.pdf | https://bis.gov.in/wp-content/uploads/2020/07/Steel-QCO-dated-17-July-2020-with-corrigendum.pdf | https://bis.gov.in/wp-content/uploads/2020/07/Steel-QCO-extension-order.pdf | https://bis.gov.in/wp-content/uploads/2020/10/Order-of-Extension-in-the-date-of-enforcement-of-Quality-Control-Order.pdf | https://bis.gov.in/wp-content/uploads/2020/11/QCO-on-144-Steel-Steel-Products-1.pdf | https://bis.gov.in/wp-content/uploads/2021/01/145-QCO-Order.pdf | https://bis.gov.in/wp-content/uploads/2021/04/Order-of-extension-in-the-enforcement-date-for-Indian-Standards-covered-under-the-Quality-Control-Order-namely-IS-3748-IS-7291-and-IS-12146.pdf | https://bis.gov.in/wp-content/uploads/2021/04/Order-of-extension-in-the-enforcement-date-for-some-Indian-Standards-covered-under-the-Quality-Control-Order-namely-IS-4398-and-IS-3195.pdf | https://bis.gov.in/wp-content/uploads/2021/04/ORDERO1.pdf | https://bis.gov.in/wp-content/uploads/2021/06/Order-for-extension-in-date-of-enforcement-for-IS-1110-and-IS-4409.pdf | https://bis.gov.in/wp-content/uploads/2021/06/Order-of-Extension-in-date-of-enforcement-of-IS-4432-IS-5518-IS-12145-IS-13387-IS-4072-IS-13352-covered-under-Qulaity-Control-Order.pdf | https://bis.gov.in/wp-content/uploads/2021/06/Order-of-Extension-in-date-of-enforcement-of-IS-7226-and-IS-14331-covered-under-Qulaity-Control-Order.pdf | https://bis.gov.in/wp-content/uploads/2021/06/Order-of-Extension-in-date-of-enforcement-of-IS-6529-covered-under-Qulaity-Control-Order.pdf | https://bis.gov.in/wp-content/uploads/2021/06/Order-of-extension-in-the-enforcement-date-of-Quality-Control-Order-for-Tin-Plate-and-Tin-Free-Steel.pdf | https://bis.gov.in/wp-content/uploads/2021/08/Extension-in-the-date-of-enforcement-of-Quality-Control-Order-on-IS-3748-IS-7291-and-IS-12146.pdf | https://bis.gov.in/wp-content/uploads/2021/09/Order-of-extension-in-the-date-of-enforcement-of-Quality-Control-Order-for-Indian-Standards-IS-4454-Part-4-IS-11946-IS-11947.pdf | https://bis.gov.in/wp-content/uploads/2021/12/Extension-order-in-the-date-of-enforcement-of-Quality-Control-Order-for-Indian-Standards-IS-1110-1990-and-IS-4409-1973.pdf | https://bis.gov.in/wp-content/uploads/2021/12/Extension-order-IS-14331.pdf | https://bis.gov.in/wp-content/uploads/2021/12/Extension-order-IS-13387.pdf | https://bis.gov.in/wp-content/uploads/2022/05/QCO-Extension-Order-26042022.pdf | https://bis.gov.in/wp-content/uploads/2022/11/Ministry-of-Steel-Order-for-extension-of-date-of-implementation-IS-1110-IS-4409.pdf | https://bis.gov.in/wp-content/uploads/2023/02/Extension-oreder-of-IS-4409.pdf | https://bis.gov.in/wp-content/uploads/2023/07/Extension-order-IS-4409-dt-25-07-2023.pdf | https://bis.gov.in/wp-content/uploads/2024/02/Steel-Steel-Product-QCO-2024.pdf | https://bis.gov.in/wp-content/uploads/2024/05/Ferrocnickel-Extension-Quality-Control-Order-2024.pdf | https://bis.gov.in/wp-content/uploads/2024/08/IS-4409-2023-Specification-for-Ferronickel.pdf | https://bis.gov.in/wp-content/uploads/2024/09/Steel-and-Steel-Products-QCO-2024.pdf | https://www.bis.gov.in/wp-content/uploads/2025/11/Steel-and-Steel-Products-Quality-Control-Amendment-Order-2025.pdf | https://www.bis.gov.in/wp-content/uploads/2026/06/Steel-and-Steel-Products-Quality-Control-Amendment-Order-2026-1.pdf,2026-09-03
Cold-reduced Electrolytic Tin Plate,Steel and Iron Products,Scheme I (ISI Mark),IS 1993 : 2018,,S.O. 756(E),,14-02-2020,,,https://bis.gov.in/wp-content/uploads/2020/03/Steel-QCO-14022020-1.pdf | https://bis.gov.in/wp-content/uploads/2020/06/Steel-QCO-2020-dated-27th-May-2020.pdf | https://bis.gov.in/wp-content/uploads/2020/07/Steel-QCO-dated-17-July-2020-with-corrigendum.pdf | https://bis.gov.in/wp-content/uploads/2020/07/Steel-QCO-extension-order.pdf | https://bis.gov.in/wp-content/uploads/2020/10/Order-of-Extension-in-the-date-of-enforcement-of-Quality-Control-Order.pdf | https://bis.gov.in/wp-content/uploads/2020/11/QCO-on-144-Steel-Steel-Products-1.pdf | https://bis.gov.in/wp-content/uploads/2021/01/145-QCO-Order.pdf | https://bis.gov.in/wp-content/uploads/2021/04/Order-of-extension-in-the-enforcement-date-for-Indian-Standards-covered-under-the-Quality-Control-Order-namely-IS-3748-IS-7291-and-IS-12146.pdf | https://bis.gov.in/wp-content/uploads/2021/04/Order-of-extension-in-the-enforcement-date-for-some-Indian-Standards-covered-under-the-Quality-Control-Order-namely-IS-4398-and-IS-3195.pdf | https://bis.gov.in/wp-content/uploads/2021/04/ORDERO1.pdf | https://bis.gov.in/wp-content/uploads/2021/06/Order-for-extension-in-date-of-enforcement-for-IS-1110-and-IS-4409.pdf | https://bis.gov.in/wp-content/uploads/2021/06/Order-of-Extension-in-date-of-enforcement-of-IS-4432-IS-5518-IS-12145-IS-13387-IS-4072-IS-13352-covered-under-Qulaity-Control-Order.pdf | https://bis.gov.in/wp-content/uploads/2021/06/Order-of-Extension-in-date-of-enforcement-of-IS-7226-and-IS-14331-covered-under-Qulaity-Control-Order.pdf | https://bis.gov.in/wp-content/uploads/2021/06/Order-of-Extension-in-date-of-enforcement-of-IS-6529-covered-under-Qulaity-Control-Order.pdf | https://bis.gov.in/wp-content/uploads/2021/06/Order-of-extension-in-the-enforcement-date-of-Quality-Control-Order-for-Tin-Plate-and-Tin-Free-Steel.pdf | https://bis.gov.in/wp-content/uploads/2021/08/Extension-in-the-date-of-enforcement-of-Quality-Control-Order-on-IS-3748-IS-7291-and-IS-12146.pdf | https://bis.gov.in/wp-content/uploads/2021/09/Order-of-extension-in-the-date-of-enforcement-of-Quality-Control-Order-for-Indian-Standards-IS-4454-Part-4-IS-11946-IS-11947.pdf | https://bis.gov.in/wp-content/uploads/2021/12/Extension-order-in-the-date-of-enforcement-of-Quality-Control-Order-for-Indian-Standards-IS-1110-1990-and-IS-4409-1973.pdf | https://bis.gov.in/wp-content/uploads/2021/12/Extension-order-IS-14331.pdf | https://bis.gov.in/wp-content/uploads/2021/12/Extension-order-IS-13387.pdf | https://bis.gov.in/wp-content/uploads/2022/05/QCO-Extension-Order-26042022.pdf | https://bis.gov.in/wp-content/uploads/2022/11/Ministry-of-Steel-Order-for-extension-of-date-of-implementation-IS-1110-IS-4409.pdf | https://bis.gov.in/wp-content/uploads/2023/02/Extension-oreder-of-IS-4409.pdf | https://bis.gov.in/wp-content/uploads/2023/07/Extension-order-IS-4409-dt-25-07-2023.pdf | https://bis.gov.in/wp-content/uploads/2024/02/Steel-Steel-Product-QCO-2024.pdf | https://bis.gov.in/wp-content/uploads/2024/05/Ferrocnickel-Extension-Quality-Control-Order-2024.pdf | https://bis.gov.in/wp-content/uploads/2024/08/IS-4409-2023-Specification-for-Ferronickel.pdf | https://bis.gov.in/wp-content/uploads/2024/09/Steel-and-Steel-Products-QCO-2024.pdf | https://www.bis.gov.in/wp-content/uploads/2025/11/Steel-and-Steel-Products-Quality-Control-Amendment-Order-2025.pdf | https://www.bis.gov.in/wp-content/uploads/2026/06/Steel-and-Steel-Products-Quality-Control-Amendment-Order-2026-1.pdf,2026-09-03
Cold-reduced Electrolytic Chromium/Chromium oxide – coated steel,Steel and Iron Products,Scheme I (ISI Mark),IS 12591:2018,,S.O. 756(E),,14-02-2020,,,https://bis.gov.in/wp-content/uploads/2020/03/Steel-QCO-14022020-1.pdf | https://bis.gov.in/wp-content/uploads/2020/06/Steel-QCO-2020-dated-27th-May-2020.pdf | https://bis.gov.in/wp-content/uploads/2020/07/Steel-QCO-dated-17-July-2020-with-corrigendum.pdf | https://bis.gov.in/wp-content/uploads/2020/07/Steel-QCO-extension-order.pdf | https://bis.gov.in/wp-content/uploads/2020/10/Order-of-Extension-in-the-date-of-enforcement-of-Quality-Control-Order.pdf | https://bis.gov.in/wp-content/uploads/2020/11/QCO-on-144-Steel-Steel-Products-1.pdf | https://bis.gov.in/wp-content/uploads/2021/01/145-QCO-Order.pdf | https://bis.gov.in/wp-content/uploads/2021/04/Order-of-extension-in-the-enforcement-date-for-Indian-Standards-covered-under-the-Quality-Control-Order-namely-IS-3748-IS-7291-and-IS-12146.pdf | https://bis.gov.in/wp-content/uploads/2021/04/Order-of-extension-in-the-enforcement-date-for-some-Indian-Standards-covered-under-the-Quality-Control-Order-namely-IS-4398-and-IS-3195.pdf | https://bis.gov.in/wp-content/uploads/2021/04/ORDERO1.pdf | https://bis.gov.in/wp-content/uploads/2021/06/Order-for-extension-in-date-of-enforcement-for-IS-1110-and-IS-4409.pdf | https://bis.gov.in/wp-content/uploads/2021/06/Order-of-Extension-in-date-of-enforcement-of-IS-4432-IS-5518-IS-12145-IS-13387-IS-4072-IS-13352-covered-under-Qulaity-Control-Order.pdf | https://bis.gov.in/wp-content/uploads/2021/06/Order-of-Extension-in-date-of-enforcement-of-IS-7226-and-IS-14331-covered-under-Qulaity-Control-Order.pdf | https://bis.gov.in/wp-content/uploads/2021/06/Order-of-Extension-in-date-of-enforcement-of-IS-6529-covered-under-Qulaity-Control-Order.pdf | https://bis.gov.in/wp-content/uploads/2021/06/Order-of-extension-in-the-enforcement-date-of-Quality-Control-Order-for-Tin-Plate-and-Tin-Free-Steel.pdf | https://bis.gov.in/wp-content/uploads/2021/08/Extension-in-the-date-of-enforcement-of-Quality-Control-Order-on-IS-3748-IS-7291-and-IS-12146.pdf | https://bis.gov.in/wp-content/uploads/2021/09/Order-of-extension-in-the-date-of-enforcement-of-Quality-Control-Order-for-Indian-Standards-IS-4454-Part-4-IS-11946-IS-11947.pdf | https://bis.gov.in/wp-content/uploads/2021/12/Extension-order-in-the-date-of-enforcement-of-Quality-Control-Order-for-Indian-Standards-IS-1110-1990-and-IS-4409-1973.pdf | https://bis.gov.in/wp-content/uploads/2021/12/Extension-order-IS-14331.pdf | https://bis.gov.in/wp-content/uploads/2021/12/Extension-order-IS-13387.pdf | https://bis.gov.in/wp-content/uploads/2022/05/QCO-Extension-Order-26042022.pdf | https://bis.gov.in/wp-content/uploads/2022/11/Ministry-of-Steel-Order-for-extension-of-date-of-implementation-IS-1110-IS-4409.pdf | https://bis.gov.in/wp-content/uploads/2023/02/Extension-oreder-of-IS-4409.pdf | https://bis.gov.in/wp-content/uploads/2023/07/Extension-order-IS-4409-dt-25-07-2023.pdf | https://bis.gov.in/wp-content/uploads/2024/02/Steel-Steel-Product-QCO-2024.pdf | https://bis.gov.in/wp-content/uploads/2024/05/Ferrocnickel-Extension-Quality-Control-Order-2024.pdf | https://bis.gov.in/wp-content/uploads/2024/08/IS-4409-2023-Specification-for-Ferronickel.pdf | https://bis.gov.in/wp-content/uploads/2024/09/Steel-and-Steel-Products-QCO-2024.pdf | https://www.bis.gov.in/wp-content/uploads/2025/11/Steel-and-Steel-Products-Quality-Control-Amendment-Order-2025.pdf | https://www.bis.gov.in/wp-content/uploads/2026/06/Steel-and-Steel-Products-Quality-Control-Amendment-Order-2026-1.pdf,2026-09-03
Expanded Metal Steel Sheets For General Purposes,Steel and Iron Products,Scheme I (ISI Mark),IS 412:1975,,S.O. 756(E),,14-02-2020,,,https://bis.gov.in/wp-content/uploads/2020/03/Steel-QCO-14022020-1.pdf | https://bis.gov.in/wp-content/uploads/2020/06/Steel-QCO-2020-dated-27th-May-2020.pdf | https://bis.gov.in/wp-content/uploads/2020/07/Steel-QCO-dated-17-July-2020-with-corrigendum.pdf | https://bis.gov.in/wp-content/uploads/2020/07/Steel-QCO-extension-order.pdf | https://bis.gov.in/wp-content/uploads/2020/10/Order-of-Extension-in-the-date-of-enforcement-of-Quality-Control-Order.pdf | https://bis.gov.in/wp-content/uploads/2020/11/QCO-on-144-Steel-Steel-Products-1.pdf | https://bis.gov.in/wp-content/uploads/2021/01/145-QCO-Order.pdf | https://bis.gov.in/wp-content/uploads/2021/04/Order-of-extension-in-the-enforcement-date-for-Indian-Standards-covered-under-the-Quality-Control-Order-namely-IS-3748-IS-7291-and-IS-12146.pdf | https://bis.gov.in/wp-content/uploads/2021/04/Order-of-extension-in-the-enforcement-date-for-some-Indian-Standards-covered-under-the-Quality-Control-Order-namely-IS-4398-and-IS-3195.pdf | https://bis.gov.in/wp-content/uploads/2021/04/ORDERO1.pdf | https://bis.gov.in/wp-content/uploads/2021/06/Order-for-extension-in-date-of-enforcement-for-IS-1110-and-IS-4409.pdf | https://bis.gov.in/wp-content/uploads/2021/06/Order-of-Extension-in-date-of-enforcement-of-IS-4432-IS-5518-IS-12145-IS-13387-IS-4072-IS-13352-covered-under-Qulaity-Control-Order.pdf | https://bis.gov.in/wp-content/uploads/2021/06/Order-of-Extension-in-date-of-enforcement-of-IS-7226-and-IS-14331-covered-under-Qulaity-Control-Order.pdf | https://bis.gov.in/wp-content/uploads/2021/06/Order-of-Extension-in-date-of-enforcement-of-IS-6529-covered-under-Qulaity-Control-Order.pdf | https://bis.gov.in/wp-content/uploads/2021/06/Order-of-extension-in-the-enforcement-date-of-Quality-Control-Order-for-Tin-Plate-and-Tin-Free-Steel.pdf | https://bis.gov.in/wp-content/uploads/2021/08/Extension-in-the-date-of-enforcement-of-Quality-Control-Order-on-IS-3748-IS-7291-and-IS-12146.pdf | https://bis.gov.in/wp-content/uploads/2021/09/Order-of-extension-in-the-date-of-enforcement-of-Quality-Control-Order-for-Indian-Standards-IS-4454-Part-4-IS-11946-IS-11947.pdf | https://bis.gov.in/wp-content/uploads/2021/12/Extension-order-in-the-date-of-enforcement-of-Quality-Control-Order-for-Indian-Standards-IS-1110-1990-and-IS-4409-1973.pdf | https://bis.gov.in/wp-content/uploads/2021/12/Extension-order-IS-14331.pdf | https://bis.gov.in/wp-content/uploads/2021/12/Extension-order-IS-13387.pdf | https://bis.gov.in/wp-content/uploads/2022/05/QCO-Extension-Order-26042022.pdf | https://bis.gov.in/wp-content/uploads/2022/11/Ministry-of-Steel-Order-for-extension-of-date-of-implementation-IS-1110-IS-4409.pdf | https://bis.gov.in/wp-content/uploads/2023/02/Extension-oreder-of-IS-4409.pdf | https://bis.gov.in/wp-content/uploads/2023/07/Extension-order-IS-4409-dt-25-07-2023.pdf | https://bis.gov.in/wp-content/uploads/2024/02/Steel-Steel-Product-QCO-2024.pdf | https://bis.gov.in/wp-content/uploads/2024/05/Ferrocnickel-Extension-Quality-Control-Order-2024.pdf | https://bis.gov.in/wp-content/uploads/2024/08/IS-4409-2023-Specification-for-Ferronickel.pdf | https://bis.gov.in/wp-content/uploads/2024/09/Steel-and-Steel-Products-QCO-2024.pdf | https://www.bis.gov.in/wp-content/uploads/2025/11/Steel-and-Steel-Products-Quality-Control-Amendment-Order-2025.pdf | https://www.bis.gov.in/wp-content/uploads/2026/06/Steel-and-Steel-Products-Quality-Control-Amendment-Order-2026-1.pdf,2026-09-03
"Steel Billets,Bars And Sections For Boilers",Steel and Iron Products,Scheme I (ISI Mark),IS 2100: 1970,,S.O. 756(E),,14-02-2020,,,https://bis.gov.in/wp-content/uploads/2020/03/Steel-QCO-14022020-1.pdf | https://bis.gov.in/wp-content/uploads/2020/06/Steel-QCO-2020-dated-27th-May-2020.pdf | https://bis.gov.in/wp-content/uploads/2020/07/Steel-QCO-dated-17-July-2020-with-corrigendum.pdf | https://bis.gov.in/wp-content/uploads/2020/07/Steel-QCO-extension-order.pdf | https://bis.gov.in/wp-content/uploads/2020/10/Order-of-Extension-in-the-date-of-enforcement-of-Quality-Control-Order.pdf | https://bis.gov.in/wp-content/uploads/2020/11/QCO-on-144-Steel-Steel-Products-1.pdf | https://bis.gov.in/wp-content/uploads/2021/01/145-QCO-Order.pdf | https://bis.gov.in/wp-content/uploads/2021/04/Order-of-extension-in-the-enforcement-date-for-Indian-Standards-covered-under-the-Quality-Control-Order-namely-IS-3748-IS-7291-and-IS-12146.pdf | https://bis.gov.in/wp-content/uploads/2021/04/Order-of-extension-in-the-enforcement-date-for-some-Indian-Standards-covered-under-the-Quality-Control-Order-namely-IS-4398-and-IS-3195.pdf | https://bis.gov.in/wp-content/uploads/2021/04/ORDERO1.pdf | https://bis.gov.in/wp-content/uploads/2021/06/Order-for-extension-in-date-of-enforcement-for-IS-1110-and-IS-4409.pdf | https://bis.gov.in/wp-content/uploads/2021/06/Order-of-Extension-in-date-of-enforcement-of-IS-4432-IS-5518-IS-12145-IS-13387-IS-4072-IS-13352-covered-under-Qulaity-Control-Order.pdf | https://bis.gov.in/wp-content/uploads/2021/06/Order-of-Extension-in-date-of-enforcement-of-IS-7226-and-IS-14331-covered-under-Qulaity-Control-Order.pdf | https://bis.gov.in/wp-content/uploads/2021/06/Order-of-Extension-in-date-of-enforcement-of-IS-6529-covered-under-Qulaity-Control-Order.pdf | https://bis.gov.in/wp-content/uploads/2021/06/Order-of-extension-in-the-enforcement-date-of-Quality-Control-Order-for-Tin-Plate-and-Tin-Free-Steel.pdf | https://bis.gov.in/wp-content/uploads/2021/08/Extension-in-the-date-of-enforcement-of-Quality-Control-Order-on-IS-3748-IS-7291-and-IS-12146.pdf | https://bis.gov.in/wp-content/uploads/2021/09/Order-of-extension-in-the-date-of-enforcement-of-Quality-Control-Order-for-Indian-Standards-IS-4454-Part-4-IS-11946-IS-11947.pdf | https://bis.gov.in/wp-content/uploads/2021/12/Extension-order-in-the-date-of-enforcement-of-Quality-Control-Order-for-Indian-Standards-IS-1110-1990-and-IS-4409-1973.pdf | https://bis.gov.in/wp-content/uploads/2021/12/Extension-order-IS-14331.pdf | https://bis.gov.in/wp-content/uploads/2021/12/Extension-order-IS-13387.pdf | https://bis.gov.in/wp-content/uploads/2022/05/QCO-Extension-Order-26042022.pdf | https://bis.gov.in/wp-content/uploads/2022/11/Ministry-of-Steel-Order-for-extension-of-date-of-implementation-IS-1110-IS-4409.pdf | https://bis.gov.in/wp-content/uploads/2023/02/Extension-oreder-of-IS-4409.pdf | https://bis.gov.in/wp-content/uploads/2023/07/Extension-order-IS-4409-dt-25-07-2023.pdf | https://bis.gov.in/wp-content/uploads/2024/02/Steel-Steel-Product-QCO-2024.pdf | https://bis.gov.in/wp-content/uploads/2024/05/Ferrocnickel-Extension-Quality-Control-Order-2024.pdf | https://bis.gov.in/wp-content/uploads/2024/08/IS-4409-2023-Specification-for-Ferronickel.pdf | https://bis.gov.in/wp-content/uploads/2024/09/Steel-and-Steel-Products-QCO-2024.pdf | https://www.bis.gov.in/wp-content/uploads/2025/11/Steel-and-Steel-Products-Quality-Control-Amendment-Order-2025.pdf | https://www.bis.gov.in/wp-content/uploads/2026/06/Steel-and-Steel-Products-Quality-Control-Amendment-Order-2026-1.pdf,2026-09-03
Hard Drawn Steel Wire For Upholstery Springs,Steel and Iron Products,Scheme I (ISI Mark),IS 2589: 1975,,S.O. 756(E),,14-02-2020,,,https://bis.gov.in/wp-content/uploads/2020/03/Steel-QCO-14022020-1.pdf | https://bis.gov.in/wp-content/uploads/2020/06/Steel-QCO-2020-dated-27th-May-2020.pdf | https://bis.gov.in/wp-content/uploads/2020/07/Steel-QCO-dated-17-July-2020-with-corrigendum.pdf | https://bis.gov.in/wp-content/uploads/2020/07/Steel-QCO-extension-order.pdf | https://bis.gov.in/wp-content/uploads/2020/10/Order-of-Extension-in-the-date-of-enforcement-of-Quality-Control-Order.pdf | https://bis.gov.in/wp-content/uploads/2020/11/QCO-on-144-Steel-Steel-Products-1.pdf | https://bis.gov.in/wp-content/uploads/2021/01/145-QCO-Order.pdf | https://bis.gov.in/wp-content/uploads/2021/04/Order-of-extension-in-the-enforcement-date-for-Indian-Standards-covered-under-the-Quality-Control-Order-namely-IS-3748-IS-7291-and-IS-12146.pdf | https://bis.gov.in/wp-content/uploads/2021/04/Order-of-extension-in-the-enforcement-date-for-some-Indian-Standards-covered-under-the-Quality-Control-Order-namely-IS-4398-and-IS-3195.pdf | https://bis.gov.in/wp-content/uploads/2021/04/ORDERO1.pdf | https://bis.gov.in/wp-content/uploads/2021/06/Order-for-extension-in-date-of-enforcement-for-IS-1110-and-IS-4409.pdf | https://bis.gov.in/wp-content/uploads/2021/06/Order-of-Extension-in-date-of-enforcement-of-IS-4432-IS-5518-IS-12145-IS-13387-IS-4072-IS-13352-covered-under-Qulaity-Control-Order.pdf | https://bis.gov.in/wp-content/uploads/2021/06/Order-of-Extension-in-date-of-enforcement-of-IS-7226-and-IS-14331-covered-under-Qulaity-Control-Order.pdf | https://bis.gov.in/wp-content/uploads/2021/06/Order-of-Extension-in-date-of-enforcement-of-IS-6529-covered-under-Qulaity-Control-Order.pdf | https://bis.gov.in/wp-content/uploads/2021/06/Order-of-extension-in-the-enforcement-date-of-Quality-Control-Order-for-Tin-Plate-and-Tin-Free-Steel.pdf | https://bis.gov.in/wp-content/uploads/2021/08/Extension-in-the-date-of-enforcement-of-Quality-Control-Order-on-IS-3748-IS-7291-and-IS-12146.pdf | https://bis.gov.in/wp-content/uploads/2021/09/Order-of-extension-in-the-date-of-enforcement-of-Quality-Control-Order-for-Indian-Standards-IS-4454-Part-4-IS-11946-IS-11947.pdf | https://bis.gov.in/wp-content/uploads/2021/12/Extension-order-in-the-date-of-enforcement-of-Quality-Control-Order-for-Indian-Standards-IS-1110-1990-and-IS-4409-1973.pdf | https://bis.gov.in/wp-content/uploads/2021/12/Extension-order-IS-14331.pdf | https://bis.gov.in/wp-content/uploads/2021/12/Extension-order-IS-13387.pdf | https://bis.gov.in/wp-content/uploads/2022/05/QCO-Extension-Order-26042022.pdf | https://bis.gov.in/wp-content/uploads/2022/11/Ministry-of-Steel-Order-for-extension-of-date-of-implementation-IS-1110-IS-4409.pdf | https://bis.gov.in/wp-content/uploads/2023/02/Extension-oreder-of-IS-4409.pdf | https://bis.gov.in/wp-content/uploads/2023/07/Extension-order-IS-4409-dt-25-07-2023.pdf | https://bis.gov.in/wp-content/uploads/2024/02/Steel-Steel-Product-QCO-2024.pdf | https://bis.gov.in/wp-content/uploads/2024/05/Ferrocnickel-Extension-Quality-Control-Order-2024.pdf | https://bis.gov.in/wp-content/uploads/2024/08/IS-4409-2023-Specification-for-Ferronickel.pdf | https://bis.gov.in/wp-content/uploads/2024/09/Steel-and-Steel-Products-QCO-2024.pdf | https://www.bis.gov.in/wp-content/uploads/2025/11/Steel-and-Steel-Products-Quality-Control-Amendment-Order-2025.pdf | https://www.bis.gov.in/wp-content/uploads/2026/06/Steel-and-Steel-Products-Quality-Control-Amendment-Order-2026-1.pdf,2026-09-03
Mild Steel Rivet Bars For Ship Building,Steel and Iron Products,Scheme I (ISI Mark),IS 3298: 1981,,S.O. 756(E),,14-02-2020,,,https://bis.gov.in/wp-content/uploads/2020/03/Steel-QCO-14022020-1.pdf | https://bis.gov.in/wp-content/uploads/2020/06/Steel-QCO-2020-dated-27th-May-2020.pdf | https://bis.gov.in/wp-content/uploads/2020/07/Steel-QCO-dated-17-July-2020-with-corrigendum.pdf | https://bis.gov.in/wp-content/uploads/2020/07/Steel-QCO-extension-order.pdf | https://bis.gov.in/wp-content/uploads/2020/10/Order-of-Extension-in-the-date-of-enforcement-of-Quality-Control-Order.pdf | https://bis.gov.in/wp-content/uploads/2020/11/QCO-on-144-Steel-Steel-Products-1.pdf | https://bis.gov.in/wp-content/uploads/2021/01/145-QCO-Order.pdf | https://bis.gov.in/wp-content/uploads/2021/04/Order-of-extension-in-the-enforcement-date-for-Indian-Standards-covered-under-the-Quality-Control-Order-namely-IS-3748-IS-7291-and-IS-12146.pdf | https://bis.gov.in/wp-content/uploads/2021/04/Order-of-extension-in-the-enforcement-date-for-some-Indian-Standards-covered-under-the-Quality-Control-Order-namely-IS-4398-and-IS-3195.pdf | https://bis.gov.in/wp-content/uploads/2021/04/ORDERO1.pdf | https://bis.gov.in/wp-content/uploads/2021/06/Order-for-extension-in-date-of-enforcement-for-IS-1110-and-IS-4409.pdf | https://bis.gov.in/wp-content/uploads/2021/06/Order-of-Extension-in-date-of-enforcement-of-IS-4432-IS-5518-IS-12145-IS-13387-IS-4072-IS-13352-covered-under-Qulaity-Control-Order.pdf | https://bis.gov.in/wp-content/uploads/2021/06/Order-of-Extension-in-date-of-enforcement-of-IS-7226-and-IS-14331-covered-under-Qulaity-Control-Order.pdf | https://bis.gov.in/wp-content/uploads/2021/06/Order-of-Extension-in-date-of-enforcement-of-IS-6529-covered-under-Qulaity-Control-Order.pdf | https://bis.gov.in/wp-content/uploads/2021/06/Order-of-extension-in-the-enforcement-date-of-Quality-Control-Order-for-Tin-Plate-and-Tin-Free-Steel.pdf | https://bis.gov.in/wp-content/uploads/2021/08/Extension-in-the-date-of-enforcement-of-Quality-Control-Order-on-IS-3748-IS-7291-and-IS-12146.pdf | https://bis.gov.in/wp-content/uploads/2021/09/Order-of-extension-in-the-date-of-enforcement-of-Quality-Control-Order-for-Indian-Standards-IS-4454-Part-4-IS-11946-IS-11947.pdf | https://bis.gov.in/wp-content/uploads/2021/12/Extension-order-in-the-date-of-enforcement-of-Quality-Control-Order-for-Indian-Standards-IS-1110-1990-and-IS-4409-1973.pdf | https://bis.gov.in/wp-content/uploads/2021/12/Extension-order-IS-14331.pdf | https://bis.gov.in/wp-content/uploads/2021/12/Extension-order-IS-13387.pdf | https://bis.gov.in/wp-content/uploads/2022/05/QCO-Extension-Order-26042022.pdf | https://bis.gov.in/wp-content/uploads/2022/11/Ministry-of-Steel-Order-for-extension-of-date-of-implementation-IS-1110-IS-4409.pdf | https://bis.gov.in/wp-content/uploads/2023/02/Extension-oreder-of-IS-4409.pdf | https://bis.gov.in/wp-content/uploads/2023/07/Extension-order-IS-4409-dt-25-07-2023.pdf | https://bis.gov.in/wp-content/uploads/2024/02/Steel-Steel-Product-QCO-2024.pdf | https://bis.gov.in/wp-content/uploads/2024/05/Ferrocnickel-Extension-Quality-Control-Order-2024.pdf | https://bis.gov.in/wp-content/uploads/2024/08/IS-4409-2023-Specification-for-Ferronickel.pdf | https://bis.gov.in/wp-content/uploads/2024/09/Steel-and-Steel-Products-QCO-2024.pdf | https://www.bis.gov.in/wp-content/uploads/2025/11/Steel-and-Steel-Products-Quality-Control-Amendment-Order-2025.pdf | https://www.bis.gov.in/wp-content/uploads/2026/06/Steel-and-Steel-Products-Quality-Control-Amendment-Order-2026-1.pdf,2026-09-03
Steel For Spring Washers,Steel and Iron Products,Scheme I (ISI Mark),IS 4072: 1975,,S.O. 756(E),,14-02-2020,,,https://bis.gov.in/wp-content/uploads/2020/03/Steel-QCO-14022020-1.pdf | https://bis.gov.in/wp-content/uploads/2020/06/Steel-QCO-2020-dated-27th-May-2020.pdf | https://bis.gov.in/wp-content/uploads/2020/07/Steel-QCO-dated-17-July-2020-with-corrigendum.pdf | https://bis.gov.in/wp-content/uploads/2020/07/Steel-QCO-extension-order.pdf | https://bis.gov.in/wp-content/uploads/2020/10/Order-of-Extension-in-the-date-of-enforcement-of-Quality-Control-Order.pdf | https://bis.gov.in/wp-content/uploads/2020/11/QCO-on-144-Steel-Steel-Products-1.pdf | https://bis.gov.in/wp-content/uploads/2021/01/145-QCO-Order.pdf | https://bis.gov.in/wp-content/uploads/2021/04/Order-of-extension-in-the-enforcement-date-for-Indian-Standards-covered-under-the-Quality-Control-Order-namely-IS-3748-IS-7291-and-IS-12146.pdf | https://bis.gov.in/wp-content/uploads/2021/04/Order-of-extension-in-the-enforcement-date-for-some-Indian-Standards-covered-under-the-Quality-Control-Order-namely-IS-4398-and-IS-3195.pdf | https://bis.gov.in/wp-content/uploads/2021/04/ORDERO1.pdf | https://bis.gov.in/wp-content/uploads/2021/06/Order-for-extension-in-date-of-enforcement-for-IS-1110-and-IS-4409.pdf | https://bis.gov.in/wp-content/uploads/2021/06/Order-of-Extension-in-date-of-enforcement-of-IS-4432-IS-5518-IS-12145-IS-13387-IS-4072-IS-13352-covered-under-Qulaity-Control-Order.pdf | https://bis.gov.in/wp-content/uploads/2021/06/Order-of-Extension-in-date-of-enforcement-of-IS-7226-and-IS-14331-covered-under-Qulaity-Control-Order.pdf | https://bis.gov.in/wp-content/uploads/2021/06/Order-of-Extension-in-date-of-enforcement-of-IS-6529-covered-under-Qulaity-Control-Order.pdf | https://bis.gov.in/wp-content/uploads/2021/06/Order-of-extension-in-the-enforcement-date-of-Quality-Control-Order-for-Tin-Plate-and-Tin-Free-Steel.pdf | https://bis.gov.in/wp-content/uploads/2021/08/Extension-in-the-date-of-enforcement-of-Quality-Control-Order-on-IS-3748-IS-7291-and-IS-12146.pdf | https://bis.gov.in/wp-content/uploads/2021/09/Order-of-extension-in-the-date-of-enforcement-of-Quality-Control-Order-for-Indian-Standards-IS-4454-Part-4-IS-11946-IS-11947.pdf | https://bis.gov.in/wp-content/uploads/2021/12/Extension-order-in-the-date-of-enforcement-of-Quality-Control-Order-for-Indian-Standards-IS-1110-1990-and-IS-4409-1973.pdf | https://bis.gov.in/wp-content/uploads/2021/12/Extension-order-IS-14331.pdf | https://bis.gov.in/wp-content/uploads/2021/12/Extension-order-IS-13387.pdf | https://bis.gov.in/wp-content/uploads/2022/05/QCO-Extension-Order-26042022.pdf | https://bis.gov.in/wp-content/uploads/2022/11/Ministry-of-Steel-Order-for-extension-of-date-of-implementation-IS-1110-IS-4409.pdf | https://bis.gov.in/wp-content/uploads/2023/02/Extension-oreder-of-IS-4409.pdf | https://bis.gov.in/wp-content/uploads/2023/07/Extension-order-IS-4409-dt-25-07-2023.pdf | https://bis.gov.in/wp-content/uploads/2024/02/Steel-Steel-Product-QCO-2024.pdf | https://bis.gov.in/wp-content/uploads/2024/05/Ferrocnickel-Extension-Quality-Control-Order-2024.pdf | https://bis.gov.in/wp-content/uploads/2024/08/IS-4409-2023-Specification-for-Ferronickel.pdf | https://bis.gov.in/wp-content/uploads/2024/09/Steel-and-Steel-Products-QCO-2024.pdf | https://www.bis.gov.in/wp-content/uploads/2025/11/Steel-and-Steel-Products-Quality-Control-Amendment-Order-2025.pdf | https://www.bis.gov.in/wp-content/uploads/2026/06/Steel-and-Steel-Products-Quality-Control-Amendment-Order-2026-1.pdf,2026-09-03
Steel Wire For Banding Of Armatures And Rotors  Part II Specific Requirements  for magnetic banding wires,Steel and Iron Products,Scheme I (ISI Mark),IS 8510 (Part II): 1977,,S.O. 756(E),,14-02-2020,,,https://bis.gov.in/wp-content/uploads/2020/03/Steel-QCO-14022020-1.pdf | https://bis.gov.in/wp-content/uploads/2020/06/Steel-QCO-2020-dated-27th-May-2020.pdf | https://bis.gov.in/wp-content/uploads/2020/07/Steel-QCO-dated-17-July-2020-with-corrigendum.pdf | https://bis.gov.in/wp-content/uploads/2020/07/Steel-QCO-extension-order.pdf | https://bis.gov.in/wp-content/uploads/2020/10/Order-of-Extension-in-the-date-of-enforcement-of-Quality-Control-Order.pdf | https://bis.gov.in/wp-content/uploads/2020/11/QCO-on-144-Steel-Steel-Products-1.pdf | https://bis.gov.in/wp-content/uploads/2021/01/145-QCO-Order.pdf | https://bis.gov.in/wp-content/uploads/2021/04/Order-of-extension-in-the-enforcement-date-for-Indian-Standards-covered-under-the-Quality-Control-Order-namely-IS-3748-IS-7291-and-IS-12146.pdf | https://bis.gov.in/wp-content/uploads/2021/04/Order-of-extension-in-the-enforcement-date-for-some-Indian-Standards-covered-under-the-Quality-Control-Order-namely-IS-4398-and-IS-3195.pdf | https://bis.gov.in/wp-content/uploads/2021/04/ORDERO1.pdf | https://bis.gov.in/wp-content/uploads/2021/06/Order-for-extension-in-date-of-enforcement-for-IS-1110-and-IS-4409.pdf | https://bis.gov.in/wp-content/uploads/2021/06/Order-of-Extension-in-date-of-enforcement-of-IS-4432-IS-5518-IS-12145-IS-13387-IS-4072-IS-13352-covered-under-Qulaity-Control-Order.pdf | https://bis.gov.in/wp-content/uploads/2021/06/Order-of-Extension-in-date-of-enforcement-of-IS-7226-and-IS-14331-covered-under-Qulaity-Control-Order.pdf | https://bis.gov.in/wp-content/uploads/2021/06/Order-of-Extension-in-date-of-enforcement-of-IS-6529-covered-under-Qulaity-Control-Order.pdf | https://bis.gov.in/wp-content/uploads/2021/06/Order-of-extension-in-the-enforcement-date-of-Quality-Control-Order-for-Tin-Plate-and-Tin-Free-Steel.pdf | https://bis.gov.in/wp-content/uploads/2021/08/Extension-in-the-date-of-enforcement-of-Quality-Control-Order-on-IS-3748-IS-7291-and-IS-12146.pdf | https://bis.gov.in/wp-content/uploads/2021/09/Order-of-extension-in-the-date-of-enforcement-of-Quality-Control-Order-for-Indian-Standards-IS-4454-Part-4-IS-11946-IS-11947.pdf | https://bis.gov.in/wp-content/uploads/2021/12/Extension-order-in-the-date-of-enforcement-of-Quality-Control-Order-for-Indian-Standards-IS-1110-1990-and-IS-4409-1973.pdf | https://bis.gov.in/wp-content/uploads/2021/12/Extension-order-IS-14331.pdf | https://bis.gov.in/wp-content/uploads/2021/12/Extension-order-IS-13387.pdf | https://bis.gov.in/wp-content/uploads/2022/05/QCO-Extension-Order-26042022.pdf | https://bis.gov.in/wp-content/uploads/2022/11/Ministry-of-Steel-Order-for-extension-of-date-of-implementation-IS-1110-IS-4409.pdf | https://bis.gov.in/wp-content/uploads/2023/02/Extension-oreder-of-IS-4409.pdf | https://bis.gov.in/wp-content/uploads/2023/07/Extension-order-IS-4409-dt-25-07-2023.pdf | https://bis.gov.in/wp-content/uploads/2024/02/Steel-Steel-Product-QCO-2024.pdf | https://bis.gov.in/wp-content/uploads/2024/05/Ferrocnickel-Extension-Quality-Control-Order-2024.pdf | https://bis.gov.in/wp-content/uploads/2024/08/IS-4409-2023-Specification-for-Ferronickel.pdf | https://bis.gov.in/wp-content/uploads/2024/09/Steel-and-Steel-Products-QCO-2024.pdf | https://www.bis.gov.in/wp-content/uploads/2025/11/Steel-and-Steel-Products-Quality-Control-Amendment-Order-2025.pdf | https://www.bis.gov.in/wp-content/uploads/2026/06/Steel-and-Steel-Products-Quality-Control-Amendment-Order-2026-1.pdf,2026-09-03
Tinned Steel Wire For Banding Of Armatures And Rotors  Part III Specific Requirements  for non-magnetic banding wires,Steel and Iron Products,Scheme I (ISI Mark),IS 8510 (PartIII): 1977,,S.O. 756(E),,14-02-2020,,,https://bis.gov.in/wp-content/uploads/2020/03/Steel-QCO-14022020-1.pdf | https://bis.gov.in/wp-content/uploads/2020/06/Steel-QCO-2020-dated-27th-May-2020.pdf | https://bis.gov.in/wp-content/uploads/2020/07/Steel-QCO-dated-17-July-2020-with-corrigendum.pdf | https://bis.gov.in/wp-content/uploads/2020/07/Steel-QCO-extension-order.pdf | https://bis.gov.in/wp-content/uploads/2020/10/Order-of-Extension-in-the-date-of-enforcement-of-Quality-Control-Order.pdf | https://bis.gov.in/wp-content/uploads/2020/11/QCO-on-144-Steel-Steel-Products-1.pdf | https://bis.gov.in/wp-content/uploads/2021/01/145-QCO-Order.pdf | https://bis.gov.in/wp-content/uploads/2021/04/Order-of-extension-in-the-enforcement-date-for-Indian-Standards-covered-under-the-Quality-Control-Order-namely-IS-3748-IS-7291-and-IS-12146.pdf | https://bis.gov.in/wp-content/uploads/2021/04/Order-of-extension-in-the-enforcement-date-for-some-Indian-Standards-covered-under-the-Quality-Control-Order-namely-IS-4398-and-IS-3195.pdf | https://bis.gov.in/wp-content/uploads/2021/04/ORDERO1.pdf | https://bis.gov.in/wp-content/uploads/2021/06/Order-for-extension-in-date-of-enforcement-for-IS-1110-and-IS-4409.pdf | https://bis.gov.in/wp-content/uploads/2021/06/Order-of-Extension-in-date-of-enforcement-of-IS-4432-IS-5518-IS-12145-IS-13387-IS-4072-IS-13352-covered-under-Qulaity-Control-Order.pdf | https://bis.gov.in/wp-content/uploads/2021/06/Order-of-Extension-in-date-of-enforcement-of-IS-7226-and-IS-14331-covered-under-Qulaity-Control-Order.pdf | https://bis.gov.in/wp-content/uploads/2021/06/Order-of-Extension-in-date-of-enforcement-of-IS-6529-covered-under-Qulaity-Control-Order.pdf | https://bis.gov.in/wp-content/uploads/2021/06/Order-of-extension-in-the-enforcement-date-of-Quality-Control-Order-for-Tin-Plate-and-Tin-Free-Steel.pdf | https://bis.gov.in/wp-content/uploads/2021/08/Extension-in-the-date-of-enforcement-of-Quality-Control-Order-on-IS-3748-IS-7291-and-IS-12146.pdf | https://bis.gov.in/wp-content/uploads/2021/09/Order-of-extension-in-the-date-of-enforcement-of-Quality-Control-Order-for-Indian-Standards-IS-4454-Part-4-IS-11946-IS-11947.pdf | https://bis.gov.in/wp-content/uploads/2021/12/Extension-order-in-the-date-of-enforcement-of-Quality-Control-Order-for-Indian-Standards-IS-1110-1990-and-IS-4409-1973.pdf | https://bis.gov.in/wp-content/uploads/2021/12/Extension-order-IS-14331.pdf | https://bis.gov.in/wp-content/uploads/2021/12/Extension-order-IS-13387.pdf | https://bis.gov.in/wp-content/uploads/2022/05/QCO-Extension-Order-26042022.pdf | https://bis.gov.in/wp-content/uploads/2022/11/Ministry-of-Steel-Order-for-extension-of-date-of-implementation-IS-1110-IS-4409.pdf | https://bis.gov.in/wp-content/uploads/2023/02/Extension-oreder-of-IS-4409.pdf | https://bis.gov.in/wp-content/uploads/2023/07/Extension-order-IS-4409-dt-25-07-2023.pdf | https://bis.gov.in/wp-content/uploads/2024/02/Steel-Steel-Product-QCO-2024.pdf | https://bis.gov.in/wp-content/uploads/2024/05/Ferrocnickel-Extension-Quality-Control-Order-2024.pdf | https://bis.gov.in/wp-content/uploads/2024/08/IS-4409-2023-Specification-for-Ferronickel.pdf | https://bis.gov.in/wp-content/uploads/2024/09/Steel-and-Steel-Products-QCO-2024.pdf | https://www.bis.gov.in/wp-content/uploads/2025/11/Steel-and-Steel-Products-Quality-Control-Amendment-Order-2025.pdf | https://www.bis.gov.in/wp-content/uploads/2026/06/Steel-and-Steel-Products-Quality-Control-Amendment-Order-2026-1.pdf,2026-09-03
Half Round Mild Steel Wire For The Manufacture of Split Pins,Steel and Iron Products,Scheme I (ISI Mark),IS 8563: 1977,,S.O. 756(E),,14-02-2020,,,https://bis.gov.in/wp-content/uploads/2020/03/Steel-QCO-14022020-1.pdf | https://bis.gov.in/wp-content/uploads/2020/06/Steel-QCO-2020-dated-27th-May-2020.pdf | https://bis.gov.in/wp-content/uploads/2020/07/Steel-QCO-dated-17-July-2020-with-corrigendum.pdf | https://bis.gov.in/wp-content/uploads/2020/07/Steel-QCO-extension-order.pdf | https://bis.gov.in/wp-content/uploads/2020/10/Order-of-Extension-in-the-date-of-enforcement-of-Quality-Control-Order.pdf | https://bis.gov.in/wp-content/uploads/2020/11/QCO-on-144-Steel-Steel-Products-1.pdf | https://bis.gov.in/wp-content/uploads/2021/01/145-QCO-Order.pdf | https://bis.gov.in/wp-content/uploads/2021/04/Order-of-extension-in-the-enforcement-date-for-Indian-Standards-covered-under-the-Quality-Control-Order-namely-IS-3748-IS-7291-and-IS-12146.pdf | https://bis.gov.in/wp-content/uploads/2021/04/Order-of-extension-in-the-enforcement-date-for-some-Indian-Standards-covered-under-the-Quality-Control-Order-namely-IS-4398-and-IS-3195.pdf | https://bis.gov.in/wp-content/uploads/2021/04/ORDERO1.pdf | https://bis.gov.in/wp-content/uploads/2021/06/Order-for-extension-in-date-of-enforcement-for-IS-1110-and-IS-4409.pdf | https://bis.gov.in/wp-content/uploads/2021/06/Order-of-Extension-in-date-of-enforcement-of-IS-4432-IS-5518-IS-12145-IS-13387-IS-4072-IS-13352-covered-under-Qulaity-Control-Order.pdf | https://bis.gov.in/wp-content/uploads/2021/06/Order-of-Extension-in-date-of-enforcement-of-IS-7226-and-IS-14331-covered-under-Qulaity-Control-Order.pdf | https://bis.gov.in/wp-content/uploads/2021/06/Order-of-Extension-in-date-of-enforcement-of-IS-6529-covered-under-Qulaity-Control-Order.pdf | https://bis.gov.in/wp-content/uploads/2021/06/Order-of-extension-in-the-enforcement-date-of-Quality-Control-Order-for-Tin-Plate-and-Tin-Free-Steel.pdf | https://bis.gov.in/wp-content/uploads/2021/08/Extension-in-the-date-of-enforcement-of-Quality-Control-Order-on-IS-3748-IS-7291-and-IS-12146.pdf | https://bis.gov.in/wp-content/uploads/2021/09/Order-of-extension-in-the-date-of-enforcement-of-Quality-Control-Order-for-Indian-Standards-IS-4454-Part-4-IS-11946-IS-11947.pdf | https://bis.gov.in/wp-content/uploads/2021/12/Extension-order-in-the-date-of-enforcement-of-Quality-Control-Order-for-Indian-Standards-IS-1110-1990-and-IS-4409-1973.pdf | https://bis.gov.in/wp-content/uploads/2021/12/Extension-order-IS-14331.pdf | https://bis.gov.in/wp-content/uploads/2021/12/Extension-order-IS-13387.pdf | https://bis.gov.in/wp-content/uploads/2022/05/QCO-Extension-Order-26042022.pdf | https://bis.gov.in/wp-content/uploads/2022/11/Ministry-of-Steel-Order-for-extension-of-date-of-implementation-IS-1110-IS-4409.pdf | https://bis.gov.in/wp-content/uploads/2023/02/Extension-oreder-of-IS-4409.pdf | https://bis.gov.in/wp-content/uploads/2023/07/Extension-order-IS-4409-dt-25-07-2023.pdf | https://bis.gov.in/wp-content/uploads/2024/02/Steel-Steel-Product-QCO-2024.pdf | https://bis.gov.in/wp-content/uploads/2024/05/Ferrocnickel-Extension-Quality-Control-Order-2024.pdf | https://bis.gov.in/wp-content/uploads/2024/08/IS-4409-2023-Specification-for-Ferronickel.pdf | https://bis.gov.in/wp-content/uploads/2024/09/Steel-and-Steel-Products-QCO-2024.pdf | https://www.bis.gov.in/wp-content/uploads/2025/11/Steel-and-Steel-Products-Quality-Control-Amendment-Order-2025.pdf | https://www.bis.gov.in/wp-content/uploads/2026/06/Steel-and-Steel-Products-Quality-Control-Amendment-Order-2026-1.pdf,2026-09-03
Steel Wire For Nipples For Spokes,Steel and Iron Products,Scheme I (ISI Mark),IS 8564: 1977,,S.O. 756(E),,14-02-2020,,,https://bis.gov.in/wp-content/uploads/2020/03/Steel-QCO-14022020-1.pdf | https://bis.gov.in/wp-content/uploads/2020/06/Steel-QCO-2020-dated-27th-May-2020.pdf | https://bis.gov.in/wp-content/uploads/2020/07/Steel-QCO-dated-17-July-2020-with-corrigendum.pdf | https://bis.gov.in/wp-content/uploads/2020/07/Steel-QCO-extension-order.pdf | https://bis.gov.in/wp-content/uploads/2020/10/Order-of-Extension-in-the-date-of-enforcement-of-Quality-Control-Order.pdf | https://bis.gov.in/wp-content/uploads/2020/11/QCO-on-144-Steel-Steel-Products-1.pdf | https://bis.gov.in/wp-content/uploads/2021/01/145-QCO-Order.pdf | https://bis.gov.in/wp-content/uploads/2021/04/Order-of-extension-in-the-enforcement-date-for-Indian-Standards-covered-under-the-Quality-Control-Order-namely-IS-3748-IS-7291-and-IS-12146.pdf | https://bis.gov.in/wp-content/uploads/2021/04/Order-of-extension-in-the-enforcement-date-for-some-Indian-Standards-covered-under-the-Quality-Control-Order-namely-IS-4398-and-IS-3195.pdf | https://bis.gov.in/wp-content/uploads/2021/04/ORDERO1.pdf | https://bis.gov.in/wp-content/uploads/2021/06/Order-for-extension-in-date-of-enforcement-for-IS-1110-and-IS-4409.pdf | https://bis.gov.in/wp-content/uploads/2021/06/Order-of-Extension-in-date-of-enforcement-of-IS-4432-IS-5518-IS-12145-IS-13387-IS-4072-IS-13352-covered-under-Qulaity-Control-Order.pdf | https://bis.gov.in/wp-content/uploads/2021/06/Order-of-Extension-in-date-of-enforcement-of-IS-7226-and-IS-14331-covered-under-Qulaity-Control-Order.pdf | https://bis.gov.in/wp-content/uploads/2021/06/Order-of-Extension-in-date-of-enforcement-of-IS-6529-covered-under-Qulaity-Control-Order.pdf | https://bis.gov.in/wp-content/uploads/2021/06/Order-of-extension-in-the-enforcement-date-of-Quality-Control-Order-for-Tin-Plate-and-Tin-Free-Steel.pdf | https://bis.gov.in/wp-content/uploads/2021/08/Extension-in-the-date-of-enforcement-of-Quality-Control-Order-on-IS-3748-IS-7291-and-IS-12146.pdf | https://bis.gov.in/wp-content/uploads/2021/09/Order-of-extension-in-the-date-of-enforcement-of-Quality-Control-Order-for-Indian-Standards-IS-4454-Part-4-IS-11946-IS-11947.pdf | https://bis.gov.in/wp-content/uploads/2021/12/Extension-order-in-the-date-of-enforcement-of-Quality-Control-Order-for-Indian-Standards-IS-1110-1990-and-IS-4409-1973.pdf | https://bis.gov.in/wp-content/uploads/2021/12/Extension-order-IS-14331.pdf | https://bis.gov.in/wp-content/uploads/2021/12/Extension-order-IS-13387.pdf | https://bis.gov.in/wp-content/uploads/2022/05/QCO-Extension-Order-26042022.pdf | https://bis.gov.in/wp-content/uploads/2022/11/Ministry-of-Steel-Order-for-extension-of-date-of-implementation-IS-1110-IS-4409.pdf | https://bis.gov.in/wp-content/uploads/2023/02/Extension-oreder-of-IS-4409.pdf | https://bis.gov.in/wp-content/uploads/2023/07/Extension-order-IS-4409-dt-25-07-2023.pdf | https://bis.gov.in/wp-content/uploads/2024/02/Steel-Steel-Product-QCO-2024.pdf | https://bis.gov.in/wp-content/uploads/2024/05/Ferrocnickel-Extension-Quality-Control-Order-2024.pdf | https://bis.gov.in/wp-content/uploads/2024/08/IS-4409-2023-Specification-for-Ferronickel.pdf | https://bis.gov.in/wp-content/uploads/2024/09/Steel-and-Steel-Products-QCO-2024.pdf | https://www.bis.gov.in/wp-content/uploads/2025/11/Steel-and-Steel-Products-Quality-Control-Amendment-Order-2025.pdf | https://www.bis.gov.in/wp-content/uploads/2026/06/Steel-and-Steel-Products-Quality-Control-Amendment-Order-2026-1.pdf,2026-09-03
Heald Wire,Steel and Iron Products,Scheme I (ISI Mark),IS 8565: 1977,,S.O. 756(E),,14-02-2020,,,https://bis.gov.in/wp-content/uploads/2020/03/Steel-QCO-14022020-1.pdf | https://bis.gov.in/wp-content/uploads/2020/06/Steel-QCO-2020-dated-27th-May-2020.pdf | https://bis.gov.in/wp-content/uploads/2020/07/Steel-QCO-dated-17-July-2020-with-corrigendum.pdf | https://bis.gov.in/wp-content/uploads/2020/07/Steel-QCO-extension-order.pdf | https://bis.gov.in/wp-content/uploads/2020/10/Order-of-Extension-in-the-date-of-enforcement-of-Quality-Control-Order.pdf | https://bis.gov.in/wp-content/uploads/2020/11/QCO-on-144-Steel-Steel-Products-1.pdf | https://bis.gov.in/wp-content/uploads/2021/01/145-QCO-Order.pdf | https://bis.gov.in/wp-content/uploads/2021/04/Order-of-extension-in-the-enforcement-date-for-Indian-Standards-covered-under-the-Quality-Control-Order-namely-IS-3748-IS-7291-and-IS-12146.pdf | https://bis.gov.in/wp-content/uploads/2021/04/Order-of-extension-in-the-enforcement-date-for-some-Indian-Standards-covered-under-the-Quality-Control-Order-namely-IS-4398-and-IS-3195.pdf | https://bis.gov.in/wp-content/uploads/2021/04/ORDERO1.pdf | https://bis.gov.in/wp-content/uploads/2021/06/Order-for-extension-in-date-of-enforcement-for-IS-1110-and-IS-4409.pdf | https://bis.gov.in/wp-content/uploads/2021/06/Order-of-Extension-in-date-of-enforcement-of-IS-4432-IS-5518-IS-12145-IS-13387-IS-4072-IS-13352-covered-under-Qulaity-Control-Order.pdf | https://bis.gov.in/wp-content/uploads/2021/06/Order-of-Extension-in-date-of-enforcement-of-IS-7226-and-IS-14331-covered-under-Qulaity-Control-Order.pdf | https://bis.gov.in/wp-content/uploads/2021/06/Order-of-Extension-in-date-of-enforcement-of-IS-6529-covered-under-Qulaity-Control-Order.pdf | https://bis.gov.in/wp-content/uploads/2021/06/Order-of-extension-in-the-enforcement-date-of-Quality-Control-Order-for-Tin-Plate-and-Tin-Free-Steel.pdf | https://bis.gov.in/wp-content/uploads/2021/08/Extension-in-the-date-of-enforcement-of-Quality-Control-Order-on-IS-3748-IS-7291-and-IS-12146.pdf | https://bis.gov.in/wp-content/uploads/2021/09/Order-of-extension-in-the-date-of-enforcement-of-Quality-Control-Order-for-Indian-Standards-IS-4454-Part-4-IS-11946-IS-11947.pdf | https://bis.gov.in/wp-content/uploads/2021/12/Extension-order-in-the-date-of-enforcement-of-Quality-Control-Order-for-Indian-Standards-IS-1110-1990-and-IS-4409-1973.pdf | https://bis.gov.in/wp-content/uploads/2021/12/Extension-order-IS-14331.pdf | https://bis.gov.in/wp-content/uploads/2021/12/Extension-order-IS-13387.pdf | https://bis.gov.in/wp-content/uploads/2022/05/QCO-Extension-Order-26042022.pdf | https://bis.gov.in/wp-content/uploads/2022/11/Ministry-of-Steel-Order-for-extension-of-date-of-implementation-IS-1110-IS-4409.pdf | https://bis.gov.in/wp-content/uploads/2023/02/Extension-oreder-of-IS-4409.pdf | https://bis.gov.in/wp-content/uploads/2023/07/Extension-order-IS-4409-dt-25-07-2023.pdf | https://bis.gov.in/wp-content/uploads/2024/02/Steel-Steel-Product-QCO-2024.pdf | https://bis.gov.in/wp-content/uploads/2024/05/Ferrocnickel-Extension-Quality-Control-Order-2024.pdf | https://bis.gov.in/wp-content/uploads/2024/08/IS-4409-2023-Specification-for-Ferronickel.pdf | https://bis.gov.in/wp-content/uploads/2024/09/Steel-and-Steel-Products-QCO-2024.pdf | https://www.bis.gov.in/wp-content/uploads/2025/11/Steel-and-Steel-Products-Quality-Control-Amendment-Order-2025.pdf | https://www.bis.gov.in/wp-content/uploads/2026/06/Steel-and-Steel-Products-Quality-Control-Amendment-Order-2026-1.pdf,2026-09-03
Steel Wire For Reeds,Steel and Iron Products,Scheme I (ISI Mark),IS 8566: 1977,,S.O. 756(E),,14-02-2020,,,https://bis.gov.in/wp-content/uploads/2020/03/Steel-QCO-14022020-1.pdf | https://bis.gov.in/wp-content/uploads/2020/06/Steel-QCO-2020-dated-27th-May-2020.pdf | https://bis.gov.in/wp-content/uploads/2020/07/Steel-QCO-dated-17-July-2020-with-corrigendum.pdf | https://bis.gov.in/wp-content/uploads/2020/07/Steel-QCO-extension-order.pdf | https://bis.gov.in/wp-content/uploads/2020/10/Order-of-Extension-in-the-date-of-enforcement-of-Quality-Control-Order.pdf | https://bis.gov.in/wp-content/uploads/2020/11/QCO-on-144-Steel-Steel-Products-1.pdf | https://bis.gov.in/wp-content/uploads/2021/01/145-QCO-Order.pdf | https://bis.gov.in/wp-content/uploads/2021/04/Order-of-extension-in-the-enforcement-date-for-Indian-Standards-covered-under-the-Quality-Control-Order-namely-IS-3748-IS-7291-and-IS-12146.pdf | https://bis.gov.in/wp-content/uploads/2021/04/Order-of-extension-in-the-enforcement-date-for-some-Indian-Standards-covered-under-the-Quality-Control-Order-namely-IS-4398-and-IS-3195.pdf | https://bis.gov.in/wp-content/uploads/2021/04/ORDERO1.pdf | https://bis.gov.in/wp-content/uploads/2021/06/Order-for-extension-in-date-of-enforcement-for-IS-1110-and-IS-4409.pdf | https://bis.gov.in/wp-content/uploads/2021/06/Order-of-Extension-in-date-of-enforcement-of-IS-4432-IS-5518-IS-12145-IS-13387-IS-4072-IS-13352-covered-under-Qulaity-Control-Order.pdf | https://bis.gov.in/wp-content/uploads/2021/06/Order-of-Extension-in-date-of-enforcement-of-IS-7226-and-IS-14331-covered-under-Qulaity-Control-Order.pdf | https://bis.gov.in/wp-content/uploads/2021/06/Order-of-Extension-in-date-of-enforcement-of-IS-6529-covered-under-Qulaity-Control-Order.pdf | https://bis.gov.in/wp-content/uploads/2021/06/Order-of-extension-in-the-enforcement-date-of-Quality-Control-Order-for-Tin-Plate-and-Tin-Free-Steel.pdf | https://bis.gov.in/wp-content/uploads/2021/08/Extension-in-the-date-of-enforcement-of-Quality-Control-Order-on-IS-3748-IS-7291-and-IS-12146.pdf | https://bis.gov.in/wp-content/uploads/2021/09/Order-of-extension-in-the-date-of-enforcement-of-Quality-Control-Order-for-Indian-Standards-IS-4454-Part-4-IS-11946-IS-11947.pdf | https://bis.gov.in/wp-content/uploads/2021/12/Extension-order-in-the-date-of-enforcement-of-Quality-Control-Order-for-Indian-Standards-IS-1110-1990-and-IS-4409-1973.pdf | https://bis.gov.in/wp-content/uploads/2021/12/Extension-order-IS-14331.pdf | https://bis.gov.in/wp-content/uploads/2021/12/Extension-order-IS-13387.pdf | https://bis.gov.in/wp-content/uploads/2022/05/QCO-Extension-Order-26042022.pdf | https://bis.gov.in/wp-content/uploads/2022/11/Ministry-of-Steel-Order-for-extension-of-date-of-implementation-IS-1110-IS-4409.pdf | https://bis.gov.in/wp-content/uploads/2023/02/Extension-oreder-of-IS-4409.pdf | https://bis.gov.in/wp-content/uploads/2023/07/Extension-order-IS-4409-dt-25-07-2023.pdf | https://bis.gov.in/wp-content/uploads/2024/02/Steel-Steel-Product-QCO-2024.pdf | https://bis.gov.in/wp-content/uploads/2024/05/Ferrocnickel-Extension-Quality-Control-Order-2024.pdf | https://bis.gov.in/wp-content/uploads/2024/08/IS-4409-2023-Specification-for-Ferronickel.pdf | https://bis.gov.in/wp-content/uploads/2024/09/Steel-and-Steel-Products-QCO-2024.pdf | https://www.bis.gov.in/wp-content/uploads/2025/11/Steel-and-Steel-Products-Quality-Control-Amendment-Order-2025.pdf | https://www.bis.gov.in/wp-content/uploads/2026/06/Steel-and-Steel-Products-Quality-Control-Amendment-Order-2026-1.pdf,2026-09-03
Plates For Galvanizing Pots,Steel and Iron Products,Scheme I (ISI Mark),IS 8917: 1978,,S.O. 756(E),,14-02-2020,,,https://bis.gov.in/wp-content/uploads/2020/03/Steel-QCO-14022020-1.pdf | https://bis.gov.in/wp-content/uploads/2020/06/Steel-QCO-2020-dated-27th-May-2020.pdf | https://bis.gov.in/wp-content/uploads/2020/07/Steel-QCO-dated-17-July-2020-with-corrigendum.pdf | https://bis.gov.in/wp-content/uploads/2020/07/Steel-QCO-extension-order.pdf | https://bis.gov.in/wp-content/uploads/2020/10/Order-of-Extension-in-the-date-of-enforcement-of-Quality-Control-Order.pdf | https://bis.gov.in/wp-content/uploads/2020/11/QCO-on-144-Steel-Steel-Products-1.pdf | https://bis.gov.in/wp-content/uploads/2021/01/145-QCO-Order.pdf | https://bis.gov.in/wp-content/uploads/2021/04/Order-of-extension-in-the-enforcement-date-for-Indian-Standards-covered-under-the-Quality-Control-Order-namely-IS-3748-IS-7291-and-IS-12146.pdf | https://bis.gov.in/wp-content/uploads/2021/04/Order-of-extension-in-the-enforcement-date-for-some-Indian-Standards-covered-under-the-Quality-Control-Order-namely-IS-4398-and-IS-3195.pdf | https://bis.gov.in/wp-content/uploads/2021/04/ORDERO1.pdf | https://bis.gov.in/wp-content/uploads/2021/06/Order-for-extension-in-date-of-enforcement-for-IS-1110-and-IS-4409.pdf | https://bis.gov.in/wp-content/uploads/2021/06/Order-of-Extension-in-date-of-enforcement-of-IS-4432-IS-5518-IS-12145-IS-13387-IS-4072-IS-13352-covered-under-Qulaity-Control-Order.pdf | https://bis.gov.in/wp-content/uploads/2021/06/Order-of-Extension-in-date-of-enforcement-of-IS-7226-and-IS-14331-covered-under-Qulaity-Control-Order.pdf | https://bis.gov.in/wp-content/uploads/2021/06/Order-of-Extension-in-date-of-enforcement-of-IS-6529-covered-under-Qulaity-Control-Order.pdf | https://bis.gov.in/wp-content/uploads/2021/06/Order-of-extension-in-the-enforcement-date-of-Quality-Control-Order-for-Tin-Plate-and-Tin-Free-Steel.pdf | https://bis.gov.in/wp-content/uploads/2021/08/Extension-in-the-date-of-enforcement-of-Quality-Control-Order-on-IS-3748-IS-7291-and-IS-12146.pdf | https://bis.gov.in/wp-content/uploads/2021/09/Order-of-extension-in-the-date-of-enforcement-of-Quality-Control-Order-for-Indian-Standards-IS-4454-Part-4-IS-11946-IS-11947.pdf | https://bis.gov.in/wp-content/uploads/2021/12/Extension-order-in-the-date-of-enforcement-of-Quality-Control-Order-for-Indian-Standards-IS-1110-1990-and-IS-4409-1973.pdf | https://bis.gov.in/wp-content/uploads/2021/12/Extension-order-IS-14331.pdf | https://bis.gov.in/wp-content/uploads/2021/12/Extension-order-IS-13387.pdf | https://bis.gov.in/wp-content/uploads/2022/05/QCO-Extension-Order-26042022.pdf | https://bis.gov.in/wp-content/uploads/2022/11/Ministry-of-Steel-Order-for-extension-of-date-of-implementation-IS-1110-IS-4409.pdf | https://bis.gov.in/wp-content/uploads/2023/02/Extension-oreder-of-IS-4409.pdf | https://bis.gov.in/wp-content/uploads/2023/07/Extension-order-IS-4409-dt-25-07-2023.pdf | https://bis.gov.in/wp-content/uploads/2024/02/Steel-Steel-Product-QCO-2024.pdf | https://bis.gov.in/wp-content/uploads/2024/05/Ferrocnickel-Extension-Quality-Control-Order-2024.pdf | https://bis.gov.in/wp-content/uploads/2024/08/IS-4409-2023-Specification-for-Ferronickel.pdf | https://bis.gov.in/wp-content/uploads/2024/09/Steel-and-Steel-Products-QCO-2024.pdf | https://www.bis.gov.in/wp-content/uploads/2025/11/Steel-and-Steel-Products-Quality-Control-Amendment-Order-2025.pdf | https://www.bis.gov.in/wp-content/uploads/2026/06/Steel-and-Steel-Products-Quality-Control-Amendment-Order-2026-1.pdf,2026-09-03
Hot Rolled Steel Plates Sheets And Strips For Manufacture of Agricultural Discs,Steel and Iron Products,Scheme I (ISI Mark),IS 9442: 1980,,S.O. 756(E),,14-02-2020,,,https://bis.gov.in/wp-content/uploads/2020/03/Steel-QCO-14022020-1.pdf | https://bis.gov.in/wp-content/uploads/2020/06/Steel-QCO-2020-dated-27th-May-2020.pdf | https://bis.gov.in/wp-content/uploads/2020/07/Steel-QCO-dated-17-July-2020-with-corrigendum.pdf | https://bis.gov.in/wp-content/uploads/2020/07/Steel-QCO-extension-order.pdf | https://bis.gov.in/wp-content/uploads/2020/10/Order-of-Extension-in-the-date-of-enforcement-of-Quality-Control-Order.pdf | https://bis.gov.in/wp-content/uploads/2020/11/QCO-on-144-Steel-Steel-Products-1.pdf | https://bis.gov.in/wp-content/uploads/2021/01/145-QCO-Order.pdf | https://bis.gov.in/wp-content/uploads/2021/04/Order-of-extension-in-the-enforcement-date-for-Indian-Standards-covered-under-the-Quality-Control-Order-namely-IS-3748-IS-7291-and-IS-12146.pdf | https://bis.gov.in/wp-content/uploads/2021/04/Order-of-extension-in-the-enforcement-date-for-some-Indian-Standards-covered-under-the-Quality-Control-Order-namely-IS-4398-and-IS-3195.pdf | https://bis.gov.in/wp-content/uploads/2021/04/ORDERO1.pdf | https://bis.gov.in/wp-content/uploads/2021/06/Order-for-extension-in-date-of-enforcement-for-IS-1110-and-IS-4409.pdf | https://bis.gov.in/wp-content/uploads/2021/06/Order-of-Extension-in-date-of-enforcement-of-IS-4432-IS-5518-IS-12145-IS-13387-IS-4072-IS-13352-covered-under-Qulaity-Control-Order.pdf | https://bis.gov.in/wp-content/uploads/2021/06/Order-of-Extension-in-date-of-enforcement-of-IS-7226-and-IS-14331-covered-under-Qulaity-Control-Order.pdf | https://bis.gov.in/wp-content/uploads/2021/06/Order-of-Extension-in-date-of-enforcement-of-IS-6529-covered-under-Qulaity-Control-Order.pdf | https://bis.gov.in/wp-content/uploads/2021/06/Order-of-extension-in-the-enforcement-date-of-Quality-Control-Order-for-Tin-Plate-and-Tin-Free-Steel.pdf | https://bis.gov.in/wp-content/uploads/2021/08/Extension-in-the-date-of-enforcement-of-Quality-Control-Order-on-IS-3748-IS-7291-and-IS-12146.pdf | https://bis.gov.in/wp-content/uploads/2021/09/Order-of-extension-in-the-date-of-enforcement-of-Quality-Control-Order-for-Indian-Standards-IS-4454-Part-4-IS-11946-IS-11947.pdf | https://bis.gov.in/wp-content/uploads/2021/12/Extension-order-in-the-date-of-enforcement-of-Quality-Control-Order-for-Indian-Standards-IS-1110-1990-and-IS-4409-1973.pdf | https://bis.gov.in/wp-content/uploads/2021/12/Extension-order-IS-14331.pdf | https://bis.gov.in/wp-content/uploads/2021/12/Extension-order-IS-13387.pdf | https://bis.gov.in/wp-content/uploads/2022/05/QCO-Extension-Order-26042022.pdf | https://bis.gov.in/wp-content/uploads/2022/11/Ministry-of-Steel-Order-for-extension-of-date-of-implementation-IS-1110-IS-4409.pdf | https://bis.gov.in/wp-content/uploads/2023/02/Extension-oreder-of-IS-4409.pdf | https://bis.gov.in/wp-content/uploads/2023/07/Extension-order-IS-4409-dt-25-07-2023.pdf | https://bis.gov.in/wp-content/uploads/2024/02/Steel-Steel-Product-QCO-2024.pdf | https://bis.gov.in/wp-content/uploads/2024/05/Ferrocnickel-Extension-Quality-Control-Order-2024.pdf | https://bis.gov.in/wp-content/uploads/2024/08/IS-4409-2023-Specification-for-Ferronickel.pdf | https://bis.gov.in/wp-content/uploads/2024/09/Steel-and-Steel-Products-QCO-2024.pdf | https://www.bis.gov.in/wp-content/uploads/2025/11/Steel-and-Steel-Products-Quality-Control-Amendment-Order-2025.pdf | https://www.bis.gov.in/wp-content/uploads/2026/06/Steel-and-Steel-Products-Quality-Control-Amendment-Order-2026-1.pdf,2026-09-03
Cold-Reduced And Hot-Rolled Carbon Steel Sheet For Porcelain Enamelling,Steel and Iron Products,Scheme I (ISI Mark),IS 9485: 1980,,S.O. 756(E),,14-02-2020,,,https://bis.gov.in/wp-content/uploads/2020/03/Steel-QCO-14022020-1.pdf | https://bis.gov.in/wp-content/uploads/2020/06/Steel-QCO-2020-dated-27th-May-2020.pdf | https://bis.gov.in/wp-content/uploads/2020/07/Steel-QCO-dated-17-July-2020-with-corrigendum.pdf | https://bis.gov.in/wp-content/uploads/2020/07/Steel-QCO-extension-order.pdf | https://bis.gov.in/wp-content/uploads/2020/10/Order-of-Extension-in-the-date-of-enforcement-of-Quality-Control-Order.pdf | https://bis.gov.in/wp-content/uploads/2020/11/QCO-on-144-Steel-Steel-Products-1.pdf | https://bis.gov.in/wp-content/uploads/2021/01/145-QCO-Order.pdf | https://bis.gov.in/wp-content/uploads/2021/04/Order-of-extension-in-the-enforcement-date-for-Indian-Standards-covered-under-the-Quality-Control-Order-namely-IS-3748-IS-7291-and-IS-12146.pdf | https://bis.gov.in/wp-content/uploads/2021/04/Order-of-extension-in-the-enforcement-date-for-some-Indian-Standards-covered-under-the-Quality-Control-Order-namely-IS-4398-and-IS-3195.pdf | https://bis.gov.in/wp-content/uploads/2021/04/ORDERO1.pdf | https://bis.gov.in/wp-content/uploads/2021/06/Order-for-extension-in-date-of-enforcement-for-IS-1110-and-IS-4409.pdf | https://bis.gov.in/wp-content/uploads/2021/06/Order-of-Extension-in-date-of-enforcement-of-IS-4432-IS-5518-IS-12145-IS-13387-IS-4072-IS-13352-covered-under-Qulaity-Control-Order.pdf | https://bis.gov.in/wp-content/uploads/2021/06/Order-of-Extension-in-date-of-enforcement-of-IS-7226-and-IS-14331-covered-under-Qulaity-Control-Order.pdf | https://bis.gov.in/wp-content/uploads/2021/06/Order-of-Extension-in-date-of-enforcement-of-IS-6529-covered-under-Qulaity-Control-Order.pdf | https://bis.gov.in/wp-content/uploads/2021/06/Order-of-extension-in-the-enforcement-date-of-Quality-Control-Order-for-Tin-Plate-and-Tin-Free-Steel.pdf | https://bis.gov.in/wp-content/uploads/2021/08/Extension-in-the-date-of-enforcement-of-Quality-Control-Order-on-IS-3748-IS-7291-and-IS-12146.pdf | https://bis.gov.in/wp-content/uploads/2021/09/Order-of-extension-in-the-date-of-enforcement-of-Quality-Control-Order-for-Indian-Standards-IS-4454-Part-4-IS-11946-IS-11947.pdf | https://bis.gov.in/wp-content/uploads/2021/12/Extension-order-in-the-date-of-enforcement-of-Quality-Control-Order-for-Indian-Standards-IS-1110-1990-and-IS-4409-1973.pdf | https://bis.gov.in/wp-content/uploads/2021/12/Extension-order-IS-14331.pdf | https://bis.gov.in/wp-content/uploads/2021/12/Extension-order-IS-13387.pdf | https://bis.gov.in/wp-content/uploads/2022/05/QCO-Extension-Order-26042022.pdf | https://bis.gov.in/wp-content/uploads/2022/11/Ministry-of-Steel-Order-for-extension-of-date-of-implementation-IS-1110-IS-4409.pdf | https://bis.gov.in/wp-content/uploads/2023/02/Extension-oreder-of-IS-4409.pdf | https://bis.gov.in/wp-content/uploads/2023/07/Extension-order-IS-4409-dt-25-07-2023.pdf | https://bis.gov.in/wp-content/uploads/2024/02/Steel-Steel-Product-QCO-2024.pdf | https://bis.gov.in/wp-content/uploads/2024/05/Ferrocnickel-Extension-Quality-Control-Order-2024.pdf | https://bis.gov.in/wp-content/uploads/2024/08/IS-4409-2023-Specification-for-Ferronickel.pdf | https://bis.gov.in/wp-content/uploads/2024/09/Steel-and-Steel-Products-QCO-2024.pdf | https://www.bis.gov.in/wp-content/uploads/2025/11/Steel-and-Steel-Products-Quality-Control-Amendment-Order-2025.pdf | https://www.bis.gov.in/wp-content/uploads/2026/06/Steel-and-Steel-Products-Quality-Control-Amendment-Order-2026-1.pdf,2026-09-03
Mild steel wire for cotter pins,Steel and Iron Products,Scheme I (ISI Mark),IS 10794: 1984,,S.O. 756(E),,14-02-2020,,,https://bis.gov.in/wp-content/uploads/2020/03/Steel-QCO-14022020-1.pdf | https://bis.gov.in/wp-content/uploads/2020/06/Steel-QCO-2020-dated-27th-May-2020.pdf | https://bis.gov.in/wp-content/uploads/2020/07/Steel-QCO-dated-17-July-2020-with-corrigendum.pdf | https://bis.gov.in/wp-content/uploads/2020/07/Steel-QCO-extension-order.pdf | https://bis.gov.in/wp-content/uploads/2020/10/Order-of-Extension-in-the-date-of-enforcement-of-Quality-Control-Order.pdf | https://bis.gov.in/wp-content/uploads/2020/11/QCO-on-144-Steel-Steel-Products-1.pdf | https://bis.gov.in/wp-content/uploads/2021/01/145-QCO-Order.pdf | https://bis.gov.in/wp-content/uploads/2021/04/Order-of-extension-in-the-enforcement-date-for-Indian-Standards-covered-under-the-Quality-Control-Order-namely-IS-3748-IS-7291-and-IS-12146.pdf | https://bis.gov.in/wp-content/uploads/2021/04/Order-of-extension-in-the-enforcement-date-for-some-Indian-Standards-covered-under-the-Quality-Control-Order-namely-IS-4398-and-IS-3195.pdf | https://bis.gov.in/wp-content/uploads/2021/04/ORDERO1.pdf | https://bis.gov.in/wp-content/uploads/2021/06/Order-for-extension-in-date-of-enforcement-for-IS-1110-and-IS-4409.pdf | https://bis.gov.in/wp-content/uploads/2021/06/Order-of-Extension-in-date-of-enforcement-of-IS-4432-IS-5518-IS-12145-IS-13387-IS-4072-IS-13352-covered-under-Qulaity-Control-Order.pdf | https://bis.gov.in/wp-content/uploads/2021/06/Order-of-Extension-in-date-of-enforcement-of-IS-7226-and-IS-14331-covered-under-Qulaity-Control-Order.pdf | https://bis.gov.in/wp-content/uploads/2021/06/Order-of-Extension-in-date-of-enforcement-of-IS-6529-covered-under-Qulaity-Control-Order.pdf | https://bis.gov.in/wp-content/uploads/2021/06/Order-of-extension-in-the-enforcement-date-of-Quality-Control-Order-for-Tin-Plate-and-Tin-Free-Steel.pdf | https://bis.gov.in/wp-content/uploads/2021/08/Extension-in-the-date-of-enforcement-of-Quality-Control-Order-on-IS-3748-IS-7291-and-IS-12146.pdf | https://bis.gov.in/wp-content/uploads/2021/09/Order-of-extension-in-the-date-of-enforcement-of-Quality-Control-Order-for-Indian-Standards-IS-4454-Part-4-IS-11946-IS-11947.pdf | https://bis.gov.in/wp-content/uploads/2021/12/Extension-order-in-the-date-of-enforcement-of-Quality-Control-Order-for-Indian-Standards-IS-1110-1990-and-IS-4409-1973.pdf | https://bis.gov.in/wp-content/uploads/2021/12/Extension-order-IS-14331.pdf | https://bis.gov.in/wp-content/uploads/2021/12/Extension-order-IS-13387.pdf | https://bis.gov.in/wp-content/uploads/2022/05/QCO-Extension-Order-26042022.pdf | https://bis.gov.in/wp-content/uploads/2022/11/Ministry-of-Steel-Order-for-extension-of-date-of-implementation-IS-1110-IS-4409.pdf | https://bis.gov.in/wp-content/uploads/2023/02/Extension-oreder-of-IS-4409.pdf | https://bis.gov.in/wp-content/uploads/2023/07/Extension-order-IS-4409-dt-25-07-2023.pdf | https://bis.gov.in/wp-content/uploads/2024/02/Steel-Steel-Product-QCO-2024.pdf | https://bis.gov.in/wp-content/uploads/2024/05/Ferrocnickel-Extension-Quality-Control-Order-2024.pdf | https://bis.gov.in/wp-content/uploads/2024/08/IS-4409-2023-Specification-for-Ferronickel.pdf | https://bis.gov.in/wp-content/uploads/2024/09/Steel-and-Steel-Products-QCO-2024.pdf | https://www.bis.gov.in/wp-content/uploads/2025/11/Steel-and-Steel-Products-Quality-Control-Amendment-Order-2025.pdf | https://www.bis.gov.in/wp-content/uploads/2026/06/Steel-and-Steel-Products-Quality-Control-Amendment-Order-2026-1.pdf,2026-09-03
Trapezoidal Steel Wire For Springs Washers,Steel and Iron Products,Scheme I (ISI Mark),IS 12262:1988,,S.O. 756(E),,14-02-2020,,,https://bis.gov.in/wp-content/uploads/2020/03/Steel-QCO-14022020-1.pdf | https://bis.gov.in/wp-content/uploads/2020/06/Steel-QCO-2020-dated-27th-May-2020.pdf | https://bis.gov.in/wp-content/uploads/2020/07/Steel-QCO-dated-17-July-2020-with-corrigendum.pdf | https://bis.gov.in/wp-content/uploads/2020/07/Steel-QCO-extension-order.pdf | https://bis.gov.in/wp-content/uploads/2020/10/Order-of-Extension-in-the-date-of-enforcement-of-Quality-Control-Order.pdf | https://bis.gov.in/wp-content/uploads/2020/11/QCO-on-144-Steel-Steel-Products-1.pdf | https://bis.gov.in/wp-content/uploads/2021/01/145-QCO-Order.pdf | https://bis.gov.in/wp-content/uploads/2021/04/Order-of-extension-in-the-enforcement-date-for-Indian-Standards-covered-under-the-Quality-Control-Order-namely-IS-3748-IS-7291-and-IS-12146.pdf | https://bis.gov.in/wp-content/uploads/2021/04/Order-of-extension-in-the-enforcement-date-for-some-Indian-Standards-covered-under-the-Quality-Control-Order-namely-IS-4398-and-IS-3195.pdf | https://bis.gov.in/wp-content/uploads/2021/04/ORDERO1.pdf | https://bis.gov.in/wp-content/uploads/2021/06/Order-for-extension-in-date-of-enforcement-for-IS-1110-and-IS-4409.pdf | https://bis.gov.in/wp-content/uploads/2021/06/Order-of-Extension-in-date-of-enforcement-of-IS-4432-IS-5518-IS-12145-IS-13387-IS-4072-IS-13352-covered-under-Qulaity-Control-Order.pdf | https://bis.gov.in/wp-content/uploads/2021/06/Order-of-Extension-in-date-of-enforcement-of-IS-7226-and-IS-14331-covered-under-Qulaity-Control-Order.pdf | https://bis.gov.in/wp-content/uploads/2021/06/Order-of-Extension-in-date-of-enforcement-of-IS-6529-covered-under-Qulaity-Control-Order.pdf | https://bis.gov.in/wp-content/uploads/2021/06/Order-of-extension-in-the-enforcement-date-of-Quality-Control-Order-for-Tin-Plate-and-Tin-Free-Steel.pdf | https://bis.gov.in/wp-content/uploads/2021/08/Extension-in-the-date-of-enforcement-of-Quality-Control-Order-on-IS-3748-IS-7291-and-IS-12146.pdf | https://bis.gov.in/wp-content/uploads/2021/09/Order-of-extension-in-the-date-of-enforcement-of-Quality-Control-Order-for-Indian-Standards-IS-4454-Part-4-IS-11946-IS-11947.pdf | https://bis.gov.in/wp-content/uploads/2021/12/Extension-order-in-the-date-of-enforcement-of-Quality-Control-Order-for-Indian-Standards-IS-1110-1990-and-IS-4409-1973.pdf | https://bis.gov.in/wp-content/uploads/2021/12/Extension-order-IS-14331.pdf | https://bis.gov.in/wp-content/uploads/2021/12/Extension-order-IS-13387.pdf | https://bis.gov.in/wp-content/uploads/2022/05/QCO-Extension-Order-26042022.pdf | https://bis.gov.in/wp-content/uploads/2022/11/Ministry-of-Steel-Order-for-extension-of-date-of-implementation-IS-1110-IS-4409.pdf | https://bis.gov.in/wp-content/uploads/2023/02/Extension-oreder-of-IS-4409.pdf | https://bis.gov.in/wp-content/uploads/2023/07/Extension-order-IS-4409-dt-25-07-2023.pdf | https://bis.gov.in/wp-content/uploads/2024/02/Steel-Steel-Product-QCO-2024.pdf | https://bis.gov.in/wp-content/uploads/2024/05/Ferrocnickel-Extension-Quality-Control-Order-2024.pdf | https://bis.gov.in/wp-content/uploads/2024/08/IS-4409-2023-Specification-for-Ferronickel.pdf | https://bis.gov.in/wp-content/uploads/2024/09/Steel-and-Steel-Products-QCO-2024.pdf | https://www.bis.gov.in/wp-content/uploads/2025/11/Steel-and-Steel-Products-Quality-Control-Amendment-Order-2025.pdf | https://www.bis.gov.in/wp-content/uploads/2026/06/Steel-and-Steel-Products-Quality-Control-Amendment-Order-2026-1.pdf,2026-09-03
Silicomanganese – Specification,Steel and Iron Products,Scheme I (ISI Mark),IS 1470: 2013,,S.O. 756(E),,14-02-2020,,,https://bis.gov.in/wp-content/uploads/2020/03/Steel-QCO-14022020-1.pdf | https://bis.gov.in/wp-content/uploads/2020/06/Steel-QCO-2020-dated-27th-May-2020.pdf | https://bis.gov.in/wp-content/uploads/2020/07/Steel-QCO-dated-17-July-2020-with-corrigendum.pdf | https://bis.gov.in/wp-content/uploads/2020/07/Steel-QCO-extension-order.pdf | https://bis.gov.in/wp-content/uploads/2020/10/Order-of-Extension-in-the-date-of-enforcement-of-Quality-Control-Order.pdf | https://bis.gov.in/wp-content/uploads/2020/11/QCO-on-144-Steel-Steel-Products-1.pdf | https://bis.gov.in/wp-content/uploads/2021/01/145-QCO-Order.pdf | https://bis.gov.in/wp-content/uploads/2021/04/Order-of-extension-in-the-enforcement-date-for-Indian-Standards-covered-under-the-Quality-Control-Order-namely-IS-3748-IS-7291-and-IS-12146.pdf | https://bis.gov.in/wp-content/uploads/2021/04/Order-of-extension-in-the-enforcement-date-for-some-Indian-Standards-covered-under-the-Quality-Control-Order-namely-IS-4398-and-IS-3195.pdf | https://bis.gov.in/wp-content/uploads/2021/04/ORDERO1.pdf | https://bis.gov.in/wp-content/uploads/2021/06/Order-for-extension-in-date-of-enforcement-for-IS-1110-and-IS-4409.pdf | https://bis.gov.in/wp-content/uploads/2021/06/Order-of-Extension-in-date-of-enforcement-of-IS-4432-IS-5518-IS-12145-IS-13387-IS-4072-IS-13352-covered-under-Qulaity-Control-Order.pdf | https://bis.gov.in/wp-content/uploads/2021/06/Order-of-Extension-in-date-of-enforcement-of-IS-7226-and-IS-14331-covered-under-Qulaity-Control-Order.pdf | https://bis.gov.in/wp-content/uploads/2021/06/Order-of-Extension-in-date-of-enforcement-of-IS-6529-covered-under-Qulaity-Control-Order.pdf | https://bis.gov.in/wp-content/uploads/2021/06/Order-of-extension-in-the-enforcement-date-of-Quality-Control-Order-for-Tin-Plate-and-Tin-Free-Steel.pdf | https://bis.gov.in/wp-content/uploads/2021/08/Extension-in-the-date-of-enforcement-of-Quality-Control-Order-on-IS-3748-IS-7291-and-IS-12146.pdf | https://bis.gov.in/wp-content/uploads/2021/09/Order-of-extension-in-the-date-of-enforcement-of-Quality-Control-Order-for-Indian-Standards-IS-4454-Part-4-IS-11946-IS-11947.pdf | https://bis.gov.in/wp-content/uploads/2021/12/Extension-order-in-the-date-of-enforcement-of-Quality-Control-Order-for-Indian-Standards-IS-1110-1990-and-IS-4409-1973.pdf | https://bis.gov.in/wp-content/uploads/2021/12/Extension-order-IS-14331.pdf | https://bis.gov.in/wp-content/uploads/2021/12/Extension-order-IS-13387.pdf | https://bis.gov.in/wp-content/uploads/2022/05/QCO-Extension-Order-26042022.pdf | https://bis.gov.in/wp-content/uploads/2022/11/Ministry-of-Steel-Order-for-extension-of-date-of-implementation-IS-1110-IS-4409.pdf | https://bis.gov.in/wp-content/uploads/2023/02/Extension-oreder-of-IS-4409.pdf | https://bis.gov.in/wp-content/uploads/2023/07/Extension-order-IS-4409-dt-25-07-2023.pdf | https://bis.gov.in/wp-content/uploads/2024/02/Steel-Steel-Product-QCO-2024.pdf | https://bis.gov.in/wp-content/uploads/2024/05/Ferrocnickel-Extension-Quality-Control-Order-2024.pdf | https://bis.gov.in/wp-content/uploads/2024/08/IS-4409-2023-Specification-for-Ferronickel.pdf | https://bis.gov.in/wp-content/uploads/2024/09/Steel-and-Steel-Products-QCO-2024.pdf | https://www.bis.gov.in/wp-content/uploads/2025/11/Steel-and-Steel-Products-Quality-Control-Amendment-Order-2025.pdf | https://www.bis.gov.in/wp-content/uploads/2026/06/Steel-and-Steel-Products-Quality-Control-Amendment-Order-2026-1.pdf,2026-09-03
Structural Steel (Ordinary Quality),Steel and Iron Products,Scheme I (ISI Mark),IS 15911:2010,,S.O. 756(E),,14-02-2020,,,https://bis.gov.in/wp-content/uploads/2020/03/Steel-QCO-14022020-1.pdf | https://bis.gov.in/wp-content/uploads/2020/06/Steel-QCO-2020-dated-27th-May-2020.pdf | https://bis.gov.in/wp-content/uploads/2020/07/Steel-QCO-dated-17-July-2020-with-corrigendum.pdf | https://bis.gov.in/wp-content/uploads/2020/07/Steel-QCO-extension-order.pdf | https://bis.gov.in/wp-content/uploads/2020/10/Order-of-Extension-in-the-date-of-enforcement-of-Quality-Control-Order.pdf | https://bis.gov.in/wp-content/uploads/2020/11/QCO-on-144-Steel-Steel-Products-1.pdf | https://bis.gov.in/wp-content/uploads/2021/01/145-QCO-Order.pdf | https://bis.gov.in/wp-content/uploads/2021/04/Order-of-extension-in-the-enforcement-date-for-Indian-Standards-covered-under-the-Quality-Control-Order-namely-IS-3748-IS-7291-and-IS-12146.pdf | https://bis.gov.in/wp-content/uploads/2021/04/Order-of-extension-in-the-enforcement-date-for-some-Indian-Standards-covered-under-the-Quality-Control-Order-namely-IS-4398-and-IS-3195.pdf | https://bis.gov.in/wp-content/uploads/2021/04/ORDERO1.pdf | https://bis.gov.in/wp-content/uploads/2021/06/Order-for-extension-in-date-of-enforcement-for-IS-1110-and-IS-4409.pdf | https://bis.gov.in/wp-content/uploads/2021/06/Order-of-Extension-in-date-of-enforcement-of-IS-4432-IS-5518-IS-12145-IS-13387-IS-4072-IS-13352-covered-under-Qulaity-Control-Order.pdf | https://bis.gov.in/wp-content/uploads/2021/06/Order-of-Extension-in-date-of-enforcement-of-IS-7226-and-IS-14331-covered-under-Qulaity-Control-Order.pdf | https://bis.gov.in/wp-content/uploads/2021/06/Order-of-Extension-in-date-of-enforcement-of-IS-6529-covered-under-Qulaity-Control-Order.pdf | https://bis.gov.in/wp-content/uploads/2021/06/Order-of-extension-in-the-enforcement-date-of-Quality-Control-Order-for-Tin-Plate-and-Tin-Free-Steel.pdf | https://bis.gov.in/wp-content/uploads/2021/08/Extension-in-the-date-of-enforcement-of-Quality-Control-Order-on-IS-3748-IS-7291-and-IS-12146.pdf | https://bis.gov.in/wp-content/uploads/2021/09/Order-of-extension-in-the-date-of-enforcement-of-Quality-Control-Order-for-Indian-Standards-IS-4454-Part-4-IS-11946-IS-11947.pdf | https://bis.gov.in/wp-content/uploads/2021/12/Extension-order-in-the-date-of-enforcement-of-Quality-Control-Order-for-Indian-Standards-IS-1110-1990-and-IS-4409-1973.pdf | https://bis.gov.in/wp-content/uploads/2021/12/Extension-order-IS-14331.pdf | https://bis.gov.in/wp-content/uploads/2021/12/Extension-order-IS-13387.pdf | https://bis.gov.in/wp-content/uploads/2022/05/QCO-Extension-Order-26042022.pdf | https://bis.gov.in/wp-content/uploads/2022/11/Ministry-of-Steel-Order-for-extension-of-date-of-implementation-IS-1110-IS-4409.pdf | https://bis.gov.in/wp-content/uploads/2023/02/Extension-oreder-of-IS-4409.pdf | https://bis.gov.in/wp-content/uploads/2023/07/Extension-order-IS-4409-dt-25-07-2023.pdf | https://bis.gov.in/wp-content/uploads/2024/02/Steel-Steel-Product-QCO-2024.pdf | https://bis.gov.in/wp-content/uploads/2024/05/Ferrocnickel-Extension-Quality-Control-Order-2024.pdf | https://bis.gov.in/wp-content/uploads/2024/08/IS-4409-2023-Specification-for-Ferronickel.pdf | https://bis.gov.in/wp-content/uploads/2024/09/Steel-and-Steel-Products-QCO-2024.pdf | https://www.bis.gov.in/wp-content/uploads/2025/11/Steel-and-Steel-Products-Quality-Control-Amendment-Order-2025.pdf | https://www.bis.gov.in/wp-content/uploads/2026/06/Steel-and-Steel-Products-Quality-Control-Amendment-Order-2026-1.pdf,2026-09-03
Ferromanganese – Specification,Steel and Iron Products,Scheme I (ISI Mark),IS 1171: 2011,,S.O. 756(E),,14-02-2020,,,https://bis.gov.in/wp-content/uploads/2020/03/Steel-QCO-14022020-1.pdf | https://bis.gov.in/wp-content/uploads/2020/06/Steel-QCO-2020-dated-27th-May-2020.pdf | https://bis.gov.in/wp-content/uploads/2020/07/Steel-QCO-dated-17-July-2020-with-corrigendum.pdf | https://bis.gov.in/wp-content/uploads/2020/07/Steel-QCO-extension-order.pdf | https://bis.gov.in/wp-content/uploads/2020/10/Order-of-Extension-in-the-date-of-enforcement-of-Quality-Control-Order.pdf | https://bis.gov.in/wp-content/uploads/2020/11/QCO-on-144-Steel-Steel-Products-1.pdf | https://bis.gov.in/wp-content/uploads/2021/01/145-QCO-Order.pdf | https://bis.gov.in/wp-content/uploads/2021/04/Order-of-extension-in-the-enforcement-date-for-Indian-Standards-covered-under-the-Quality-Control-Order-namely-IS-3748-IS-7291-and-IS-12146.pdf | https://bis.gov.in/wp-content/uploads/2021/04/Order-of-extension-in-the-enforcement-date-for-some-Indian-Standards-covered-under-the-Quality-Control-Order-namely-IS-4398-and-IS-3195.pdf | https://bis.gov.in/wp-content/uploads/2021/04/ORDERO1.pdf | https://bis.gov.in/wp-content/uploads/2021/06/Order-for-extension-in-date-of-enforcement-for-IS-1110-and-IS-4409.pdf | https://bis.gov.in/wp-content/uploads/2021/06/Order-of-Extension-in-date-of-enforcement-of-IS-4432-IS-5518-IS-12145-IS-13387-IS-4072-IS-13352-covered-under-Qulaity-Control-Order.pdf | https://bis.gov.in/wp-content/uploads/2021/06/Order-of-Extension-in-date-of-enforcement-of-IS-7226-and-IS-14331-covered-under-Qulaity-Control-Order.pdf | https://bis.gov.in/wp-content/uploads/2021/06/Order-of-Extension-in-date-of-enforcement-of-IS-6529-covered-under-Qulaity-Control-Order.pdf | https://bis.gov.in/wp-content/uploads/2021/06/Order-of-extension-in-the-enforcement-date-of-Quality-Control-Order-for-Tin-Plate-and-Tin-Free-Steel.pdf | https://bis.gov.in/wp-content/uploads/2021/08/Extension-in-the-date-of-enforcement-of-Quality-Control-Order-on-IS-3748-IS-7291-and-IS-12146.pdf | https://bis.gov.in/wp-content/uploads/2021/09/Order-of-extension-in-the-date-of-enforcement-of-Quality-Control-Order-for-Indian-Standards-IS-4454-Part-4-IS-11946-IS-11947.pdf | https://bis.gov.in/wp-content/uploads/2021/12/Extension-order-in-the-date-of-enforcement-of-Quality-Control-Order-for-Indian-Standards-IS-1110-1990-and-IS-4409-1973.pdf | https://bis.gov.in/wp-content/uploads/2021/12/Extension-order-IS-14331.pdf | https://bis.gov.in/wp-content/uploads/2021/12/Extension-order-IS-13387.pdf | https://bis.gov.in/wp-content/uploads/2022/05/QCO-Extension-Order-26042022.pdf | https://bis.gov.in/wp-content/uploads/2022/11/Ministry-of-Steel-Order-for-extension-of-date-of-implementation-IS-1110-IS-4409.pdf | https://bis.gov.in/wp-content/uploads/2023/02/Extension-oreder-of-IS-4409.pdf | https://bis.gov.in/wp-content/uploads/2023/07/Extension-order-IS-4409-dt-25-07-2023.pdf | https://bis.gov.in/wp-content/uploads/2024/02/Steel-Steel-Product-QCO-2024.pdf | https://bis.gov.in/wp-content/uploads/2024/05/Ferrocnickel-Extension-Quality-Control-Order-2024.pdf | https://bis.gov.in/wp-content/uploads/2024/08/IS-4409-2023-Specification-for-Ferronickel.pdf | https://bis.gov.in/wp-content/uploads/2024/09/Steel-and-Steel-Products-QCO-2024.pdf | https://www.bis.gov.in/wp-content/uploads/2025/11/Steel-and-Steel-Products-Quality-Control-Amendment-Order-2025.pdf | https://www.bis.gov.in/wp-content/uploads/2026/06/Steel-and-Steel-Products-Quality-Control-Amendment-Order-2026-1.pdf,2026-09-03
Carbon And Carbon- Manganese Free- Cutting Steels,Steel and Iron Products,Scheme I (ISI Mark),IS 4431: 1978,,S.O. 756(E),,14-02-2020,,,https://bis.gov.in/wp-content/uploads/2020/03/Steel-QCO-14022020-1.pdf | https://bis.gov.in/wp-content/uploads/2020/06/Steel-QCO-2020-dated-27th-May-2020.pdf | https://bis.gov.in/wp-content/uploads/2020/07/Steel-QCO-dated-17-July-2020-with-corrigendum.pdf | https://bis.gov.in/wp-content/uploads/2020/07/Steel-QCO-extension-order.pdf | https://bis.gov.in/wp-content/uploads/2020/10/Order-of-Extension-in-the-date-of-enforcement-of-Quality-Control-Order.pdf | https://bis.gov.in/wp-content/uploads/2020/11/QCO-on-144-Steel-Steel-Products-1.pdf | https://bis.gov.in/wp-content/uploads/2021/01/145-QCO-Order.pdf | https://bis.gov.in/wp-content/uploads/2021/04/Order-of-extension-in-the-enforcement-date-for-Indian-Standards-covered-under-the-Quality-Control-Order-namely-IS-3748-IS-7291-and-IS-12146.pdf | https://bis.gov.in/wp-content/uploads/2021/04/Order-of-extension-in-the-enforcement-date-for-some-Indian-Standards-covered-under-the-Quality-Control-Order-namely-IS-4398-and-IS-3195.pdf | https://bis.gov.in/wp-content/uploads/2021/04/ORDERO1.pdf | https://bis.gov.in/wp-content/uploads/2021/06/Order-for-extension-in-date-of-enforcement-for-IS-1110-and-IS-4409.pdf | https://bis.gov.in/wp-content/uploads/2021/06/Order-of-Extension-in-date-of-enforcement-of-IS-4432-IS-5518-IS-12145-IS-13387-IS-4072-IS-13352-covered-under-Qulaity-Control-Order.pdf | https://bis.gov.in/wp-content/uploads/2021/06/Order-of-Extension-in-date-of-enforcement-of-IS-7226-and-IS-14331-covered-under-Qulaity-Control-Order.pdf | https://bis.gov.in/wp-content/uploads/2021/06/Order-of-Extension-in-date-of-enforcement-of-IS-6529-covered-under-Qulaity-Control-Order.pdf | https://bis.gov.in/wp-content/uploads/2021/06/Order-of-extension-in-the-enforcement-date-of-Quality-Control-Order-for-Tin-Plate-and-Tin-Free-Steel.pdf | https://bis.gov.in/wp-content/uploads/2021/08/Extension-in-the-date-of-enforcement-of-Quality-Control-Order-on-IS-3748-IS-7291-and-IS-12146.pdf | https://bis.gov.in/wp-content/uploads/2021/09/Order-of-extension-in-the-date-of-enforcement-of-Quality-Control-Order-for-Indian-Standards-IS-4454-Part-4-IS-11946-IS-11947.pdf | https://bis.gov.in/wp-content/uploads/2021/12/Extension-order-in-the-date-of-enforcement-of-Quality-Control-Order-for-Indian-Standards-IS-1110-1990-and-IS-4409-1973.pdf | https://bis.gov.in/wp-content/uploads/2021/12/Extension-order-IS-14331.pdf | https://bis.gov.in/wp-content/uploads/2021/12/Extension-order-IS-13387.pdf | https://bis.gov.in/wp-content/uploads/2022/05/QCO-Extension-Order-26042022.pdf | https://bis.gov.in/wp-content/uploads/2022/11/Ministry-of-Steel-Order-for-extension-of-date-of-implementation-IS-1110-IS-4409.pdf | https://bis.gov.in/wp-content/uploads/2023/02/Extension-oreder-of-IS-4409.pdf | https://bis.gov.in/wp-content/uploads/2023/07/Extension-order-IS-4409-dt-25-07-2023.pdf | https://bis.gov.in/wp-content/uploads/2024/02/Steel-Steel-Product-QCO-2024.pdf | https://bis.gov.in/wp-content/uploads/2024/05/Ferrocnickel-Extension-Quality-Control-Order-2024.pdf | https://bis.gov.in/wp-content/uploads/2024/08/IS-4409-2023-Specification-for-Ferronickel.pdf | https://bis.gov.in/wp-content/uploads/2024/09/Steel-and-Steel-Products-QCO-2024.pdf | https://www.bis.gov.in/wp-content/uploads/2025/11/Steel-and-Steel-Products-Quality-Control-Amendment-Order-2025.pdf | https://www.bis.gov.in/wp-content/uploads/2026/06/Steel-and-Steel-Products-Quality-Control-Amendment-Order-2026-1.pdf,2026-09-03
Case Hardening Steels,Steel and Iron Products,Scheme I (ISI Mark),IS 4432: 1988,,S.O. 756(E),,14-02-2020,,,https://bis.gov.in/wp-content/uploads/2020/03/Steel-QCO-14022020-1.pdf | https://bis.gov.in/wp-content/uploads/2020/06/Steel-QCO-2020-dated-27th-May-2020.pdf | https://bis.gov.in/wp-content/uploads/2020/07/Steel-QCO-dated-17-July-2020-with-corrigendum.pdf | https://bis.gov.in/wp-content/uploads/2020/07/Steel-QCO-extension-order.pdf | https://bis.gov.in/wp-content/uploads/2020/10/Order-of-Extension-in-the-date-of-enforcement-of-Quality-Control-Order.pdf | https://bis.gov.in/wp-content/uploads/2020/11/QCO-on-144-Steel-Steel-Products-1.pdf | https://bis.gov.in/wp-content/uploads/2021/01/145-QCO-Order.pdf | https://bis.gov.in/wp-content/uploads/2021/04/Order-of-extension-in-the-enforcement-date-for-Indian-Standards-covered-under-the-Quality-Control-Order-namely-IS-3748-IS-7291-and-IS-12146.pdf | https://bis.gov.in/wp-content/uploads/2021/04/Order-of-extension-in-the-enforcement-date-for-some-Indian-Standards-covered-under-the-Quality-Control-Order-namely-IS-4398-and-IS-3195.pdf | https://bis.gov.in/wp-content/uploads/2021/04/ORDERO1.pdf | https://bis.gov.in/wp-content/uploads/2021/06/Order-for-extension-in-date-of-enforcement-for-IS-1110-and-IS-4409.pdf | https://bis.gov.in/wp-content/uploads/2021/06/Order-of-Extension-in-date-of-enforcement-of-IS-4432-IS-5518-IS-12145-IS-13387-IS-4072-IS-13352-covered-under-Qulaity-Control-Order.pdf | https://bis.gov.in/wp-content/uploads/2021/06/Order-of-Extension-in-date-of-enforcement-of-IS-7226-and-IS-14331-covered-under-Qulaity-Control-Order.pdf | https://bis.gov.in/wp-content/uploads/2021/06/Order-of-Extension-in-date-of-enforcement-of-IS-6529-covered-under-Qulaity-Control-Order.pdf | https://bis.gov.in/wp-content/uploads/2021/06/Order-of-extension-in-the-enforcement-date-of-Quality-Control-Order-for-Tin-Plate-and-Tin-Free-Steel.pdf | https://bis.gov.in/wp-content/uploads/2021/08/Extension-in-the-date-of-enforcement-of-Quality-Control-Order-on-IS-3748-IS-7291-and-IS-12146.pdf | https://bis.gov.in/wp-content/uploads/2021/09/Order-of-extension-in-the-date-of-enforcement-of-Quality-Control-Order-for-Indian-Standards-IS-4454-Part-4-IS-11946-IS-11947.pdf | https://bis.gov.in/wp-content/uploads/2021/12/Extension-order-in-the-date-of-enforcement-of-Quality-Control-Order-for-Indian-Standards-IS-1110-1990-and-IS-4409-1973.pdf | https://bis.gov.in/wp-content/uploads/2021/12/Extension-order-IS-14331.pdf | https://bis.gov.in/wp-content/uploads/2021/12/Extension-order-IS-13387.pdf | https://bis.gov.in/wp-content/uploads/2022/05/QCO-Extension-Order-26042022.pdf | https://bis.gov.in/wp-content/uploads/2022/11/Ministry-of-Steel-Order-for-extension-of-date-of-implementation-IS-1110-IS-4409.pdf | https://bis.gov.in/wp-content/uploads/2023/02/Extension-oreder-of-IS-4409.pdf | https://bis.gov.in/wp-content/uploads/2023/07/Extension-order-IS-4409-dt-25-07-2023.pdf | https://bis.gov.in/wp-content/uploads/2024/02/Steel-Steel-Product-QCO-2024.pdf | https://bis.gov.in/wp-content/uploads/2024/05/Ferrocnickel-Extension-Quality-Control-Order-2024.pdf | https://bis.gov.in/wp-content/uploads/2024/08/IS-4409-2023-Specification-for-Ferronickel.pdf | https://bis.gov.in/wp-content/uploads/2024/09/Steel-and-Steel-Products-QCO-2024.pdf | https://www.bis.gov.in/wp-content/uploads/2025/11/Steel-and-Steel-Products-Quality-Control-Amendment-Order-2025.pdf | https://www.bis.gov.in/wp-content/uploads/2026/06/Steel-and-Steel-Products-Quality-Control-Amendment-Order-2026-1.pdf,2026-09-03
Steels For Die Blocks For Drop Forging,Steel and Iron Products,Scheme I (ISI Mark),IS 5518: 1996,,S.O. 756(E),,14-02-2020,,,https://bis.gov.in/wp-content/uploads/2020/03/Steel-QCO-14022020-1.pdf | https://bis.gov.in/wp-content/uploads/2020/06/Steel-QCO-2020-dated-27th-May-2020.pdf | https://bis.gov.in/wp-content/uploads/2020/07/Steel-QCO-dated-17-July-2020-with-corrigendum.pdf | https://bis.gov.in/wp-content/uploads/2020/07/Steel-QCO-extension-order.pdf | https://bis.gov.in/wp-content/uploads/2020/10/Order-of-Extension-in-the-date-of-enforcement-of-Quality-Control-Order.pdf | https://bis.gov.in/wp-content/uploads/2020/11/QCO-on-144-Steel-Steel-Products-1.pdf | https://bis.gov.in/wp-content/uploads/2021/01/145-QCO-Order.pdf | https://bis.gov.in/wp-content/uploads/2021/04/Order-of-extension-in-the-enforcement-date-for-Indian-Standards-covered-under-the-Quality-Control-Order-namely-IS-3748-IS-7291-and-IS-12146.pdf | https://bis.gov.in/wp-content/uploads/2021/04/Order-of-extension-in-the-enforcement-date-for-some-Indian-Standards-covered-under-the-Quality-Control-Order-namely-IS-4398-and-IS-3195.pdf | https://bis.gov.in/wp-content/uploads/2021/04/ORDERO1.pdf | https://bis.gov.in/wp-content/uploads/2021/06/Order-for-extension-in-date-of-enforcement-for-IS-1110-and-IS-4409.pdf | https://bis.gov.in/wp-content/uploads/2021/06/Order-of-Extension-in-date-of-enforcement-of-IS-4432-IS-5518-IS-12145-IS-13387-IS-4072-IS-13352-covered-under-Qulaity-Control-Order.pdf | https://bis.gov.in/wp-content/uploads/2021/06/Order-of-Extension-in-date-of-enforcement-of-IS-7226-and-IS-14331-covered-under-Qulaity-Control-Order.pdf | https://bis.gov.in/wp-content/uploads/2021/06/Order-of-Extension-in-date-of-enforcement-of-IS-6529-covered-under-Qulaity-Control-Order.pdf | https://bis.gov.in/wp-content/uploads/2021/06/Order-of-extension-in-the-enforcement-date-of-Quality-Control-Order-for-Tin-Plate-and-Tin-Free-Steel.pdf | https://bis.gov.in/wp-content/uploads/2021/08/Extension-in-the-date-of-enforcement-of-Quality-Control-Order-on-IS-3748-IS-7291-and-IS-12146.pdf | https://bis.gov.in/wp-content/uploads/2021/09/Order-of-extension-in-the-date-of-enforcement-of-Quality-Control-Order-for-Indian-Standards-IS-4454-Part-4-IS-11946-IS-11947.pdf | https://bis.gov.in/wp-content/uploads/2021/12/Extension-order-in-the-date-of-enforcement-of-Quality-Control-Order-for-Indian-Standards-IS-1110-1990-and-IS-4409-1973.pdf | https://bis.gov.in/wp-content/uploads/2021/12/Extension-order-IS-14331.pdf | https://bis.gov.in/wp-content/uploads/2021/12/Extension-order-IS-13387.pdf | https://bis.gov.in/wp-content/uploads/2022/05/QCO-Extension-Order-26042022.pdf | https://bis.gov.in/wp-content/uploads/2022/11/Ministry-of-Steel-Order-for-extension-of-date-of-implementation-IS-1110-IS-4409.pdf | https://bis.gov.in/wp-content/uploads/2023/02/Extension-oreder-of-IS-4409.pdf | https://bis.gov.in/wp-content/uploads/2023/07/Extension-order-IS-4409-dt-25-07-2023.pdf | https://bis.gov.in/wp-content/uploads/2024/02/Steel-Steel-Product-QCO-2024.pdf | https://bis.gov.in/wp-content/uploads/2024/05/Ferrocnickel-Extension-Quality-Control-Order-2024.pdf | https://bis.gov.in/wp-content/uploads/2024/08/IS-4409-2023-Specification-for-Ferronickel.pdf | https://bis.gov.in/wp-content/uploads/2024/09/Steel-and-Steel-Products-QCO-2024.pdf | https://www.bis.gov.in/wp-content/uploads/2025/11/Steel-and-Steel-Products-Quality-Control-Amendment-Order-2025.pdf | https://www.bis.gov.in/wp-content/uploads/2026/06/Steel-and-Steel-Products-Quality-Control-Amendment-Order-2026-1.pdf,2026-09-03
Forged/Rolled CTC Segments,Steel and Iron Products,Scheme I (ISI Mark),IS 8748: 1978,,S.O. 756(E),,14-02-2020,,,https://bis.gov.in/wp-content/uploads/2020/03/Steel-QCO-14022020-1.pdf | https://bis.gov.in/wp-content/uploads/2020/06/Steel-QCO-2020-dated-27th-May-2020.pdf | https://bis.gov.in/wp-content/uploads/2020/07/Steel-QCO-dated-17-July-2020-with-corrigendum.pdf | https://bis.gov.in/wp-content/uploads/2020/07/Steel-QCO-extension-order.pdf | https://bis.gov.in/wp-content/uploads/2020/10/Order-of-Extension-in-the-date-of-enforcement-of-Quality-Control-Order.pdf | https://bis.gov.in/wp-content/uploads/2020/11/QCO-on-144-Steel-Steel-Products-1.pdf | https://bis.gov.in/wp-content/uploads/2021/01/145-QCO-Order.pdf | https://bis.gov.in/wp-content/uploads/2021/04/Order-of-extension-in-the-enforcement-date-for-Indian-Standards-covered-under-the-Quality-Control-Order-namely-IS-3748-IS-7291-and-IS-12146.pdf | https://bis.gov.in/wp-content/uploads/2021/04/Order-of-extension-in-the-enforcement-date-for-some-Indian-Standards-covered-under-the-Quality-Control-Order-namely-IS-4398-and-IS-3195.pdf | https://bis.gov.in/wp-content/uploads/2021/04/ORDERO1.pdf | https://bis.gov.in/wp-content/uploads/2021/06/Order-for-extension-in-date-of-enforcement-for-IS-1110-and-IS-4409.pdf | https://bis.gov.in/wp-content/uploads/2021/06/Order-of-Extension-in-date-of-enforcement-of-IS-4432-IS-5518-IS-12145-IS-13387-IS-4072-IS-13352-covered-under-Qulaity-Control-Order.pdf | https://bis.gov.in/wp-content/uploads/2021/06/Order-of-Extension-in-date-of-enforcement-of-IS-7226-and-IS-14331-covered-under-Qulaity-Control-Order.pdf | https://bis.gov.in/wp-content/uploads/2021/06/Order-of-Extension-in-date-of-enforcement-of-IS-6529-covered-under-Qulaity-Control-Order.pdf | https://bis.gov.in/wp-content/uploads/2021/06/Order-of-extension-in-the-enforcement-date-of-Quality-Control-Order-for-Tin-Plate-and-Tin-Free-Steel.pdf | https://bis.gov.in/wp-content/uploads/2021/08/Extension-in-the-date-of-enforcement-of-Quality-Control-Order-on-IS-3748-IS-7291-and-IS-12146.pdf | https://bis.gov.in/wp-content/uploads/2021/09/Order-of-extension-in-the-date-of-enforcement-of-Quality-Control-Order-for-Indian-Standards-IS-4454-Part-4-IS-11946-IS-11947.pdf | https://bis.gov.in/wp-content/uploads/2021/12/Extension-order-in-the-date-of-enforcement-of-Quality-Control-Order-for-Indian-Standards-IS-1110-1990-and-IS-4409-1973.pdf | https://bis.gov.in/wp-content/uploads/2021/12/Extension-order-IS-14331.pdf | https://bis.gov.in/wp-content/uploads/2021/12/Extension-order-IS-13387.pdf | https://bis.gov.in/wp-content/uploads/2022/05/QCO-Extension-Order-26042022.pdf | https://bis.gov.in/wp-content/uploads/2022/11/Ministry-of-Steel-Order-for-extension-of-date-of-implementation-IS-1110-IS-4409.pdf | https://bis.gov.in/wp-content/uploads/2023/02/Extension-oreder-of-IS-4409.pdf | https://bis.gov.in/wp-content/uploads/2023/07/Extension-order-IS-4409-dt-25-07-2023.pdf | https://bis.gov.in/wp-content/uploads/2024/02/Steel-Steel-Product-QCO-2024.pdf | https://bis.gov.in/wp-content/uploads/2024/05/Ferrocnickel-Extension-Quality-Control-Order-2024.pdf | https://bis.gov.in/wp-content/uploads/2024/08/IS-4409-2023-Specification-for-Ferronickel.pdf | https://bis.gov.in/wp-content/uploads/2024/09/Steel-and-Steel-Products-QCO-2024.pdf | https://www.bis.gov.in/wp-content/uploads/2025/11/Steel-and-Steel-Products-Quality-Control-Amendment-Order-2025.pdf | https://www.bis.gov.in/wp-content/uploads/2026/06/Steel-and-Steel-Products-Quality-Control-Amendment-Order-2026-1.pdf,2026-09-03
Quenched And Tempered Alloy Steel Forgings For Pressure Vessels,Steel and Iron Products,Scheme I (ISI Mark),IS 12145: 1987,,S.O. 756(E),,14-02-2020,,,https://bis.gov.in/wp-content/uploads/2020/03/Steel-QCO-14022020-1.pdf | https://bis.gov.in/wp-content/uploads/2020/06/Steel-QCO-2020-dated-27th-May-2020.pdf | https://bis.gov.in/wp-content/uploads/2020/07/Steel-QCO-dated-17-July-2020-with-corrigendum.pdf | https://bis.gov.in/wp-content/uploads/2020/07/Steel-QCO-extension-order.pdf | https://bis.gov.in/wp-content/uploads/2020/10/Order-of-Extension-in-the-date-of-enforcement-of-Quality-Control-Order.pdf | https://bis.gov.in/wp-content/uploads/2020/11/QCO-on-144-Steel-Steel-Products-1.pdf | https://bis.gov.in/wp-content/uploads/2021/01/145-QCO-Order.pdf | https://bis.gov.in/wp-content/uploads/2021/04/Order-of-extension-in-the-enforcement-date-for-Indian-Standards-covered-under-the-Quality-Control-Order-namely-IS-3748-IS-7291-and-IS-12146.pdf | https://bis.gov.in/wp-content/uploads/2021/04/Order-of-extension-in-the-enforcement-date-for-some-Indian-Standards-covered-under-the-Quality-Control-Order-namely-IS-4398-and-IS-3195.pdf | https://bis.gov.in/wp-content/uploads/2021/04/ORDERO1.pdf | https://bis.gov.in/wp-content/uploads/2021/06/Order-for-extension-in-date-of-enforcement-for-IS-1110-and-IS-4409.pdf | https://bis.gov.in/wp-content/uploads/2021/06/Order-of-Extension-in-date-of-enforcement-of-IS-4432-IS-5518-IS-12145-IS-13387-IS-4072-IS-13352-covered-under-Qulaity-Control-Order.pdf | https://bis.gov.in/wp-content/uploads/2021/06/Order-of-Extension-in-date-of-enforcement-of-IS-7226-and-IS-14331-covered-under-Qulaity-Control-Order.pdf | https://bis.gov.in/wp-content/uploads/2021/06/Order-of-Extension-in-date-of-enforcement-of-IS-6529-covered-under-Qulaity-Control-Order.pdf | https://bis.gov.in/wp-content/uploads/2021/06/Order-of-extension-in-the-enforcement-date-of-Quality-Control-Order-for-Tin-Plate-and-Tin-Free-Steel.pdf | https://bis.gov.in/wp-content/uploads/2021/08/Extension-in-the-date-of-enforcement-of-Quality-Control-Order-on-IS-3748-IS-7291-and-IS-12146.pdf | https://bis.gov.in/wp-content/uploads/2021/09/Order-of-extension-in-the-date-of-enforcement-of-Quality-Control-Order-for-Indian-Standards-IS-4454-Part-4-IS-11946-IS-11947.pdf | https://bis.gov.in/wp-content/uploads/2021/12/Extension-order-in-the-date-of-enforcement-of-Quality-Control-Order-for-Indian-Standards-IS-1110-1990-and-IS-4409-1973.pdf | https://bis.gov.in/wp-content/uploads/2021/12/Extension-order-IS-14331.pdf | https://bis.gov.in/wp-content/uploads/2021/12/Extension-order-IS-13387.pdf | https://bis.gov.in/wp-content/uploads/2022/05/QCO-Extension-Order-26042022.pdf | https://bis.gov.in/wp-content/uploads/2022/11/Ministry-of-Steel-Order-for-extension-of-date-of-implementation-IS-1110-IS-4409.pdf | https://bis.gov.in/wp-content/uploads/2023/02/Extension-oreder-of-IS-4409.pdf | https://bis.gov.in/wp-content/uploads/2023/07/Extension-order-IS-4409-dt-25-07-2023.pdf | https://bis.gov.in/wp-content/uploads/2024/02/Steel-Steel-Product-QCO-2024.pdf | https://bis.gov.in/wp-content/uploads/2024/05/Ferrocnickel-Extension-Quality-Control-Order-2024.pdf | https://bis.gov.in/wp-content/uploads/2024/08/IS-4409-2023-Specification-for-Ferronickel.pdf | https://bis.gov.in/wp-content/uploads/2024/09/Steel-and-Steel-Products-QCO-2024.pdf | https://www.bis.gov.in/wp-content/uploads/2025/11/Steel-and-Steel-Products-Quality-Control-Amendment-Order-2025.pdf | https://www.bis.gov.in/wp-content/uploads/2026/06/Steel-and-Steel-Products-Quality-Control-Amendment-Order-2026-1.pdf,2026-09-03
Tool Steel Forgings For Metal Forming,Steel and Iron Products,Scheme I (ISI Mark),IS 13387: 1992,,S.O. 756(E),,14-02-2020,,,https://bis.gov.in/wp-content/uploads/2020/03/Steel-QCO-14022020-1.pdf | https://bis.gov.in/wp-content/uploads/2020/06/Steel-QCO-2020-dated-27th-May-2020.pdf | https://bis.gov.in/wp-content/uploads/2020/07/Steel-QCO-dated-17-July-2020-with-corrigendum.pdf | https://bis.gov.in/wp-content/uploads/2020/07/Steel-QCO-extension-order.pdf | https://bis.gov.in/wp-content/uploads/2020/10/Order-of-Extension-in-the-date-of-enforcement-of-Quality-Control-Order.pdf | https://bis.gov.in/wp-content/uploads/2020/11/QCO-on-144-Steel-Steel-Products-1.pdf | https://bis.gov.in/wp-content/uploads/2021/01/145-QCO-Order.pdf | https://bis.gov.in/wp-content/uploads/2021/04/Order-of-extension-in-the-enforcement-date-for-Indian-Standards-covered-under-the-Quality-Control-Order-namely-IS-3748-IS-7291-and-IS-12146.pdf | https://bis.gov.in/wp-content/uploads/2021/04/Order-of-extension-in-the-enforcement-date-for-some-Indian-Standards-covered-under-the-Quality-Control-Order-namely-IS-4398-and-IS-3195.pdf | https://bis.gov.in/wp-content/uploads/2021/04/ORDERO1.pdf | https://bis.gov.in/wp-content/uploads/2021/06/Order-for-extension-in-date-of-enforcement-for-IS-1110-and-IS-4409.pdf | https://bis.gov.in/wp-content/uploads/2021/06/Order-of-Extension-in-date-of-enforcement-of-IS-4432-IS-5518-IS-12145-IS-13387-IS-4072-IS-13352-covered-under-Qulaity-Control-Order.pdf | https://bis.gov.in/wp-content/uploads/2021/06/Order-of-Extension-in-date-of-enforcement-of-IS-7226-and-IS-14331-covered-under-Qulaity-Control-Order.pdf | https://bis.gov.in/wp-content/uploads/2021/06/Order-of-Extension-in-date-of-enforcement-of-IS-6529-covered-under-Qulaity-Control-Order.pdf | https://bis.gov.in/wp-content/uploads/2021/06/Order-of-extension-in-the-enforcement-date-of-Quality-Control-Order-for-Tin-Plate-and-Tin-Free-Steel.pdf | https://bis.gov.in/wp-content/uploads/2021/08/Extension-in-the-date-of-enforcement-of-Quality-Control-Order-on-IS-3748-IS-7291-and-IS-12146.pdf | https://bis.gov.in/wp-content/uploads/2021/09/Order-of-extension-in-the-date-of-enforcement-of-Quality-Control-Order-for-Indian-Standards-IS-4454-Part-4-IS-11946-IS-11947.pdf | https://bis.gov.in/wp-content/uploads/2021/12/Extension-order-in-the-date-of-enforcement-of-Quality-Control-Order-for-Indian-Standards-IS-1110-1990-and-IS-4409-1973.pdf | https://bis.gov.in/wp-content/uploads/2021/12/Extension-order-IS-14331.pdf | https://bis.gov.in/wp-content/uploads/2021/12/Extension-order-IS-13387.pdf | https://bis.gov.in/wp-content/uploads/2022/05/QCO-Extension-Order-26042022.pdf | https://bis.gov.in/wp-content/uploads/2022/11/Ministry-of-Steel-Order-for-extension-of-date-of-implementation-IS-1110-IS-4409.pdf | https://bis.gov.in/wp-content/uploads/2023/02/Extension-oreder-of-IS-4409.pdf | https://bis.gov.in/wp-content/uploads/2023/07/Extension-order-IS-4409-dt-25-07-2023.pdf | https://bis.gov.in/wp-content/uploads/2024/02/Steel-Steel-Product-QCO-2024.pdf | https://bis.gov.in/wp-content/uploads/2024/05/Ferrocnickel-Extension-Quality-Control-Order-2024.pdf | https://bis.gov.in/wp-content/uploads/2024/08/IS-4409-2023-Specification-for-Ferronickel.pdf | https://bis.gov.in/wp-content/uploads/2024/09/Steel-and-Steel-Products-QCO-2024.pdf | https://www.bis.gov.in/wp-content/uploads/2025/11/Steel-and-Steel-Products-Quality-Control-Amendment-Order-2025.pdf | https://www.bis.gov.in/wp-content/uploads/2026/06/Steel-and-Steel-Products-Quality-Control-Amendment-Order-2026-1.pdf,2026-09-03
"Carbon And Low Alloy Billets, Blooms, Slabs And Bars For Manufacture Of Shell BodiesAnd Proof Shots Used In Defence Services",Steel and Iron Products,Scheme I (ISI Mark),IS 14698:1999,,S.O. 756(E),,14-02-2020,,,https://bis.gov.in/wp-content/uploads/2020/03/Steel-QCO-14022020-1.pdf | https://bis.gov.in/wp-content/uploads/2020/06/Steel-QCO-2020-dated-27th-May-2020.pdf | https://bis.gov.in/wp-content/uploads/2020/07/Steel-QCO-dated-17-July-2020-with-corrigendum.pdf | https://bis.gov.in/wp-content/uploads/2020/07/Steel-QCO-extension-order.pdf | https://bis.gov.in/wp-content/uploads/2020/10/Order-of-Extension-in-the-date-of-enforcement-of-Quality-Control-Order.pdf | https://bis.gov.in/wp-content/uploads/2020/11/QCO-on-144-Steel-Steel-Products-1.pdf | https://bis.gov.in/wp-content/uploads/2021/01/145-QCO-Order.pdf | https://bis.gov.in/wp-content/uploads/2021/04/Order-of-extension-in-the-enforcement-date-for-Indian-Standards-covered-under-the-Quality-Control-Order-namely-IS-3748-IS-7291-and-IS-12146.pdf | https://bis.gov.in/wp-content/uploads/2021/04/Order-of-extension-in-the-enforcement-date-for-some-Indian-Standards-covered-under-the-Quality-Control-Order-namely-IS-4398-and-IS-3195.pdf | https://bis.gov.in/wp-content/uploads/2021/04/ORDERO1.pdf | https://bis.gov.in/wp-content/uploads/2021/06/Order-for-extension-in-date-of-enforcement-for-IS-1110-and-IS-4409.pdf | https://bis.gov.in/wp-content/uploads/2021/06/Order-of-Extension-in-date-of-enforcement-of-IS-4432-IS-5518-IS-12145-IS-13387-IS-4072-IS-13352-covered-under-Qulaity-Control-Order.pdf | https://bis.gov.in/wp-content/uploads/2021/06/Order-of-Extension-in-date-of-enforcement-of-IS-7226-and-IS-14331-covered-under-Qulaity-Control-Order.pdf | https://bis.gov.in/wp-content/uploads/2021/06/Order-of-Extension-in-date-of-enforcement-of-IS-6529-covered-under-Qulaity-Control-Order.pdf | https://bis.gov.in/wp-content/uploads/2021/06/Order-of-extension-in-the-enforcement-date-of-Quality-Control-Order-for-Tin-Plate-and-Tin-Free-Steel.pdf | https://bis.gov.in/wp-content/uploads/2021/08/Extension-in-the-date-of-enforcement-of-Quality-Control-Order-on-IS-3748-IS-7291-and-IS-12146.pdf | https://bis.gov.in/wp-content/uploads/2021/09/Order-of-extension-in-the-date-of-enforcement-of-Quality-Control-Order-for-Indian-Standards-IS-4454-Part-4-IS-11946-IS-11947.pdf | https://bis.gov.in/wp-content/uploads/2021/12/Extension-order-in-the-date-of-enforcement-of-Quality-Control-Order-for-Indian-Standards-IS-1110-1990-and-IS-4409-1973.pdf | https://bis.gov.in/wp-content/uploads/2021/12/Extension-order-IS-14331.pdf | https://bis.gov.in/wp-content/uploads/2021/12/Extension-order-IS-13387.pdf | https://bis.gov.in/wp-content/uploads/2022/05/QCO-Extension-Order-26042022.pdf | https://bis.gov.in/wp-content/uploads/2022/11/Ministry-of-Steel-Order-for-extension-of-date-of-implementation-IS-1110-IS-4409.pdf | https://bis.gov.in/wp-content/uploads/2023/02/Extension-oreder-of-IS-4409.pdf | https://bis.gov.in/wp-content/uploads/2023/07/Extension-order-IS-4409-dt-25-07-2023.pdf | https://bis.gov.in/wp-content/uploads/2024/02/Steel-Steel-Product-QCO-2024.pdf | https://bis.gov.in/wp-content/uploads/2024/05/Ferrocnickel-Extension-Quality-Control-Order-2024.pdf | https://bis.gov.in/wp-content/uploads/2024/08/IS-4409-2023-Specification-for-Ferronickel.pdf | https://bis.gov.in/wp-content/uploads/2024/09/Steel-and-Steel-Products-QCO-2024.pdf | https://www.bis.gov.in/wp-content/uploads/2025/11/Steel-and-Steel-Products-Quality-Control-Amendment-Order-2025.pdf | https://www.bis.gov.in/wp-content/uploads/2026/06/Steel-and-Steel-Products-Quality-Control-Amendment-Order-2026-1.pdf,2026-09-03
Cold – Reduced tinmill products – Blackplate,Steel and Iron Products,Scheme I (ISI Mark),IS/ISO 11951 : 2016,,S.O. 756(E),,14-02-2020,,,https://bis.gov.in/wp-content/uploads/2020/03/Steel-QCO-14022020-1.pdf | https://bis.gov.in/wp-content/uploads/2020/06/Steel-QCO-2020-dated-27th-May-2020.pdf | https://bis.gov.in/wp-content/uploads/2020/07/Steel-QCO-dated-17-July-2020-with-corrigendum.pdf | https://bis.gov.in/wp-content/uploads/2020/07/Steel-QCO-extension-order.pdf | https://bis.gov.in/wp-content/uploads/2020/10/Order-of-Extension-in-the-date-of-enforcement-of-Quality-Control-Order.pdf | https://bis.gov.in/wp-content/uploads/2020/11/QCO-on-144-Steel-Steel-Products-1.pdf | https://bis.gov.in/wp-content/uploads/2021/01/145-QCO-Order.pdf | https://bis.gov.in/wp-content/uploads/2021/04/Order-of-extension-in-the-enforcement-date-for-Indian-Standards-covered-under-the-Quality-Control-Order-namely-IS-3748-IS-7291-and-IS-12146.pdf | https://bis.gov.in/wp-content/uploads/2021/04/Order-of-extension-in-the-enforcement-date-for-some-Indian-Standards-covered-under-the-Quality-Control-Order-namely-IS-4398-and-IS-3195.pdf | https://bis.gov.in/wp-content/uploads/2021/04/ORDERO1.pdf | https://bis.gov.in/wp-content/uploads/2021/06/Order-for-extension-in-date-of-enforcement-for-IS-1110-and-IS-4409.pdf | https://bis.gov.in/wp-content/uploads/2021/06/Order-of-Extension-in-date-of-enforcement-of-IS-4432-IS-5518-IS-12145-IS-13387-IS-4072-IS-13352-covered-under-Qulaity-Control-Order.pdf | https://bis.gov.in/wp-content/uploads/2021/06/Order-of-Extension-in-date-of-enforcement-of-IS-7226-and-IS-14331-covered-under-Qulaity-Control-Order.pdf | https://bis.gov.in/wp-content/uploads/2021/06/Order-of-Extension-in-date-of-enforcement-of-IS-6529-covered-under-Qulaity-Control-Order.pdf | https://bis.gov.in/wp-content/uploads/2021/06/Order-of-extension-in-the-enforcement-date-of-Quality-Control-Order-for-Tin-Plate-and-Tin-Free-Steel.pdf | https://bis.gov.in/wp-content/uploads/2021/08/Extension-in-the-date-of-enforcement-of-Quality-Control-Order-on-IS-3748-IS-7291-and-IS-12146.pdf | https://bis.gov.in/wp-content/uploads/2021/09/Order-of-extension-in-the-date-of-enforcement-of-Quality-Control-Order-for-Indian-Standards-IS-4454-Part-4-IS-11946-IS-11947.pdf | https://bis.gov.in/wp-content/uploads/2021/12/Extension-order-in-the-date-of-enforcement-of-Quality-Control-Order-for-Indian-Standards-IS-1110-1990-and-IS-4409-1973.pdf | https://bis.gov.in/wp-content/uploads/2021/12/Extension-order-IS-14331.pdf | https://bis.gov.in/wp-content/uploads/2021/12/Extension-order-IS-13387.pdf | https://bis.gov.in/wp-content/uploads/2022/05/QCO-Extension-Order-26042022.pdf | https://bis.gov.in/wp-content/uploads/2022/11/Ministry-of-Steel-Order-for-extension-of-date-of-implementation-IS-1110-IS-4409.pdf | https://bis.gov.in/wp-content/uploads/2023/02/Extension-oreder-of-IS-4409.pdf | https://bis.gov.in/wp-content/uploads/2023/07/Extension-order-IS-4409-dt-25-07-2023.pdf | https://bis.gov.in/wp-content/uploads/2024/02/Steel-Steel-Product-QCO-2024.pdf | https://bis.gov.in/wp-content/uploads/2024/05/Ferrocnickel-Extension-Quality-Control-Order-2024.pdf | https://bis.gov.in/wp-content/uploads/2024/08/IS-4409-2023-Specification-for-Ferronickel.pdf | https://bis.gov.in/wp-content/uploads/2024/09/Steel-and-Steel-Products-QCO-2024.pdf | https://www.bis.gov.in/wp-content/uploads/2025/11/Steel-and-Steel-Products-Quality-Control-Amendment-Order-2025.pdf | https://www.bis.gov.in/wp-content/uploads/2026/06/Steel-and-Steel-Products-Quality-Control-Amendment-Order-2026-1.pdf,2026-09-03
Flame And Induction Hardening Steels,Steel and Iron Products,Scheme I (ISI Mark),IS 3930: 1994,,S.O. 756(E),,14-02-2020,,,https://bis.gov.in/wp-content/uploads/2020/03/Steel-QCO-14022020-1.pdf | https://bis.gov.in/wp-content/uploads/2020/06/Steel-QCO-2020-dated-27th-May-2020.pdf | https://bis.gov.in/wp-content/uploads/2020/07/Steel-QCO-dated-17-July-2020-with-corrigendum.pdf | https://bis.gov.in/wp-content/uploads/2020/07/Steel-QCO-extension-order.pdf | https://bis.gov.in/wp-content/uploads/2020/10/Order-of-Extension-in-the-date-of-enforcement-of-Quality-Control-Order.pdf | https://bis.gov.in/wp-content/uploads/2020/11/QCO-on-144-Steel-Steel-Products-1.pdf | https://bis.gov.in/wp-content/uploads/2021/01/145-QCO-Order.pdf | https://bis.gov.in/wp-content/uploads/2021/04/Order-of-extension-in-the-enforcement-date-for-Indian-Standards-covered-under-the-Quality-Control-Order-namely-IS-3748-IS-7291-and-IS-12146.pdf | https://bis.gov.in/wp-content/uploads/2021/04/Order-of-extension-in-the-enforcement-date-for-some-Indian-Standards-covered-under-the-Quality-Control-Order-namely-IS-4398-and-IS-3195.pdf | https://bis.gov.in/wp-content/uploads/2021/04/ORDERO1.pdf | https://bis.gov.in/wp-content/uploads/2021/06/Order-for-extension-in-date-of-enforcement-for-IS-1110-and-IS-4409.pdf | https://bis.gov.in/wp-content/uploads/2021/06/Order-of-Extension-in-date-of-enforcement-of-IS-4432-IS-5518-IS-12145-IS-13387-IS-4072-IS-13352-covered-under-Qulaity-Control-Order.pdf | https://bis.gov.in/wp-content/uploads/2021/06/Order-of-Extension-in-date-of-enforcement-of-IS-7226-and-IS-14331-covered-under-Qulaity-Control-Order.pdf | https://bis.gov.in/wp-content/uploads/2021/06/Order-of-Extension-in-date-of-enforcement-of-IS-6529-covered-under-Qulaity-Control-Order.pdf | https://bis.gov.in/wp-content/uploads/2021/06/Order-of-extension-in-the-enforcement-date-of-Quality-Control-Order-for-Tin-Plate-and-Tin-Free-Steel.pdf | https://bis.gov.in/wp-content/uploads/2021/08/Extension-in-the-date-of-enforcement-of-Quality-Control-Order-on-IS-3748-IS-7291-and-IS-12146.pdf | https://bis.gov.in/wp-content/uploads/2021/09/Order-of-extension-in-the-date-of-enforcement-of-Quality-Control-Order-for-Indian-Standards-IS-4454-Part-4-IS-11946-IS-11947.pdf | https://bis.gov.in/wp-content/uploads/2021/12/Extension-order-in-the-date-of-enforcement-of-Quality-Control-Order-for-Indian-Standards-IS-1110-1990-and-IS-4409-1973.pdf | https://bis.gov.in/wp-content/uploads/2021/12/Extension-order-IS-14331.pdf | https://bis.gov.in/wp-content/uploads/2021/12/Extension-order-IS-13387.pdf | https://bis.gov.in/wp-content/uploads/2022/05/QCO-Extension-Order-26042022.pdf | https://bis.gov.in/wp-content/uploads/2022/11/Ministry-of-Steel-Order-for-extension-of-date-of-implementation-IS-1110-IS-4409.pdf | https://bis.gov.in/wp-content/uploads/2023/02/Extension-oreder-of-IS-4409.pdf | https://bis.gov.in/wp-content/uploads/2023/07/Extension-order-IS-4409-dt-25-07-2023.pdf | https://bis.gov.in/wp-content/uploads/2024/02/Steel-Steel-Product-QCO-2024.pdf | https://bis.gov.in/wp-content/uploads/2024/05/Ferrocnickel-Extension-Quality-Control-Order-2024.pdf | https://bis.gov.in/wp-content/uploads/2024/08/IS-4409-2023-Specification-for-Ferronickel.pdf | https://bis.gov.in/wp-content/uploads/2024/09/Steel-and-Steel-Products-QCO-2024.pdf | https://www.bis.gov.in/wp-content/uploads/2025/11/Steel-and-Steel-Products-Quality-Control-Amendment-Order-2025.pdf | https://www.bis.gov.in/wp-content/uploads/2026/06/Steel-and-Steel-Products-Quality-Control-Amendment-Order-2026-1.pdf,2026-09-03
Thermostat Metal Sheet and Strip,Steel and Iron Products,Scheme I (ISI Mark),IS 5478: 1969,,S.O. 756(E),,14-02-2020,,,https://bis.gov.in/wp-content/uploads/2020/03/Steel-QCO-14022020-1.pdf | https://bis.gov.in/wp-content/uploads/2020/06/Steel-QCO-2020-dated-27th-May-2020.pdf | https://bis.gov.in/wp-content/uploads/2020/07/Steel-QCO-dated-17-July-2020-with-corrigendum.pdf | https://bis.gov.in/wp-content/uploads/2020/07/Steel-QCO-extension-order.pdf | https://bis.gov.in/wp-content/uploads/2020/10/Order-of-Extension-in-the-date-of-enforcement-of-Quality-Control-Order.pdf | https://bis.gov.in/wp-content/uploads/2020/11/QCO-on-144-Steel-Steel-Products-1.pdf | https://bis.gov.in/wp-content/uploads/2021/01/145-QCO-Order.pdf | https://bis.gov.in/wp-content/uploads/2021/04/Order-of-extension-in-the-enforcement-date-for-Indian-Standards-covered-under-the-Quality-Control-Order-namely-IS-3748-IS-7291-and-IS-12146.pdf | https://bis.gov.in/wp-content/uploads/2021/04/Order-of-extension-in-the-enforcement-date-for-some-Indian-Standards-covered-under-the-Quality-Control-Order-namely-IS-4398-and-IS-3195.pdf | https://bis.gov.in/wp-content/uploads/2021/04/ORDERO1.pdf | https://bis.gov.in/wp-content/uploads/2021/06/Order-for-extension-in-date-of-enforcement-for-IS-1110-and-IS-4409.pdf | https://bis.gov.in/wp-content/uploads/2021/06/Order-of-Extension-in-date-of-enforcement-of-IS-4432-IS-5518-IS-12145-IS-13387-IS-4072-IS-13352-covered-under-Qulaity-Control-Order.pdf | https://bis.gov.in/wp-content/uploads/2021/06/Order-of-Extension-in-date-of-enforcement-of-IS-7226-and-IS-14331-covered-under-Qulaity-Control-Order.pdf | https://bis.gov.in/wp-content/uploads/2021/06/Order-of-Extension-in-date-of-enforcement-of-IS-6529-covered-under-Qulaity-Control-Order.pdf | https://bis.gov.in/wp-content/uploads/2021/06/Order-of-extension-in-the-enforcement-date-of-Quality-Control-Order-for-Tin-Plate-and-Tin-Free-Steel.pdf | https://bis.gov.in/wp-content/uploads/2021/08/Extension-in-the-date-of-enforcement-of-Quality-Control-Order-on-IS-3748-IS-7291-and-IS-12146.pdf | https://bis.gov.in/wp-content/uploads/2021/09/Order-of-extension-in-the-date-of-enforcement-of-Quality-Control-Order-for-Indian-Standards-IS-4454-Part-4-IS-11946-IS-11947.pdf | https://bis.gov.in/wp-content/uploads/2021/12/Extension-order-in-the-date-of-enforcement-of-Quality-Control-Order-for-Indian-Standards-IS-1110-1990-and-IS-4409-1973.pdf | https://bis.gov.in/wp-content/uploads/2021/12/Extension-order-IS-14331.pdf | https://bis.gov.in/wp-content/uploads/2021/12/Extension-order-IS-13387.pdf | https://bis.gov.in/wp-content/uploads/2022/05/QCO-Extension-Order-26042022.pdf | https://bis.gov.in/wp-content/uploads/2022/11/Ministry-of-Steel-Order-for-extension-of-date-of-implementation-IS-1110-IS-4409.pdf | https://bis.gov.in/wp-content/uploads/2023/02/Extension-oreder-of-IS-4409.pdf | https://bis.gov.in/wp-content/uploads/2023/07/Extension-order-IS-4409-dt-25-07-2023.pdf | https://bis.gov.in/wp-content/uploads/2024/02/Steel-Steel-Product-QCO-2024.pdf | https://bis.gov.in/wp-content/uploads/2024/05/Ferrocnickel-Extension-Quality-Control-Order-2024.pdf | https://bis.gov.in/wp-content/uploads/2024/08/IS-4409-2023-Specification-for-Ferronickel.pdf | https://bis.gov.in/wp-content/uploads/2024/09/Steel-and-Steel-Products-QCO-2024.pdf | https://www.bis.gov.in/wp-content/uploads/2025/11/Steel-and-Steel-Products-Quality-Control-Amendment-Order-2025.pdf | https://www.bis.gov.in/wp-content/uploads/2026/06/Steel-and-Steel-Products-Quality-Control-Amendment-Order-2026-1.pdf,2026-09-03
"Stock for Forgings produced from Continuously Cast Blooms, Billets and  Slabs",Steel and Iron Products,Scheme I (ISI Mark),IS 13352: 1992,,S.O. 756(E),,14-02-2020,,,https://bis.gov.in/wp-content/uploads/2020/03/Steel-QCO-14022020-1.pdf | https://bis.gov.in/wp-content/uploads/2020/06/Steel-QCO-2020-dated-27th-May-2020.pdf | https://bis.gov.in/wp-content/uploads/2020/07/Steel-QCO-dated-17-July-2020-with-corrigendum.pdf | https://bis.gov.in/wp-content/uploads/2020/07/Steel-QCO-extension-order.pdf | https://bis.gov.in/wp-content/uploads/2020/10/Order-of-Extension-in-the-date-of-enforcement-of-Quality-Control-Order.pdf | https://bis.gov.in/wp-content/uploads/2020/11/QCO-on-144-Steel-Steel-Products-1.pdf | https://bis.gov.in/wp-content/uploads/2021/01/145-QCO-Order.pdf | https://bis.gov.in/wp-content/uploads/2021/04/Order-of-extension-in-the-enforcement-date-for-Indian-Standards-covered-under-the-Quality-Control-Order-namely-IS-3748-IS-7291-and-IS-12146.pdf | https://bis.gov.in/wp-content/uploads/2021/04/Order-of-extension-in-the-enforcement-date-for-some-Indian-Standards-covered-under-the-Quality-Control-Order-namely-IS-4398-and-IS-3195.pdf | https://bis.gov.in/wp-content/uploads/2021/04/ORDERO1.pdf | https://bis.gov.in/wp-content/uploads/2021/06/Order-for-extension-in-date-of-enforcement-for-IS-1110-and-IS-4409.pdf | https://bis.gov.in/wp-content/uploads/2021/06/Order-of-Extension-in-date-of-enforcement-of-IS-4432-IS-5518-IS-12145-IS-13387-IS-4072-IS-13352-covered-under-Qulaity-Control-Order.pdf | https://bis.gov.in/wp-content/uploads/2021/06/Order-of-Extension-in-date-of-enforcement-of-IS-7226-and-IS-14331-covered-under-Qulaity-Control-Order.pdf | https://bis.gov.in/wp-content/uploads/2021/06/Order-of-Extension-in-date-of-enforcement-of-IS-6529-covered-under-Qulaity-Control-Order.pdf | https://bis.gov.in/wp-content/uploads/2021/06/Order-of-extension-in-the-enforcement-date-of-Quality-Control-Order-for-Tin-Plate-and-Tin-Free-Steel.pdf | https://bis.gov.in/wp-content/uploads/2021/08/Extension-in-the-date-of-enforcement-of-Quality-Control-Order-on-IS-3748-IS-7291-and-IS-12146.pdf | https://bis.gov.in/wp-content/uploads/2021/09/Order-of-extension-in-the-date-of-enforcement-of-Quality-Control-Order-for-Indian-Standards-IS-4454-Part-4-IS-11946-IS-11947.pdf | https://bis.gov.in/wp-content/uploads/2021/12/Extension-order-in-the-date-of-enforcement-of-Quality-Control-Order-for-Indian-Standards-IS-1110-1990-and-IS-4409-1973.pdf | https://bis.gov.in/wp-content/uploads/2021/12/Extension-order-IS-14331.pdf | https://bis.gov.in/wp-content/uploads/2021/12/Extension-order-IS-13387.pdf | https://bis.gov.in/wp-content/uploads/2022/05/QCO-Extension-Order-26042022.pdf | https://bis.gov.in/wp-content/uploads/2022/11/Ministry-of-Steel-Order-for-extension-of-date-of-implementation-IS-1110-IS-4409.pdf | https://bis.gov.in/wp-content/uploads/2023/02/Extension-oreder-of-IS-4409.pdf | https://bis.gov.in/wp-content/uploads/2023/07/Extension-order-IS-4409-dt-25-07-2023.pdf | https://bis.gov.in/wp-content/uploads/2024/02/Steel-Steel-Product-QCO-2024.pdf | https://bis.gov.in/wp-content/uploads/2024/05/Ferrocnickel-Extension-Quality-Control-Order-2024.pdf | https://bis.gov.in/wp-content/uploads/2024/08/IS-4409-2023-Specification-for-Ferronickel.pdf | https://bis.gov.in/wp-content/uploads/2024/09/Steel-and-Steel-Products-QCO-2024.pdf | https://www.bis.gov.in/wp-content/uploads/2025/11/Steel-and-Steel-Products-Quality-Control-Amendment-Order-2025.pdf | https://www.bis.gov.in/wp-content/uploads/2026/06/Steel-and-Steel-Products-Quality-Control-Amendment-Order-2026-1.pdf,2026-09-03
"Stress-Relieved, Low Relaxation Steel Wire for Pre-stressed Concrete",Steel and Iron Products,Scheme I (ISI Mark),IS 16644: 2018,,S.O. 756(E),,14-02-2020,,,https://bis.gov.in/wp-content/uploads/2020/03/Steel-QCO-14022020-1.pdf | https://bis.gov.in/wp-content/uploads/2020/06/Steel-QCO-2020-dated-27th-May-2020.pdf | https://bis.gov.in/wp-content/uploads/2020/07/Steel-QCO-dated-17-July-2020-with-corrigendum.pdf | https://bis.gov.in/wp-content/uploads/2020/07/Steel-QCO-extension-order.pdf | https://bis.gov.in/wp-content/uploads/2020/10/Order-of-Extension-in-the-date-of-enforcement-of-Quality-Control-Order.pdf | https://bis.gov.in/wp-content/uploads/2020/11/QCO-on-144-Steel-Steel-Products-1.pdf | https://bis.gov.in/wp-content/uploads/2021/01/145-QCO-Order.pdf | https://bis.gov.in/wp-content/uploads/2021/04/Order-of-extension-in-the-enforcement-date-for-Indian-Standards-covered-under-the-Quality-Control-Order-namely-IS-3748-IS-7291-and-IS-12146.pdf | https://bis.gov.in/wp-content/uploads/2021/04/Order-of-extension-in-the-enforcement-date-for-some-Indian-Standards-covered-under-the-Quality-Control-Order-namely-IS-4398-and-IS-3195.pdf | https://bis.gov.in/wp-content/uploads/2021/04/ORDERO1.pdf | https://bis.gov.in/wp-content/uploads/2021/06/Order-for-extension-in-date-of-enforcement-for-IS-1110-and-IS-4409.pdf | https://bis.gov.in/wp-content/uploads/2021/06/Order-of-Extension-in-date-of-enforcement-of-IS-4432-IS-5518-IS-12145-IS-13387-IS-4072-IS-13352-covered-under-Qulaity-Control-Order.pdf | https://bis.gov.in/wp-content/uploads/2021/06/Order-of-Extension-in-date-of-enforcement-of-IS-7226-and-IS-14331-covered-under-Qulaity-Control-Order.pdf | https://bis.gov.in/wp-content/uploads/2021/06/Order-of-Extension-in-date-of-enforcement-of-IS-6529-covered-under-Qulaity-Control-Order.pdf | https://bis.gov.in/wp-content/uploads/2021/06/Order-of-extension-in-the-enforcement-date-of-Quality-Control-Order-for-Tin-Plate-and-Tin-Free-Steel.pdf | https://bis.gov.in/wp-content/uploads/2021/08/Extension-in-the-date-of-enforcement-of-Quality-Control-Order-on-IS-3748-IS-7291-and-IS-12146.pdf | https://bis.gov.in/wp-content/uploads/2021/09/Order-of-extension-in-the-date-of-enforcement-of-Quality-Control-Order-for-Indian-Standards-IS-4454-Part-4-IS-11946-IS-11947.pdf | https://bis.gov.in/wp-content/uploads/2021/12/Extension-order-in-the-date-of-enforcement-of-Quality-Control-Order-for-Indian-Standards-IS-1110-1990-and-IS-4409-1973.pdf | https://bis.gov.in/wp-content/uploads/2021/12/Extension-order-IS-14331.pdf | https://bis.gov.in/wp-content/uploads/2021/12/Extension-order-IS-13387.pdf | https://bis.gov.in/wp-content/uploads/2022/05/QCO-Extension-Order-26042022.pdf | https://bis.gov.in/wp-content/uploads/2022/11/Ministry-of-Steel-Order-for-extension-of-date-of-implementation-IS-1110-IS-4409.pdf | https://bis.gov.in/wp-content/uploads/2023/02/Extension-oreder-of-IS-4409.pdf | https://bis.gov.in/wp-content/uploads/2023/07/Extension-order-IS-4409-dt-25-07-2023.pdf | https://bis.gov.in/wp-content/uploads/2024/02/Steel-Steel-Product-QCO-2024.pdf | https://bis.gov.in/wp-content/uploads/2024/05/Ferrocnickel-Extension-Quality-Control-Order-2024.pdf | https://bis.gov.in/wp-content/uploads/2024/08/IS-4409-2023-Specification-for-Ferronickel.pdf | https://bis.gov.in/wp-content/uploads/2024/09/Steel-and-Steel-Products-QCO-2024.pdf | https://www.bis.gov.in/wp-content/uploads/2025/11/Steel-and-Steel-Products-Quality-Control-Amendment-Order-2025.pdf | https://www.bis.gov.in/wp-content/uploads/2026/06/Steel-and-Steel-Products-Quality-Control-Amendment-Order-2026-1.pdf,2026-09-03
Electrogalvanized Hot Rolled and Cold Reduced Carbon Steel Sheetsand Strips,Steel and Iron Products,Scheme I (ISI Mark),IS 17404 : 2020,,S.O. 756(E),,14-02-2020,,,https://bis.gov.in/wp-content/uploads/2020/03/Steel-QCO-14022020-1.pdf | https://bis.gov.in/wp-content/uploads/2020/06/Steel-QCO-2020-dated-27th-May-2020.pdf | https://bis.gov.in/wp-content/uploads/2020/07/Steel-QCO-dated-17-July-2020-with-corrigendum.pdf | https://bis.gov.in/wp-content/uploads/2020/07/Steel-QCO-extension-order.pdf | https://bis.gov.in/wp-content/uploads/2020/10/Order-of-Extension-in-the-date-of-enforcement-of-Quality-Control-Order.pdf | https://bis.gov.in/wp-content/uploads/2020/11/QCO-on-144-Steel-Steel-Products-1.pdf | https://bis.gov.in/wp-content/uploads/2021/01/145-QCO-Order.pdf | https://bis.gov.in/wp-content/uploads/2021/04/Order-of-extension-in-the-enforcement-date-for-Indian-Standards-covered-under-the-Quality-Control-Order-namely-IS-3748-IS-7291-and-IS-12146.pdf | https://bis.gov.in/wp-content/uploads/2021/04/Order-of-extension-in-the-enforcement-date-for-some-Indian-Standards-covered-under-the-Quality-Control-Order-namely-IS-4398-and-IS-3195.pdf | https://bis.gov.in/wp-content/uploads/2021/04/ORDERO1.pdf | https://bis.gov.in/wp-content/uploads/2021/06/Order-for-extension-in-date-of-enforcement-for-IS-1110-and-IS-4409.pdf | https://bis.gov.in/wp-content/uploads/2021/06/Order-of-Extension-in-date-of-enforcement-of-IS-4432-IS-5518-IS-12145-IS-13387-IS-4072-IS-13352-covered-under-Qulaity-Control-Order.pdf | https://bis.gov.in/wp-content/uploads/2021/06/Order-of-Extension-in-date-of-enforcement-of-IS-7226-and-IS-14331-covered-under-Qulaity-Control-Order.pdf | https://bis.gov.in/wp-content/uploads/2021/06/Order-of-Extension-in-date-of-enforcement-of-IS-6529-covered-under-Qulaity-Control-Order.pdf | https://bis.gov.in/wp-content/uploads/2021/06/Order-of-extension-in-the-enforcement-date-of-Quality-Control-Order-for-Tin-Plate-and-Tin-Free-Steel.pdf | https://bis.gov.in/wp-content/uploads/2021/08/Extension-in-the-date-of-enforcement-of-Quality-Control-Order-on-IS-3748-IS-7291-and-IS-12146.pdf | https://bis.gov.in/wp-content/uploads/2021/09/Order-of-extension-in-the-date-of-enforcement-of-Quality-Control-Order-for-Indian-Standards-IS-4454-Part-4-IS-11946-IS-11947.pdf | https://bis.gov.in/wp-content/uploads/2021/12/Extension-order-in-the-date-of-enforcement-of-Quality-Control-Order-for-Indian-Standards-IS-1110-1990-and-IS-4409-1973.pdf | https://bis.gov.in/wp-content/uploads/2021/12/Extension-order-IS-14331.pdf | https://bis.gov.in/wp-content/uploads/2021/12/Extension-order-IS-13387.pdf | https://bis.gov.in/wp-content/uploads/2022/05/QCO-Extension-Order-26042022.pdf | https://bis.gov.in/wp-content/uploads/2022/11/Ministry-of-Steel-Order-for-extension-of-date-of-implementation-IS-1110-IS-4409.pdf | https://bis.gov.in/wp-content/uploads/2023/02/Extension-oreder-of-IS-4409.pdf | https://bis.gov.in/wp-content/uploads/2023/07/Extension-order-IS-4409-dt-25-07-2023.pdf | https://bis.gov.in/wp-content/uploads/2024/02/Steel-Steel-Product-QCO-2024.pdf | https://bis.gov.in/wp-content/uploads/2024/05/Ferrocnickel-Extension-Quality-Control-Order-2024.pdf | https://bis.gov.in/wp-content/uploads/2024/08/IS-4409-2023-Specification-for-Ferronickel.pdf | https://bis.gov.in/wp-content/uploads/2024/09/Steel-and-Steel-Products-QCO-2024.pdf | https://www.bis.gov.in/wp-content/uploads/2025/11/Steel-and-Steel-Products-Quality-Control-Amendment-Order-2025.pdf | https://www.bis.gov.in/wp-content/uploads/2026/06/Steel-and-Steel-Products-Quality-Control-Amendment-Order-2026-1.pdf,2026-09-03
Hot Rolled and Cold Rolled Steel Strips Intended For Processing Of Semi/Fully Processed NonGrain Oriented Electrical Steel Or Fully Processed Grain Oriented Electrical Steel,Steel and Iron Products,Scheme I (ISI Mark),IS 18316: 2023,,S.O. 756(E),,14-02-2020,,,https://bis.gov.in/wp-content/uploads/2020/03/Steel-QCO-14022020-1.pdf | https://bis.gov.in/wp-content/uploads/2020/06/Steel-QCO-2020-dated-27th-May-2020.pdf | https://bis.gov.in/wp-content/uploads/2020/07/Steel-QCO-dated-17-July-2020-with-corrigendum.pdf | https://bis.gov.in/wp-content/uploads/2020/07/Steel-QCO-extension-order.pdf | https://bis.gov.in/wp-content/uploads/2020/10/Order-of-Extension-in-the-date-of-enforcement-of-Quality-Control-Order.pdf | https://bis.gov.in/wp-content/uploads/2020/11/QCO-on-144-Steel-Steel-Products-1.pdf | https://bis.gov.in/wp-content/uploads/2021/01/145-QCO-Order.pdf | https://bis.gov.in/wp-content/uploads/2021/04/Order-of-extension-in-the-enforcement-date-for-Indian-Standards-covered-under-the-Quality-Control-Order-namely-IS-3748-IS-7291-and-IS-12146.pdf | https://bis.gov.in/wp-content/uploads/2021/04/Order-of-extension-in-the-enforcement-date-for-some-Indian-Standards-covered-under-the-Quality-Control-Order-namely-IS-4398-and-IS-3195.pdf | https://bis.gov.in/wp-content/uploads/2021/04/ORDERO1.pdf | https://bis.gov.in/wp-content/uploads/2021/06/Order-for-extension-in-date-of-enforcement-for-IS-1110-and-IS-4409.pdf | https://bis.gov.in/wp-content/uploads/2021/06/Order-of-Extension-in-date-of-enforcement-of-IS-4432-IS-5518-IS-12145-IS-13387-IS-4072-IS-13352-covered-under-Qulaity-Control-Order.pdf | https://bis.gov.in/wp-content/uploads/2021/06/Order-of-Extension-in-date-of-enforcement-of-IS-7226-and-IS-14331-covered-under-Qulaity-Control-Order.pdf | https://bis.gov.in/wp-content/uploads/2021/06/Order-of-Extension-in-date-of-enforcement-of-IS-6529-covered-under-Qulaity-Control-Order.pdf | https://bis.gov.in/wp-content/uploads/2021/06/Order-of-extension-in-the-enforcement-date-of-Quality-Control-Order-for-Tin-Plate-and-Tin-Free-Steel.pdf | https://bis.gov.in/wp-content/uploads/2021/08/Extension-in-the-date-of-enforcement-of-Quality-Control-Order-on-IS-3748-IS-7291-and-IS-12146.pdf | https://bis.gov.in/wp-content/uploads/2021/09/Order-of-extension-in-the-date-of-enforcement-of-Quality-Control-Order-for-Indian-Standards-IS-4454-Part-4-IS-11946-IS-11947.pdf | https://bis.gov.in/wp-content/uploads/2021/12/Extension-order-in-the-date-of-enforcement-of-Quality-Control-Order-for-Indian-Standards-IS-1110-1990-and-IS-4409-1973.pdf | https://bis.gov.in/wp-content/uploads/2021/12/Extension-order-IS-14331.pdf | https://bis.gov.in/wp-content/uploads/2021/12/Extension-order-IS-13387.pdf | https://bis.gov.in/wp-content/uploads/2022/05/QCO-Extension-Order-26042022.pdf | https://bis.gov.in/wp-content/uploads/2022/11/Ministry-of-Steel-Order-for-extension-of-date-of-implementation-IS-1110-IS-4409.pdf | https://bis.gov.in/wp-content/uploads/2023/02/Extension-oreder-of-IS-4409.pdf | https://bis.gov.in/wp-content/uploads/2023/07/Extension-order-IS-4409-dt-25-07-2023.pdf | https://bis.gov.in/wp-content/uploads/2024/02/Steel-Steel-Product-QCO-2024.pdf | https://bis.gov.in/wp-content/uploads/2024/05/Ferrocnickel-Extension-Quality-Control-Order-2024.pdf | https://bis.gov.in/wp-content/uploads/2024/08/IS-4409-2023-Specification-for-Ferronickel.pdf | https://bis.gov.in/wp-content/uploads/2024/09/Steel-and-Steel-Products-QCO-2024.pdf | https://www.bis.gov.in/wp-content/uploads/2025/11/Steel-and-Steel-Products-Quality-Control-Amendment-Order-2025.pdf | https://www.bis.gov.in/wp-content/uploads/2026/06/Steel-and-Steel-Products-Quality-Control-Amendment-Order-2026-1.pdf,2026-09-03
"Hot-Rolled Steel Strip, Sheet and Plates for Welded Steel Pipe for Pipeline Transportation Systems",Steel and Iron Products,Scheme I (ISI Mark),IS 18384: 2023,,S.O. 756(E),,14-02-2020,,,https://bis.gov.in/wp-content/uploads/2020/03/Steel-QCO-14022020-1.pdf | https://bis.gov.in/wp-content/uploads/2020/06/Steel-QCO-2020-dated-27th-May-2020.pdf | https://bis.gov.in/wp-content/uploads/2020/07/Steel-QCO-dated-17-July-2020-with-corrigendum.pdf | https://bis.gov.in/wp-content/uploads/2020/07/Steel-QCO-extension-order.pdf | https://bis.gov.in/wp-content/uploads/2020/10/Order-of-Extension-in-the-date-of-enforcement-of-Quality-Control-Order.pdf | https://bis.gov.in/wp-content/uploads/2020/11/QCO-on-144-Steel-Steel-Products-1.pdf | https://bis.gov.in/wp-content/uploads/2021/01/145-QCO-Order.pdf | https://bis.gov.in/wp-content/uploads/2021/04/Order-of-extension-in-the-enforcement-date-for-Indian-Standards-covered-under-the-Quality-Control-Order-namely-IS-3748-IS-7291-and-IS-12146.pdf | https://bis.gov.in/wp-content/uploads/2021/04/Order-of-extension-in-the-enforcement-date-for-some-Indian-Standards-covered-under-the-Quality-Control-Order-namely-IS-4398-and-IS-3195.pdf | https://bis.gov.in/wp-content/uploads/2021/04/ORDERO1.pdf | https://bis.gov.in/wp-content/uploads/2021/06/Order-for-extension-in-date-of-enforcement-for-IS-1110-and-IS-4409.pdf | https://bis.gov.in/wp-content/uploads/2021/06/Order-of-Extension-in-date-of-enforcement-of-IS-4432-IS-5518-IS-12145-IS-13387-IS-4072-IS-13352-covered-under-Qulaity-Control-Order.pdf | https://bis.gov.in/wp-content/uploads/2021/06/Order-of-Extension-in-date-of-enforcement-of-IS-7226-and-IS-14331-covered-under-Qulaity-Control-Order.pdf | https://bis.gov.in/wp-content/uploads/2021/06/Order-of-Extension-in-date-of-enforcement-of-IS-6529-covered-under-Qulaity-Control-Order.pdf | https://bis.gov.in/wp-content/uploads/2021/06/Order-of-extension-in-the-enforcement-date-of-Quality-Control-Order-for-Tin-Plate-and-Tin-Free-Steel.pdf | https://bis.gov.in/wp-content/uploads/2021/08/Extension-in-the-date-of-enforcement-of-Quality-Control-Order-on-IS-3748-IS-7291-and-IS-12146.pdf | https://bis.gov.in/wp-content/uploads/2021/09/Order-of-extension-in-the-date-of-enforcement-of-Quality-Control-Order-for-Indian-Standards-IS-4454-Part-4-IS-11946-IS-11947.pdf | https://bis.gov.in/wp-content/uploads/2021/12/Extension-order-in-the-date-of-enforcement-of-Quality-Control-Order-for-Indian-Standards-IS-1110-1990-and-IS-4409-1973.pdf | https://bis.gov.in/wp-content/uploads/2021/12/Extension-order-IS-14331.pdf | https://bis.gov.in/wp-content/uploads/2021/12/Extension-order-IS-13387.pdf | https://bis.gov.in/wp-content/uploads/2022/05/QCO-Extension-Order-26042022.pdf | https://bis.gov.in/wp-content/uploads/2022/11/Ministry-of-Steel-Order-for-extension-of-date-of-implementation-IS-1110-IS-4409.pdf | https://bis.gov.in/wp-content/uploads/2023/02/Extension-oreder-of-IS-4409.pdf | https://bis.gov.in/wp-content/uploads/2023/07/Extension-order-IS-4409-dt-25-07-2023.pdf | https://bis.gov.in/wp-content/uploads/2024/02/Steel-Steel-Product-QCO-2024.pdf | https://bis.gov.in/wp-content/uploads/2024/05/Ferrocnickel-Extension-Quality-Control-Order-2024.pdf | https://bis.gov.in/wp-content/uploads/2024/08/IS-4409-2023-Specification-for-Ferronickel.pdf | https://bis.gov.in/wp-content/uploads/2024/09/Steel-and-Steel-Products-QCO-2024.pdf | https://www.bis.gov.in/wp-content/uploads/2025/11/Steel-and-Steel-Products-Quality-Control-Amendment-Order-2025.pdf | https://www.bis.gov.in/wp-content/uploads/2026/06/Steel-and-Steel-Products-Quality-Control-Amendment-Order-2026-1.pdf,2026-09-03
Hot- Dip galvanized/ galvannealed Steel Sheet and strips for Automotive Applications,Steel and Iron Products,Scheme I (ISI Mark),IS 18385: 2023,,S.O. 756(E),,14-02-2020,,,https://bis.gov.in/wp-content/uploads/2020/03/Steel-QCO-14022020-1.pdf | https://bis.gov.in/wp-content/uploads/2020/06/Steel-QCO-2020-dated-27th-May-2020.pdf | https://bis.gov.in/wp-content/uploads/2020/07/Steel-QCO-dated-17-July-2020-with-corrigendum.pdf | https://bis.gov.in/wp-content/uploads/2020/07/Steel-QCO-extension-order.pdf | https://bis.gov.in/wp-content/uploads/2020/10/Order-of-Extension-in-the-date-of-enforcement-of-Quality-Control-Order.pdf | https://bis.gov.in/wp-content/uploads/2020/11/QCO-on-144-Steel-Steel-Products-1.pdf | https://bis.gov.in/wp-content/uploads/2021/01/145-QCO-Order.pdf | https://bis.gov.in/wp-content/uploads/2021/04/Order-of-extension-in-the-enforcement-date-for-Indian-Standards-covered-under-the-Quality-Control-Order-namely-IS-3748-IS-7291-and-IS-12146.pdf | https://bis.gov.in/wp-content/uploads/2021/04/Order-of-extension-in-the-enforcement-date-for-some-Indian-Standards-covered-under-the-Quality-Control-Order-namely-IS-4398-and-IS-3195.pdf | https://bis.gov.in/wp-content/uploads/2021/04/ORDERO1.pdf | https://bis.gov.in/wp-content/uploads/2021/06/Order-for-extension-in-date-of-enforcement-for-IS-1110-and-IS-4409.pdf | https://bis.gov.in/wp-content/uploads/2021/06/Order-of-Extension-in-date-of-enforcement-of-IS-4432-IS-5518-IS-12145-IS-13387-IS-4072-IS-13352-covered-under-Qulaity-Control-Order.pdf | https://bis.gov.in/wp-content/uploads/2021/06/Order-of-Extension-in-date-of-enforcement-of-IS-7226-and-IS-14331-covered-under-Qulaity-Control-Order.pdf | https://bis.gov.in/wp-content/uploads/2021/06/Order-of-Extension-in-date-of-enforcement-of-IS-6529-covered-under-Qulaity-Control-Order.pdf | https://bis.gov.in/wp-content/uploads/2021/06/Order-of-extension-in-the-enforcement-date-of-Quality-Control-Order-for-Tin-Plate-and-Tin-Free-Steel.pdf | https://bis.gov.in/wp-content/uploads/2021/08/Extension-in-the-date-of-enforcement-of-Quality-Control-Order-on-IS-3748-IS-7291-and-IS-12146.pdf | https://bis.gov.in/wp-content/uploads/2021/09/Order-of-extension-in-the-date-of-enforcement-of-Quality-Control-Order-for-Indian-Standards-IS-4454-Part-4-IS-11946-IS-11947.pdf | https://bis.gov.in/wp-content/uploads/2021/12/Extension-order-in-the-date-of-enforcement-of-Quality-Control-Order-for-Indian-Standards-IS-1110-1990-and-IS-4409-1973.pdf | https://bis.gov.in/wp-content/uploads/2021/12/Extension-order-IS-14331.pdf | https://bis.gov.in/wp-content/uploads/2021/12/Extension-order-IS-13387.pdf | https://bis.gov.in/wp-content/uploads/2022/05/QCO-Extension-Order-26042022.pdf | https://bis.gov.in/wp-content/uploads/2022/11/Ministry-of-Steel-Order-for-extension-of-date-of-implementation-IS-1110-IS-4409.pdf | https://bis.gov.in/wp-content/uploads/2023/02/Extension-oreder-of-IS-4409.pdf | https://bis.gov.in/wp-content/uploads/2023/07/Extension-order-IS-4409-dt-25-07-2023.pdf | https://bis.gov.in/wp-content/uploads/2024/02/Steel-Steel-Product-QCO-2024.pdf | https://bis.gov.in/wp-content/uploads/2024/05/Ferrocnickel-Extension-Quality-Control-Order-2024.pdf | https://bis.gov.in/wp-content/uploads/2024/08/IS-4409-2023-Specification-for-Ferronickel.pdf | https://bis.gov.in/wp-content/uploads/2024/09/Steel-and-Steel-Products-QCO-2024.pdf | https://www.bis.gov.in/wp-content/uploads/2025/11/Steel-and-Steel-Products-Quality-Control-Amendment-Order-2025.pdf | https://www.bis.gov.in/wp-content/uploads/2026/06/Steel-and-Steel-Products-Quality-Control-Amendment-Order-2026-1.pdf,2026-09-03
"Hot-Dip Zinc – Aluminium – Magnesium Alloy Coated Steel Sheets, Plates and Strips",Steel and Iron Products,Scheme I (ISI Mark),IS 18513: 2023,,S.O. 756(E),,14-02-2020,,,https://bis.gov.in/wp-content/uploads/2020/03/Steel-QCO-14022020-1.pdf | https://bis.gov.in/wp-content/uploads/2020/06/Steel-QCO-2020-dated-27th-May-2020.pdf | https://bis.gov.in/wp-content/uploads/2020/07/Steel-QCO-dated-17-July-2020-with-corrigendum.pdf | https://bis.gov.in/wp-content/uploads/2020/07/Steel-QCO-extension-order.pdf | https://bis.gov.in/wp-content/uploads/2020/10/Order-of-Extension-in-the-date-of-enforcement-of-Quality-Control-Order.pdf | https://bis.gov.in/wp-content/uploads/2020/11/QCO-on-144-Steel-Steel-Products-1.pdf | https://bis.gov.in/wp-content/uploads/2021/01/145-QCO-Order.pdf | https://bis.gov.in/wp-content/uploads/2021/04/Order-of-extension-in-the-enforcement-date-for-Indian-Standards-covered-under-the-Quality-Control-Order-namely-IS-3748-IS-7291-and-IS-12146.pdf | https://bis.gov.in/wp-content/uploads/2021/04/Order-of-extension-in-the-enforcement-date-for-some-Indian-Standards-covered-under-the-Quality-Control-Order-namely-IS-4398-and-IS-3195.pdf | https://bis.gov.in/wp-content/uploads/2021/04/ORDERO1.pdf | https://bis.gov.in/wp-content/uploads/2021/06/Order-for-extension-in-date-of-enforcement-for-IS-1110-and-IS-4409.pdf | https://bis.gov.in/wp-content/uploads/2021/06/Order-of-Extension-in-date-of-enforcement-of-IS-4432-IS-5518-IS-12145-IS-13387-IS-4072-IS-13352-covered-under-Qulaity-Control-Order.pdf | https://bis.gov.in/wp-content/uploads/2021/06/Order-of-Extension-in-date-of-enforcement-of-IS-7226-and-IS-14331-covered-under-Qulaity-Control-Order.pdf | https://bis.gov.in/wp-content/uploads/2021/06/Order-of-Extension-in-date-of-enforcement-of-IS-6529-covered-under-Qulaity-Control-Order.pdf | https://bis.gov.in/wp-content/uploads/2021/06/Order-of-extension-in-the-enforcement-date-of-Quality-Control-Order-for-Tin-Plate-and-Tin-Free-Steel.pdf | https://bis.gov.in/wp-content/uploads/2021/08/Extension-in-the-date-of-enforcement-of-Quality-Control-Order-on-IS-3748-IS-7291-and-IS-12146.pdf | https://bis.gov.in/wp-content/uploads/2021/09/Order-of-extension-in-the-date-of-enforcement-of-Quality-Control-Order-for-Indian-Standards-IS-4454-Part-4-IS-11946-IS-11947.pdf | https://bis.gov.in/wp-content/uploads/2021/12/Extension-order-in-the-date-of-enforcement-of-Quality-Control-Order-for-Indian-Standards-IS-1110-1990-and-IS-4409-1973.pdf | https://bis.gov.in/wp-content/uploads/2021/12/Extension-order-IS-14331.pdf | https://bis.gov.in/wp-content/uploads/2021/12/Extension-order-IS-13387.pdf | https://bis.gov.in/wp-content/uploads/2022/05/QCO-Extension-Order-26042022.pdf | https://bis.gov.in/wp-content/uploads/2022/11/Ministry-of-Steel-Order-for-extension-of-date-of-implementation-IS-1110-IS-4409.pdf | https://bis.gov.in/wp-content/uploads/2023/02/Extension-oreder-of-IS-4409.pdf | https://bis.gov.in/wp-content/uploads/2023/07/Extension-order-IS-4409-dt-25-07-2023.pdf | https://bis.gov.in/wp-content/uploads/2024/02/Steel-Steel-Product-QCO-2024.pdf | https://bis.gov.in/wp-content/uploads/2024/05/Ferrocnickel-Extension-Quality-Control-Order-2024.pdf | https://bis.gov.in/wp-content/uploads/2024/08/IS-4409-2023-Specification-for-Ferronickel.pdf | https://bis.gov.in/wp-content/uploads/2024/09/Steel-and-Steel-Products-QCO-2024.pdf | https://www.bis.gov.in/wp-content/uploads/2025/11/Steel-and-Steel-Products-Quality-Control-Amendment-Order-2025.pdf | https://www.bis.gov.in/wp-content/uploads/2026/06/Steel-and-Steel-Products-Quality-Control-Amendment-Order-2026-1.pdf,2026-09-03
Ferromolybdenum – Specification,Steel and Iron Products,Scheme I (ISI Mark),IS 1469: 1993,,S.O. 756(E),,14-02-2020,,,https://bis.gov.in/wp-content/uploads/2020/03/Steel-QCO-14022020-1.pdf | https://bis.gov.in/wp-content/uploads/2020/06/Steel-QCO-2020-dated-27th-May-2020.pdf | https://bis.gov.in/wp-content/uploads/2020/07/Steel-QCO-dated-17-July-2020-with-corrigendum.pdf | https://bis.gov.in/wp-content/uploads/2020/07/Steel-QCO-extension-order.pdf | https://bis.gov.in/wp-content/uploads/2020/10/Order-of-Extension-in-the-date-of-enforcement-of-Quality-Control-Order.pdf | https://bis.gov.in/wp-content/uploads/2020/11/QCO-on-144-Steel-Steel-Products-1.pdf | https://bis.gov.in/wp-content/uploads/2021/01/145-QCO-Order.pdf | https://bis.gov.in/wp-content/uploads/2021/04/Order-of-extension-in-the-enforcement-date-for-Indian-Standards-covered-under-the-Quality-Control-Order-namely-IS-3748-IS-7291-and-IS-12146.pdf | https://bis.gov.in/wp-content/uploads/2021/04/Order-of-extension-in-the-enforcement-date-for-some-Indian-Standards-covered-under-the-Quality-Control-Order-namely-IS-4398-and-IS-3195.pdf | https://bis.gov.in/wp-content/uploads/2021/04/ORDERO1.pdf | https://bis.gov.in/wp-content/uploads/2021/06/Order-for-extension-in-date-of-enforcement-for-IS-1110-and-IS-4409.pdf | https://bis.gov.in/wp-content/uploads/2021/06/Order-of-Extension-in-date-of-enforcement-of-IS-4432-IS-5518-IS-12145-IS-13387-IS-4072-IS-13352-covered-under-Qulaity-Control-Order.pdf | https://bis.gov.in/wp-content/uploads/2021/06/Order-of-Extension-in-date-of-enforcement-of-IS-7226-and-IS-14331-covered-under-Qulaity-Control-Order.pdf | https://bis.gov.in/wp-content/uploads/2021/06/Order-of-Extension-in-date-of-enforcement-of-IS-6529-covered-under-Qulaity-Control-Order.pdf | https://bis.gov.in/wp-content/uploads/2021/06/Order-of-extension-in-the-enforcement-date-of-Quality-Control-Order-for-Tin-Plate-and-Tin-Free-Steel.pdf | https://bis.gov.in/wp-content/uploads/2021/08/Extension-in-the-date-of-enforcement-of-Quality-Control-Order-on-IS-3748-IS-7291-and-IS-12146.pdf | https://bis.gov.in/wp-content/uploads/2021/09/Order-of-extension-in-the-date-of-enforcement-of-Quality-Control-Order-for-Indian-Standards-IS-4454-Part-4-IS-11946-IS-11947.pdf | https://bis.gov.in/wp-content/uploads/2021/12/Extension-order-in-the-date-of-enforcement-of-Quality-Control-Order-for-Indian-Standards-IS-1110-1990-and-IS-4409-1973.pdf | https://bis.gov.in/wp-content/uploads/2021/12/Extension-order-IS-14331.pdf | https://bis.gov.in/wp-content/uploads/2021/12/Extension-order-IS-13387.pdf | https://bis.gov.in/wp-content/uploads/2022/05/QCO-Extension-Order-26042022.pdf | https://bis.gov.in/wp-content/uploads/2022/11/Ministry-of-Steel-Order-for-extension-of-date-of-implementation-IS-1110-IS-4409.pdf | https://bis.gov.in/wp-content/uploads/2023/02/Extension-oreder-of-IS-4409.pdf | https://bis.gov.in/wp-content/uploads/2023/07/Extension-order-IS-4409-dt-25-07-2023.pdf | https://bis.gov.in/wp-content/uploads/2024/02/Steel-Steel-Product-QCO-2024.pdf | https://bis.gov.in/wp-content/uploads/2024/05/Ferrocnickel-Extension-Quality-Control-Order-2024.pdf | https://bis.gov.in/wp-content/uploads/2024/08/IS-4409-2023-Specification-for-Ferronickel.pdf | https://bis.gov.in/wp-content/uploads/2024/09/Steel-and-Steel-Products-QCO-2024.pdf | https://www.bis.gov.in/wp-content/uploads/2025/11/Steel-and-Steel-Products-Quality-Control-Amendment-Order-2025.pdf | https://www.bis.gov.in/wp-content/uploads/2026/06/Steel-and-Steel-Products-Quality-Control-Amendment-Order-2026-1.pdf,2026-09-03
Specification for Ferro Vanadium,Steel and Iron Products,Scheme I (ISI Mark),IS 1466: 1985,,S.O. 756(E),,14-02-2020,,,https://bis.gov.in/wp-content/uploads/2020/03/Steel-QCO-14022020-1.pdf | https://bis.gov.in/wp-content/uploads/2020/06/Steel-QCO-2020-dated-27th-May-2020.pdf | https://bis.gov.in/wp-content/uploads/2020/07/Steel-QCO-dated-17-July-2020-with-corrigendum.pdf | https://bis.gov.in/wp-content/uploads/2020/07/Steel-QCO-extension-order.pdf | https://bis.gov.in/wp-content/uploads/2020/10/Order-of-Extension-in-the-date-of-enforcement-of-Quality-Control-Order.pdf | https://bis.gov.in/wp-content/uploads/2020/11/QCO-on-144-Steel-Steel-Products-1.pdf | https://bis.gov.in/wp-content/uploads/2021/01/145-QCO-Order.pdf | https://bis.gov.in/wp-content/uploads/2021/04/Order-of-extension-in-the-enforcement-date-for-Indian-Standards-covered-under-the-Quality-Control-Order-namely-IS-3748-IS-7291-and-IS-12146.pdf | https://bis.gov.in/wp-content/uploads/2021/04/Order-of-extension-in-the-enforcement-date-for-some-Indian-Standards-covered-under-the-Quality-Control-Order-namely-IS-4398-and-IS-3195.pdf | https://bis.gov.in/wp-content/uploads/2021/04/ORDERO1.pdf | https://bis.gov.in/wp-content/uploads/2021/06/Order-for-extension-in-date-of-enforcement-for-IS-1110-and-IS-4409.pdf | https://bis.gov.in/wp-content/uploads/2021/06/Order-of-Extension-in-date-of-enforcement-of-IS-4432-IS-5518-IS-12145-IS-13387-IS-4072-IS-13352-covered-under-Qulaity-Control-Order.pdf | https://bis.gov.in/wp-content/uploads/2021/06/Order-of-Extension-in-date-of-enforcement-of-IS-7226-and-IS-14331-covered-under-Qulaity-Control-Order.pdf | https://bis.gov.in/wp-content/uploads/2021/06/Order-of-Extension-in-date-of-enforcement-of-IS-6529-covered-under-Qulaity-Control-Order.pdf | https://bis.gov.in/wp-content/uploads/2021/06/Order-of-extension-in-the-enforcement-date-of-Quality-Control-Order-for-Tin-Plate-and-Tin-Free-Steel.pdf | https://bis.gov.in/wp-content/uploads/2021/08/Extension-in-the-date-of-enforcement-of-Quality-Control-Order-on-IS-3748-IS-7291-and-IS-12146.pdf | https://bis.gov.in/wp-content/uploads/2021/09/Order-of-extension-in-the-date-of-enforcement-of-Quality-Control-Order-for-Indian-Standards-IS-4454-Part-4-IS-11946-IS-11947.pdf | https://bis.gov.in/wp-content/uploads/2021/12/Extension-order-in-the-date-of-enforcement-of-Quality-Control-Order-for-Indian-Standards-IS-1110-1990-and-IS-4409-1973.pdf | https://bis.gov.in/wp-content/uploads/2021/12/Extension-order-IS-14331.pdf | https://bis.gov.in/wp-content/uploads/2021/12/Extension-order-IS-13387.pdf | https://bis.gov.in/wp-content/uploads/2022/05/QCO-Extension-Order-26042022.pdf | https://bis.gov.in/wp-content/uploads/2022/11/Ministry-of-Steel-Order-for-extension-of-date-of-implementation-IS-1110-IS-4409.pdf | https://bis.gov.in/wp-content/uploads/2023/02/Extension-oreder-of-IS-4409.pdf | https://bis.gov.in/wp-content/uploads/2023/07/Extension-order-IS-4409-dt-25-07-2023.pdf | https://bis.gov.in/wp-content/uploads/2024/02/Steel-Steel-Product-QCO-2024.pdf | https://bis.gov.in/wp-content/uploads/2024/05/Ferrocnickel-Extension-Quality-Control-Order-2024.pdf | https://bis.gov.in/wp-content/uploads/2024/08/IS-4409-2023-Specification-for-Ferronickel.pdf | https://bis.gov.in/wp-content/uploads/2024/09/Steel-and-Steel-Products-QCO-2024.pdf | https://www.bis.gov.in/wp-content/uploads/2025/11/Steel-and-Steel-Products-Quality-Control-Amendment-Order-2025.pdf | https://www.bis.gov.in/wp-content/uploads/2026/06/Steel-and-Steel-Products-Quality-Control-Amendment-Order-2026-1.pdf,2026-09-03
"Centrifugally cast (spun) ductile iron pressure pipes for water, gas and sewage",Steel and Iron Products,Scheme I (ISI Mark),IS 8329 : 2000,,,,25-06-2009,,,https://www.bis.gov.in/MandatoryProducts/QCOrder/SO%20No%202681%20(E).pdf | https://www.bis.gov.in/MandatoryProducts/QCOrder/SO%20No%202749%20(E).pdf,2026-09-03
"Ductile iron fittings for pressure pipes for water, gas and sewage",Steel and Iron Products,Scheme I (ISI Mark),IS 9523:2000,,,,25-06-2009,,,https://www.bis.gov.in/MandatoryProducts/QCOrder/SO%20No%202681%20(E).pdf | https://www.bis.gov.in/MandatoryProducts/QCOrder/SO%20No%202749%20(E).pdf,2026-09-03
Steel tubes for structural purposes,Steel and Iron Products,Scheme I (ISI Mark),IS 1161:2014,,,,18-07-1978,,,https://www.bis.gov.in/MandatoryProducts/QCOrder/GSR%20No.%20374E.pdf | https://bis.gov.in/wp-content/uploads/2021/01/Steel-Tubes-Quality-Control-Order-2020.pdf,2026-09-03
"Steel Tubes, Tubulars and Other Wrought Steel Fittings – Part 1 : Steel Tubes",Steel and Iron Products,Scheme I (ISI Mark),IS 1239 (Part 1):2014,,,,18-07-1978,,,https://www.bis.gov.in/MandatoryProducts/QCOrder/GSR%20No.%20374E.pdf | https://bis.gov.in/wp-content/uploads/2021/01/Steel-Tubes-Quality-Control-Order-2020.pdf,2026-09-03
Steel tubes used for water-wells (upto 200 mm dia),Steel and Iron Products,Scheme I (ISI Mark),IS 4270:2001,,,,18-07-1978,,,https://www.bis.gov.in/MandatoryProducts/QCOrder/GSR%20No.%20374E.pdf | https://bis.gov.in/wp-content/uploads/2021/01/Steel-Tubes-Quality-Control-Order-2020.pdf,2026-09-03
Specification for Malleable iron shots and grits for use in foundries,Steel and Iron Products,Scheme I (ISI Mark),IS 9139:1979,,,,,,,https://bis.gov.in/wp-content/uploads/2020/08/Egazette-Malleable-Iron-Shots-and-Grits.pdf,2026-09-03
"Out door type Oil immersed Distribution Transformers upto and including 2500 kVA, 33 KV-specification Part 1 Mineral oil immersed",Electrical Transformers,Scheme I (ISI Mark),IS 1180 (Part 1),,S.O. 1221 (E),,07-05-2015,,,https://bis.gov.in/cert/TransformerQCO2014.pdf | https://www.bis.gov.in/MandatoryProducts/QCOrder/SO%20No%201221%20(E).pdf,2026-09-03
Energy Efficient Induction Motors-Three Phase Squirrel Cage,Electrical Motors,Scheme I (ISI Mark),IS 12615,,SO 178(E),,18th January 2017,,,https://bis.gov.in/wp-content/uploads/2019/03/SO-178E.pdf | https://bis.gov.in/wp-content/uploads/2019/03/SO-3207E.pdf,2026-09-03
A.C. motor capacitors,Capacitors,Scheme I (ISI Mark),IS 2993,,SO 2434(E),,01st August 2017,,,https://www.bis.gov.in/MandatoryProducts/QCOrder/S%20O%202434%20(E)Electrical%20Capacitors%20QCO.pdf,2026-09-03
Power Capacitors of Self-healing Type for AC Power Systems having Rated Voltage up to 650V,Capacitors,Scheme I (ISI Mark),IS 13340,,SO 2434(E),,01st August 2017,,,https://www.bis.gov.in/MandatoryProducts/QCOrder/S%20O%202434%20(E)Electrical%20Capacitors%20QCO.pdf,2026-09-03
"Shunt Power Capacitors of the Non-Self-Healing Type for AC System having a Rated Voltage up to and Including 1000V Part-1 General Performance, Testing amd Rating Safety Requirements Guide for Installation and Operation",Capacitors,Scheme I (ISI Mark),IS 13585 Part 1,,SO 2434(E),,01st August 2017,,,https://www.bis.gov.in/MandatoryProducts/QCOrder/S%20O%202434%20(E)Electrical%20Capacitors%20QCO.pdf,2026-09-03
Caustic Soda -Specification,"Chemicals, Fertilizers, Polymers & Textiles",Scheme I (ISI Mark),IS 252:2013,,,,3rd April 2018,,,https://bis.gov.in/MandatoryProducts/QCOrder/184588.pdf,2026-09-03
Boric Acid – Specification,"Chemicals, Fertilizers, Polymers & Textiles",Scheme I (ISI Mark),IS 10116 : 2015,,S.O. 1766(E),,16th May 2019,,,https://bis.gov.in/wp-content/uploads/2019/06/BoricAcidQualityControlOrder-1.pdf,2026-09-03
Poly Aluminium Chloride,"Chemicals, Fertilizers, Polymers & Textiles",Scheme I (ISI Mark),IS 15573,,S.O. 2790 (E),,,,,https://bis.gov.in/wp-content/uploads/2019/08/Poly-Aluminium-Chloride.pdf,2026-09-03
Acetic Acid,"Chemicals, Fertilizers, Polymers & Textiles",Scheme I (ISI Mark),IS 695:2020,,S.O. 2791 (E),,24th January 2020,,,https://bis.gov.in/wp-content/uploads/2019/08/Acitic-acid.pdf | https://bis.gov.in/wp-content/uploads/2020/02/Acitic-acid-amendment-order.pdf | https://bis.gov.in/wp-content/uploads/2020/07/Extension-Acetic-AcidDCPC.pdf | https://bis.gov.in/wp-content/uploads/2020/11/Acetic-Acid-QCO-extension.pdf | https://bis.gov.in/wp-content/uploads/2021/06/Acetic-Acid-Amendment-Order.pdf | https://bis.gov.in/wp-content/uploads/2022/02/Notifications-for-extension-of-QCO-of-Aniline-Morpholine-Acetic-Acid-and-Methanol_compressed.pdf | https://bis.gov.in/wp-content/uploads/2022/08/Extension-of-enforcement-date-of-QCO-of-Morpholine-Acetic-Acid-Methanol-Aniline.pdf | https://bis.gov.in/wp-content/uploads/2023/07/Gazette-Notification-for-extension-of-QCO-of-10-Chemicals.pdf | https://bis.gov.in/wp-content/uploads/2023/07/Gazette-Notification-for-extension-of-QCO-of-10-Chemicals.pdf | https://bis.gov.in/wp-content/uploads/2024/02/DCPC-4-Products-02022024.pdf | https://bis.gov.in/wp-content/uploads/2024/08/Acetic-acid-Methanol-Aniline-QCO.pdf | https://bis.gov.in/wp-content/uploads/2025/07/Acetic-Acid-QCO-2019-Withdraw-Order-23072025.pdf,2026-09-03
Aniline,"Chemicals, Fertilizers, Polymers & Textiles",Scheme I (ISI Mark),IS 2833:2019,,S.O. 2792 (E),,15th January 2020,,,https://bis.gov.in/wp-content/uploads/2019/08/Aniline.pdf | https://bis.gov.in/wp-content/uploads/2020/02/Aniline-amendment-order.pdf | https://bis.gov.in/wp-content/uploads/2020/07/Extension-Aniline-DCPC.pdf | https://bis.gov.in/wp-content/uploads/2020/11/Aniline-QCO-extension.pdf | https://bis.gov.in/wp-content/uploads/2021/06/Aniline-Amendment-Order.pdf | https://bis.gov.in/wp-content/uploads/2022/02/Notifications-for-extension-of-QCO-of-Aniline-Morpholine-Acetic-Acid-and-Methanol_compressed.pdf | https://bis.gov.in/wp-content/uploads/2022/08/Extension-of-enforcement-date-of-QCO-of-Morpholine-Acetic-Acid-Methanol-Aniline.pdf | https://bis.gov.in/wp-content/uploads/2023/02/Gazette-Notification-for-extension-of-QCO-for-10-Chemicals.pdf | https://bis.gov.in/wp-content/uploads/2023/07/Gazette-Notification-for-extension-of-QCO-of-10-Chemicals.pdf | https://bis.gov.in/wp-content/uploads/2024/02/DCPC-4-Products-02022024.pdf | https://bis.gov.in/wp-content/uploads/2024/08/Acetic-acid-Methanol-Aniline-QCO.pdf | https://bis.gov.in/wp-content/uploads/2025/07/Aniline-QCO-2019-Withdraw-Order-23072025-1.pdf,2026-09-03
Methanol,"Chemicals, Fertilizers, Polymers & Textiles",Scheme I (ISI Mark),IS 517:2020,,S.O. 2793 (E),,24th January 2020,,,https://bis.gov.in/wp-content/uploads/2019/08/Methanol.pdf | https://bis.gov.in/wp-content/uploads/2020/02/Methanol-amendment-order.pdf | https://bis.gov.in/wp-content/uploads/2020/07/Extension-Methanol-DCPC.pdf | https://bis.gov.in/wp-content/uploads/2020/11/Methanol-QCO-extension.pdf | https://bis.gov.in/wp-content/uploads/2021/06/Methanol-Amendment-Order.pdf | https://bis.gov.in/wp-content/uploads/2021/06/Methanol-Amendment-Order.pdf | https://bis.gov.in/wp-content/uploads/2022/02/Notifications-for-extension-of-QCO-of-Aniline-Morpholine-Acetic-Acid-and-Methanol_compressed.pdf | https://bis.gov.in/wp-content/uploads/2022/08/Extension-of-enforcement-date-of-QCO-of-Morpholine-Acetic-Acid-Methanol-Aniline.pdf | https://bis.gov.in/wp-content/uploads/2023/02/Gazette-Notification-for-extension-of-QCO-for-10-Chemicals.pdf | https://bis.gov.in/wp-content/uploads/2023/07/Gazette-Notification-for-extension-of-QCO-of-10-Chemicals.pdf | https://bis.gov.in/wp-content/uploads/2024/02/DCPC-4-Products-02022024.pdf | https://bis.gov.in/wp-content/uploads/2024/08/Acetic-acid-Methanol-Aniline-QCO.pdf | https://bis.gov.in/wp-content/uploads/2025/07/Methanol-QCO-2019-Withdraw-Order-23072025.pdf,2026-09-03
"Specification for Phthalic Anhydride, Technical","Chemicals, Fertilizers, Polymers & Textiles",Scheme I (ISI Mark),IS 5158: 1987,,S.O. 1402(E),,13 June 2022,,,https://bis.gov.in/wp-content/uploads/2022/12/Phthallic-anhydride-QCO.pdf | https://bis.gov.in/wp-content/uploads/2021/01/Phthalic-Anhydride-Quality-Control-Amendment-Order.pdf | https://bis.gov.in/wp-content/uploads/2021/07/Chemical-products-amendment-order.pdf | https://bis.gov.in/wp-content/uploads/2022/01/QCO-for-ethylene-glycol-phthalic-anhydride-Toluene-Terephthalic-acid-n-butyl-acrylate.pdf | https://bis.gov.in/wp-content/uploads/2022/06/QCO-amendment-order14062022.pdf | https://bis.gov.in/wp-content/uploads/2022/12/Extension-of-Date-of-implementation-of-04-Petrochemicals-2.pdf,2026-09-03
Pyridine,"Chemicals, Fertilizers, Polymers & Textiles",Scheme I (ISI Mark),IS 8058:2018,,S.O.1890(E),,11 August 2022,,,https://bis.gov.in/wp-content/uploads/2020/07/14-QCOs-for-chemical-Products.pdf | https://bis.gov.in/wp-content/uploads/2020/12/Amendment-in-the-Pyridine-Quality-Control-Order-2020.pdf | https://bis.gov.in/wp-content/uploads/2021/06/Pyridin-Amendment-Order.pdf | https://bis.gov.in/wp-content/uploads/2022/03/Amendment-order-of-various-chemicals-dated-11-March-2022.pdf | https://bis.gov.in/wp-content/uploads/2022/08/DCPC-extn-of-06-Chemicals.pdf | https://bis.gov.in/wp-content/uploads/2023/02/Gazette-Notification-for-extension-of-QCO-for-10-Chemicals.pdf | https://bis.gov.in/wp-content/uploads/2023/07/Gazette-Notification-for-extension-of-QCO-of-10-Chemicals.pdf | https://bis.gov.in/wp-content/uploads/2024/03/Beta-Picoline-Sodium-Tripolyphosphate-and-Pyridine-QCO.pdf | https://bis.gov.in/wp-content/uploads/2025/03/Beta-Picoline-Sodium-Tripolyphosphate-Pyridine-QCO-Amendment-Orders.pdf | https://www.bis.gov.in/wp-content/uploads/2025/11/Pyridine-QCO-2020-Rescind-Order.pdf,2026-09-03
Gamma Picoline,"Chemicals, Fertilizers, Polymers & Textiles",Scheme I (ISI Mark),IS 16113:2013,,S.O.1891(E),,11 August 2022,,,https://bis.gov.in/wp-content/uploads/2020/07/14-QCOs-for-chemical-Products.pdf | https://bis.gov.in/wp-content/uploads/2020/12/Amendment-in-the-Gamma-Picoline-Quality-Control-Order-2020.pdf | https://bis.gov.in/wp-content/uploads/2021/06/Gamma-Picolin-Amendment-Order.pdf | https://bis.gov.in/wp-content/uploads/2022/03/Amendment-order-of-various-chemicals-dated-11-March-2022.pdf | https://bis.gov.in/wp-content/uploads/2022/08/DCPC-extn-of-06-Chemicals.pdf | https://bis.gov.in/wp-content/uploads/2023/02/Gazette-Notification-for-extension-of-QCO-for-10-Chemicals.pdf | https://bis.gov.in/wp-content/uploads/2023/07/Gazette-Notification-for-extension-of-QCO-of-10-Chemicals.pdf,2026-09-03
Beta Picoline,"Chemicals, Fertilizers, Polymers & Textiles",Scheme I (ISI Mark),IS 16112:2013,,S.O.1892(E),,11 August 2022,,,https://bis.gov.in/wp-content/uploads/2020/07/14-QCOs-for-chemical-Products.pdf | https://bis.gov.in/wp-content/uploads/2020/12/Amendment-in-the-Beta-Picoline-Quality-Control-Order-2020.pdf | https://bis.gov.in/wp-content/uploads/2021/06/Beta-Picoline-Amendment-Order.pdf | https://bis.gov.in/wp-content/uploads/2022/03/Amendment-order-of-various-chemicals-dated-11-March-2022.pdf | https://bis.gov.in/wp-content/uploads/2022/08/DCPC-extn-of-06-Chemicals.pdf | https://bis.gov.in/wp-content/uploads/2023/02/Gazette-Notification-for-extension-of-QCO-for-10-Chemicals.pdf | https://bis.gov.in/wp-content/uploads/2023/07/Gazette-Notification-for-extension-of-QCO-of-10-Chemicals.pdf | https://bis.gov.in/wp-content/uploads/2024/03/Beta-Picoline-Sodium-Tripolyphosphate-and-Pyridine-QCO.pdf | https://www.bis.gov.in/wp-content/uploads/2025/03/Beta-Picoline-Sodium-Tripolyphosphate-Pyridine-QCO-Amendment-Orders.pdf | https://www.bis.gov.in/wp-content/uploads/2025/11/Beta-Picoline-QCO-2020-Rescind-Order.pdf,2026-09-03
Morpholine,"Chemicals, Fertilizers, Polymers & Textiles",Scheme I (ISI Mark),IS 12084: 2018,,S.O.1893(E),,27 July 2022,,,https://www.bis.gov.in/wp-content/uploads/2020/07/14-QCOs-for-chemical-Products.pdf | https://www.bis.gov.in/wp-content/uploads/2021/06/Amendment-in-the-Morpholine-Quality-Control-Order-2020.pdf | https://www.bis.gov.in/wp-content/uploads/2022/02/Notifications-for-extension-of-QCO-of-Aniline-Morpholine-Acetic-Acid-and-Methanol_compressed.pdf | https://www.bis.gov.in/wp-content/uploads/2022/08/Extension-of-enforcement-date-of-QCO-of-Morpholine-Acetic-Acid-Methanol-Aniline.pdf | https://www.bis.gov.in/wp-content/uploads/2023/02/Gazette-Notification-for-extension-of-QCO-for-10-Chemicals.pdf | https://www.bis.gov.in/wp-content/uploads/2023/07/Gazette-Notification-for-extension-of-QCO-of-10-Chemicals.pdf | https://www.bis.gov.in/wp-content/uploads/2024/02/DCPC-4-Products-02022024.pdf | https://www.bis.gov.in/wp-content/uploads/2024/08/Morpholine-QCO.pdf | https://www.bis.gov.in/wp-content/uploads/2024/11/Morpholine-QCO-2024.pdf | https://www.bis.gov.in/wp-content/uploads/2026/04/Morpholine-Quality-Control-Order-2020.pdf,2026-09-03
"Sodium Sulphide, Technical","Chemicals, Fertilizers, Polymers & Textiles",Scheme I (ISI Mark),IS 297:2001,,S.O.1894(E),,,,,https://www.bis.gov.in/wp-content/uploads/2020/07/14-QCOs-for-chemical-Products.pdf,2026-09-03
"Potassium Carbonate, Anhydrous","Chemicals, Fertilizers, Polymers & Textiles",Scheme I (ISI Mark),IS 7129:1992,,S.O.1895(E),,11 August 2022,,,https://www.bis.gov.in/wp-content/uploads/2020/07/14-QCOs-for-chemical-Products.pdf | https://www.bis.gov.in/wp-content/uploads/2020/12/Amendment-in-the-Potassium-Carbonate-Quality-Control-Order-2020.pdf | https://www.bis.gov.in/wp-content/uploads/2021/06/Potassium-Carbonate-Amendment-Order.pdf | https://www.bis.gov.in/wp-content/uploads/2022/03/Amendment-order-of-various-chemicals-dated-11-March-2022.pdf | https://www.bis.gov.in/wp-content/uploads/2022/08/DCPC-extn-of-06-Chemicals.pdf | https://www.bis.gov.in/wp-content/uploads/2023/02/Gazette-Notification-for-extension-of-QCO-for-10-Chemicals.pdf | https://www.bis.gov.in/wp-content/uploads/2023/07/Gazette-Notification-for-extension-of-QCO-of-10-Chemicals.pdf,2026-09-03
Acetone,"Chemicals, Fertilizers, Polymers & Textiles",Scheme I (ISI Mark),IS 170:2004,,S.O.1896(E),,11 August 2022,,,https://www.bis.gov.in/wp-content/uploads/2020/07/14-QCOs-for-chemical-Products.pdf | https://www.bis.gov.in/wp-content/uploads/2020/09/Acetone-Extension.pdf | https://www.bis.gov.in/wp-content/uploads/2021/03/Acetone-Extension-2.pdf | https://www.bis.gov.in/wp-content/uploads/2021/09/Amendment-in-the-Acetone-Quality-Control-Order-2020.pdf | https://www.bis.gov.in/wp-content/uploads/2022/03/Amendment-order-of-various-chemicals-dated-11-March-2022.pdf | https://www.bis.gov.in/wp-content/uploads/2022/08/DCPC-extn-of-06-Chemicals.pdf | https://www.bis.gov.in/wp-content/uploads/2023/02/Gazette-Notification-for-extension-of-QCO-for-10-Chemicals.pdf | https://www.bis.gov.in/wp-content/uploads/2023/07/Gazette-Notification-for-extension-of-QCO-of-10-Chemicals.pdf,2026-09-03
"Phosphorous Trichloride, pure and Analytical Reagent","Chemicals, Fertilizers, Polymers & Textiles",Scheme I (ISI Mark),IS 4581:1978,,S.O.1897(E),,,,,https://www.bis.gov.in/wp-content/uploads/2020/07/14-QCOs-for-chemical-Products.pdf,2026-09-03
"Phosphorous Pentachloride, Technical","Chemicals, Fertilizers, Polymers & Textiles",Scheme I (ISI Mark),IS 11744:1986,,S.O.1898(E),,,,,https://www.bis.gov.in/wp-content/uploads/2020/07/14-QCOs-for-chemical-Products.pdf,2026-09-03
"Phosphorous Oxychloride, Technical","Chemicals, Fertilizers, Polymers & Textiles",Scheme I (ISI Mark),IS 11657:1986,,S.O.1899(E),,,,,https://www.bis.gov.in/wp-content/uploads/2020/07/14-QCOs-for-chemical-Products.pdf,2026-09-03
Stabilized Hydrogen Peroxide,"Chemicals, Fertilizers, Polymers & Textiles",Scheme I (ISI Mark),IS 2080:2021,,S.O.1900(E),,"24 August, 2022",,,https://www.bis.gov.in/wp-content/uploads/2020/07/14-QCOs-for-chemical-Products.pdf | https://www.bis.gov.in/wp-content/uploads/2020/12/Amendment-in-the-Hydrogen-Peroxide-Quality-Control-Order-2020.pdf | https://www.bis.gov.in/wp-content/uploads/2021/06/Hydrogen-Peroxide-Amendment-Order.pdf | https://www.bis.gov.in/wp-content/uploads/2022/08/Gazette-Notification-of-Hydrogen-Peroxide-dated-24.08.2022.pdf,2026-09-03
"Precipitated Barium Carbonate, Technical","Chemicals, Fertilizers, Polymers & Textiles",Scheme I (ISI Mark),IS 3205:1984,,S.O.1901(E),,,,,https://www.bis.gov.in/wp-content/uploads/2020/07/14-QCOs-for-chemical-Products.pdf,2026-09-03
Precipitated Barium for Ceramic and Glass Industry,"Chemicals, Fertilizers, Polymers & Textiles",Scheme I (ISI Mark),IS 12928:1990,,S.O.1901(E),,,,,https://www.bis.gov.in/wp-content/uploads/2020/07/14-QCOs-for-chemical-Products.pdf,2026-09-03
Sodium Formaldehyde Sulphoxylate,"Chemicals, Fertilizers, Polymers & Textiles",Scheme I (ISI Mark),IS 4505:2015,,S.O.1902(E),,,,,https://www.bis.gov.in/wp-content/uploads/2020/07/14-QCOs-for-chemical-Products.pdf,2026-09-03
"Sodium Tripolyphosphate, Anhydrous, Technical","Chemicals, Fertilizers, Polymers & Textiles",Scheme I (ISI Mark),IS 6100:1984,,S.O.1903(E),,11 August 2022,,,https://www.bis.gov.in/wp-content/uploads/2020/07/14-QCOs-for-chemical-Products.pdf | https://www.bis.gov.in/wp-content/uploads/2020/12/Amendment-in-the-Sodium-Tripolyphosphate-Quality-Control-Order-2020.pdf | https://www.bis.gov.in/wp-content/uploads/2021/06/Sodium-Tripolyphosphate-Amendment-Order.pdf | https://www.bis.gov.in/wp-content/uploads/2022/03/Amendment-order-of-various-chemicals-dated-11-March-2022.pdf | https://www.bis.gov.in/wp-content/uploads/2022/08/DCPC-extn-of-06-Chemicals.pdf | https://www.bis.gov.in/wp-content/uploads/2023/02/Gazette-Notification-for-extension-of-QCO-for-10-Chemicals.pdf | https://www.bis.gov.in/wp-content/uploads/2023/07/Gazette-Notification-for-extension-of-QCO-of-10-Chemicals.pdf | https://www.bis.gov.in/wp-content/uploads/2024/03/Beta-Picoline-Sodium-Tripolyphosphate-and-Pyridine-QCO.pdf | https://www.bis.gov.in/wp-content/uploads/2025/03/Beta-Picoline-Sodium-Tripolyphosphate-Pyridine-QCO-Amendment-Orders.pdf | https://www.bis.gov.in/wp-content/uploads/2025/11/Sodium-Tripolyphosphate-QCO-2020-Rescind-Order.pdf,2026-09-03
n- Butyl Acrylate,"Chemicals, Fertilizers, Polymers & Textiles",Scheme I (ISI Mark),IS 14709:1999,,S.O. 2182(E),,13 June 2022,,,https://www.bis.gov.in/wp-content/uploads/2022/12/n-Butyl-Acrylate-QCO.pdf | https://www.bis.gov.in/wp-content/uploads/2021/06/Amendment-Orders-for-various-chemical-Products.pdf | https://www.bis.gov.in/wp-content/uploads/2021/07/Chemical-products-amendment-order.pdf | https://www.bis.gov.in/wp-content/uploads/2022/01/QCO-for-ethylene-glycol-phthalic-anhydride-Toluene-Terephthalic-acid-n-butyl-acrylate.pdf | https://www.bis.gov.in/wp-content/uploads/2022/06/QCO-amendment-order14062022.pdf | https://www.bis.gov.in/wp-content/uploads/2022/12/Extension-of-Date-of-implementation-of-04-Petrochemicals-2.pdf | https://www.bis.gov.in/wp-content/uploads/2023/06/QCO-Extension-2-petrochemicals.pdf | https://www.bis.gov.in/wp-content/uploads/2026/04/n-Butyl-Acrylate-Quality-Control-Order-2021.pdf | https://www.bis.gov.in/wp-content/uploads/2026/07/Temporary-suspension-of-nButyl-Acrylate-Quality-Control-Order.pdf,2026-09-03
Ether,"Chemicals, Fertilizers, Polymers & Textiles",Scheme I (ISI Mark),IS 336:1973,,S.O. 2183(E),,,,,https://www.bis.gov.in/wp-content/uploads/2020/07/QCO-Ether-DCPC.pdf | https://www.bis.gov.in/wp-content/uploads/2021/07/Chemical-products-amendment-order.pdf,2026-09-03
Ethylene Glycol,"Chemicals, Fertilizers, Polymers & Textiles",Scheme I (ISI Mark),IS 5295:1985,,S.O. 2184(E),,21.07.2020,,,https://www.bis.gov.in/wp-content/uploads/2020/07/QCO-Ethylene-Glycol-DCPC.pdf | https://www.bis.gov.in/wp-content/uploads/2020/09/Corrigendum-for-Quality-Control-Order-for-Ethylene-Glycol2020_0.pdf | https://www.bis.gov.in/wp-content/uploads/2021/01/Ethylene-Glycol-Quality-Control-Amendment-Order-2020.pdf | https://www.bis.gov.in/wp-content/uploads/2021/07/Chemical-products-amendment-order.pdf | https://www.bis.gov.in/wp-content/uploads/2022/01/QCO-for-ethylene-glycol-phthalic-anhydride-Toluene-Terephthalic-acid-n-butyl-acrylate.pdf | https://www.bis.gov.in/wp-content/uploads/2022/06/QCO-amendment-order14062022.pdf | https://www.bis.gov.in/wp-content/uploads/2023/01/Ethylene-glycol-QCO-extension-order28122022.pdf | https://www.bis.gov.in/wp-content/uploads/2023/03/Extension-of-Ethylene-Glycol-QCO23032023.pdf | https://www.bis.gov.in/wp-content/uploads/2025/11/Ethylene-Glycol-Rescind-Order-2025.pdf,2026-09-03
Toluene,"Chemicals, Fertilizers, Polymers & Textiles",Scheme I (ISI Mark),IS 537:2011,,S.O. 2186(E),,13 June 2022,,,https://www.bis.gov.in/wp-content/uploads/2022/12/Toluene-QCO.pdf | https://www.bis.gov.in/wp-content/uploads/2021/07/Chemical-products-amendment-order.pdf | https://www.bis.gov.in/wp-content/uploads/2022/01/QCO-for-ethylene-glycol-phthalic-anhydride-Toluene-Terephthalic-acid-n-butyl-acrylate.pdf | https://www.bis.gov.in/wp-content/uploads/2022/06/QCO-amendment-order14062022.pdf | https://www.bis.gov.in/wp-content/uploads/2022/12/Extension-of-Date-of-implementation-of-04-Petrochemicals-2.pdf | https://www.bis.gov.in/wp-content/uploads/2023/06/QCO-Extension-2-petrochemicals.pdf | https://www.bis.gov.in/wp-content/uploads/2023/12/Toluene.pdf | https://www.bis.gov.in/wp-content/uploads/2024/12/Toluene-QCO-2024.pdf | https://www.bis.gov.in/wp-content/uploads/2025/12/Rescind-Toluene-QCO-2021.pdf,2026-09-03
Terephthalic Acid,"Chemicals, Fertilizers, Polymers & Textiles",Scheme I (ISI Mark),IS 15030:2001,,S.O. 2185(E),,13 June 2022,,,https://www.bis.gov.in/wp-content/uploads/2022/12/Terephthalic-Acid-QCO.pdf | https://www.bis.gov.in/wp-content/uploads/2021/07/Chemical-products-amendment-order.pdf | https://www.bis.gov.in/wp-content/uploads/2022/01/QCO-for-ethylene-glycol-phthalic-anhydride-Toluene-Terephthalic-acid-n-butyl-acrylate.pdf | https://www.bis.gov.in/wp-content/uploads/2022/06/QCO-amendment-order14062022.pdf | https://www.bis.gov.in/wp-content/uploads/2022/12/Extension-of-Date-of-implementation-of-04-Petrochemicals-2.pdf | https://www.bis.gov.in/wp-content/uploads/2025/11/Terephthalic-Acid-Rescid-Order-2025.pdf,2026-09-03
Methyl Acrylate,"Chemicals, Fertilizers, Polymers & Textiles",Scheme I (ISI Mark),IS 14707: 1999,,S.O. 928(E),,30 May 2022,,,https://www.bis.gov.in/wp-content/uploads/2020/11/Methyl-Ethyl-n-Butyl-Acrylate-QCO.pdf | https://www.bis.gov.in/wp-content/uploads/2021/06/Amendment-Orders-for-various-chemical-Products.pdf | https://www.bis.gov.in/wp-content/uploads/2022/01/QCO-for-ethyl-acrylate-methyl-acrylate-and-Vinyl-acetate-monomer.pdf | https://www.bis.gov.in/wp-content/uploads/2022/06/QCO-Extension-for-Vinyl-acatate-Monomer-Methyl-Acrylate-Ethyl-Acrylate.pdf | https://www.bis.gov.in/wp-content/uploads/2022/11/Extension-in-date-of-implementation-of-03-Petrochemicals.pdf | https://www.bis.gov.in/wp-content/uploads/2024/01/Vinyl-Acetate-Monomer-and-Methyl-Acrylate.pdf | https://www.bis.gov.in/wp-content/uploads/2024/03/Vinyl-Acetate-Monomer-and-Methyl-Acrylate-Ethyl-Acrylate-Quality-Comtrol-Orders.pdf | https://www.bis.gov.in/wp-content/uploads/2025/04/Methyl-Acrylate-Ethyl-Acrylate-Quality-Control-Amendment-Order-2025.pdf | https://www.bis.gov.in/wp-content/uploads/2025/12/Rescind-Methyl-Acrylate-Ethyl-Acrylate-QCO-2021.pdf,2026-09-03
,"Chemicals, Fertilizers, Polymers & Textiles",Scheme I (ISI Mark),IS 14708:1999,,S.O. 928(E),,30 May 2022,,,https://www.bis.gov.in/wp-content/uploads/2020/11/Methyl-Ethyl-n-Butyl-Acrylate-QCO.pdf | https://www.bis.gov.in/wp-content/uploads/2021/06/Amendment-Orders-for-various-chemical-Products.pdf | https://www.bis.gov.in/wp-content/uploads/2022/01/QCO-for-ethyl-acrylate-methyl-acrylate-and-Vinyl-acetate-monomer.pdf | https://www.bis.gov.in/wp-content/uploads/2022/06/QCO-Extension-for-Vinyl-acatate-Monomer-Methyl-Acrylate-Ethyl-Acrylate.pdf | https://www.bis.gov.in/wp-content/uploads/2022/11/Extension-in-date-of-implementation-of-03-Petrochemicals.pdf | https://www.bis.gov.in/wp-content/uploads/2024/01/Vinyl-Acetate-Monomer-and-Methyl-Acrylate.pdf | https://www.bis.gov.in/wp-content/uploads/2024/03/Vinyl-Acetate-Monomer-and-Methyl-Acrylate-Ethyl-Acrylate-Quality-Comtrol-Orders.pdf | https://www.bis.gov.in/wp-content/uploads/2025/04/Methyl-Acrylate-Ethyl-Acrylate-Quality-Control-Amendment-Order-2025.pdf | https://www.bis.gov.in/wp-content/uploads/2025/12/Rescind-Methyl-Acrylate-Ethyl-Acrylate-QCO-2021.pdf,2026-09-03
Vinyl Acetate Monomer,"Chemicals, Fertilizers, Polymers & Textiles",Scheme I (ISI Mark),IS 12345:1988,,S.O. 2334(E),,30 May 2022,,,https://www.bis.gov.in/wp-content/uploads/2020/11/Vinyl-Acetate-Monomer.pdf | https://www.bis.gov.in/wp-content/uploads/2021/06/Amendment-Orders-for-various-chemical-Products.pdf | https://www.bis.gov.in/wp-content/uploads/2022/01/QCO-for-ethyl-acrylate-methyl-acrylate-and-Vinyl-acetate-monomer.pdf | https://www.bis.gov.in/wp-content/uploads/2022/06/QCO-Extension-for-Vinyl-acatate-Monomer-Methyl-Acrylate-Ethyl-Acrylate.pdf | https://www.bis.gov.in/wp-content/uploads/2022/11/Extension-in-date-of-implementation-of-03-Petrochemicals.pdf | https://www.bis.gov.in/wp-content/uploads/2024/01/Vinyl-Acetate-Monomer-and-Methyl-Acrylate.pdf | https://www.bis.gov.in/wp-content/uploads/2024/01/Vinyl-Acetate-Monomer-and-Methyl-Acrylate.pdf | https://www.bis.gov.in/wp-content/uploads/2024/03/Vinyl-Acetate-Monomer-and-Methyl-Acrylate-Ethyl-Acrylate-Quality-Comtrol-Orders.pdf | https://www.bis.gov.in/wp-content/uploads/2025/04/Vinyl-Acetate-Monomer-Quality-Control-Amendment-Order-2025.pdf | https://www.bis.gov.in/wp-content/uploads/2025/12/Rescind-Vinyl-Acetate-Monomer-QCO-2021.pdf,2026-09-03
Styrene (Vinyl Benzene),"Chemicals, Fertilizers, Polymers & Textiles",Scheme I (ISI Mark),IS 4105:2020,,S.O. 1786(E),,29  September 2022,,,https://www.bis.gov.in/wp-content/uploads/2020/11/Styrine-QCO.pdf | https://www.bis.gov.in/wp-content/uploads/2021/06/Amendment-Orders-for-various-chemical-Products.pdf | https://www.bis.gov.in/wp-content/uploads/2022/03/QCO-amendment-order-for-Acrylonitrile-Malaeic-anhydried-Styrene-Vinyl-Benzene.pdf | https://www.bis.gov.in/wp-content/uploads/2022/04/Amended-Quality-Control-Order-for-various-chemicals.pdf | https://www.bis.gov.in/wp-content/uploads/2022/10/Date-of-Extn.-of-QCO_of_12_gazette_EVAPEPolyester_yarnsLAB.pdf | https://www.bis.gov.in/wp-content/uploads/2023/04/QCO-Extension-for-03-Petrochemicals.pdf | https://www.bis.gov.in/wp-content/uploads/2024/03/Amendment-order-of-4-DCPC-products.pdf | https://www.bis.gov.in/wp-content/uploads/2024/10/Quality-Control-Orders-for-Maleic-Anhydride-Acrylonitrile-and-Styrene-Vinyl-Benzene-Amendment.pdf | https://www.bis.gov.in/wp-content/uploads/2025/10/Rescind-Order-of-Styrene-Vinyl-Benzene-Quality-Control-Order-2022.pdf,2026-09-03
"Maleic Anhydride, Technical","Chemicals, Fertilizers, Polymers & Textiles",Scheme I (ISI Mark),IS 5149:2020,,S.O. 1788(E),,29 September 2022,,,https://www.bis.gov.in/wp-content/uploads/2020/11/Maleic-Anhydride-QCO-1.pdf | https://www.bis.gov.in/wp-content/uploads/2021/06/Amendment-Orders-for-various-chemical-Products.pdf | https://www.bis.gov.in/wp-content/uploads/2022/03/QCO-amendment-order-for-Acrylonitrile-Malaeic-anhydried-Styrene-Vinyl-Benzene.pdf | https://www.bis.gov.in/wp-content/uploads/2022/04/Amended-Quality-Control-Order-for-various-chemicals.pdf | https://www.bis.gov.in/wp-content/uploads/2022/10/Date-of-Extn.-of-QCO_of_12_gazette_EVAPEPolyester_yarnsLAB.pdf | https://www.bis.gov.in/wp-content/uploads/2023/04/QCO-Extension-for-03-Petrochemicals.pdf | https://www.bis.gov.in/wp-content/uploads/2023/05/Maleic-Anhydride-QCO-amendment-01052023.pdf | https://www.bis.gov.in/wp-content/uploads/2023/10/QCO-amendment-by-DCPC.pdf | https://www.bis.gov.in/wp-content/uploads/2024/03/Amendment-order-of-4-DCPC-products.pdf | https://www.bis.gov.in/wp-content/uploads/2024/10/Quality-Control-Orders-for-Maleic-Anhydride-Acrylonitrile-and-Styrene-Vinyl-Benzene-Amendment.pdf | https://www.bis.gov.in/wp-content/uploads/2025/10/Rescind-Order-of-Maleic-Anhydride-Quality-Control-Order-2022.pdf,2026-09-03
Acrylonitrile,"Chemicals, Fertilizers, Polymers & Textiles",Scheme I (ISI Mark),IS 12540:1988,,S.O. 1787(E),,29 September 2022,,,https://www.bis.gov.in/wp-content/uploads/2020/11/Acrylonitrile-QCO-1.pdf | https://www.bis.gov.in/wp-content/uploads/2020/11/Acrylonitrile-QCO-1.pdf | https://www.bis.gov.in/wp-content/uploads/2021/06/Amendment-Orders-for-various-chemical-Products.pdf | https://www.bis.gov.in/wp-content/uploads/2022/03/QCO-amendment-order-for-Acrylonitrile-Malaeic-anhydried-Styrene-Vinyl-Benzene.pdf | https://www.bis.gov.in/wp-content/uploads/2022/04/Amended-Quality-Control-Order-for-various-chemicals.pdf | https://www.bis.gov.in/wp-content/uploads/2022/10/Date-of-Extn.-of-QCO_of_12_gazette_EVAPEPolyester_yarnsLAB.pdf | https://www.bis.gov.in/wp-content/uploads/2023/04/QCO-Extension-for-03-Petrochemicals.pdf | https://www.bis.gov.in/wp-content/uploads/2024/03/Amendment-order-of-4-DCPC-products.pdf | https://www.bis.gov.in/wp-content/uploads/2024/10/Quality-Control-Orders-for-Maleic-Anhydride-Acrylonitrile-and-Styrene-Vinyl-Benzene-Amendment.pdf | https://www.bis.gov.in/wp-content/uploads/2025/10/Rescind-Order-of-Acrylonitrile-Quality-Control-Order-2022.pdf,2026-09-03
100 Percent. Polyester Spun Grey and White Yarn (PSY),"Chemicals, Fertilizers, Polymers & Textiles",Scheme I (ISI Mark),IS 17265:2019,,S.O. 1618 (E),,15.04.2021,,,https://www.bis.gov.in/wp-content/uploads/2021/05/100-Percent-Polyester-Spun-Grey-and-White-Yarn-Quality-Control-Order-2021.pdf | https://www.bis.gov.in/wp-content/uploads/2021/10/Quality-Control-Orders-for-Chemicals.pdf | https://www.bis.gov.in/wp-content/uploads/2022/04/Amended-Quality-Control-Order-for-various-chemicals.pdf | https://www.bis.gov.in/wp-content/uploads/2022/10/Date-of-Extn.-of-QCO_of_12_gazette_EVAPEPolyester_yarnsLAB.pdf | https://www.bis.gov.in/wp-content/uploads/2023/04/Extension-order-of-06-petrochemicals-31032023.pdf | https://www.bis.gov.in/wp-content/uploads/2023/07/Extension-of-Polyester-Yarn-QCOs17072023.pdf | https://www.bis.gov.in/wp-content/uploads/2025/11/100-Percent-Polyester-Spun-Grey-and-White-Yarn-Rescind-Order-2025.pdf,2026-09-03
Polyester Continuous Filament Fully Drawn Yarn (FDY),"Chemicals, Fertilizers, Polymers & Textiles",Scheme I (ISI Mark),IS 17261:2019,,S.O. 1621 (E),,15.04.2021,,,https://www.bis.gov.in/wp-content/uploads/2021/05/Polyester-QCO.pdf | https://www.bis.gov.in/wp-content/uploads/2021/10/Quality-Control-Orders-for-Chemicals.pdf | https://www.bis.gov.in/wp-content/uploads/2022/04/Amended-Quality-Control-Order-for-various-chemicals.pdf | https://www.bis.gov.in/wp-content/uploads/2022/10/Date-of-Extn.-of-QCO_of_12_gazette_EVAPEPolyester_yarnsLAB.pdf | https://www.bis.gov.in/wp-content/uploads/2023/04/Extension-order-of-06-petrochemicals-31032023.pdf | https://www.bis.gov.in/wp-content/uploads/2023/07/Extension-of-Polyester-Yarn-QCOs17072023.pdf | https://www.bis.gov.in/wp-content/uploads/2024/07/Polyester-Continuous-Filament-Fully-Drawn-yarn-QC-Amendment-Order-2024.pdf | https://www.bis.gov.in/wp-content/uploads/2025/11/Polyester-Continuous-Filament-Fully-Drawn-Yarn-Rescind-Order-2025.pdf,2026-09-03
Polyester Industrial Yarn (IDY),"Chemicals, Fertilizers, Polymers & Textiles",Scheme I (ISI Mark),IS 17264:2019,,S.O. 1622 (E),,15.04.2021,,,https://www.bis.gov.in/wp-content/uploads/2021/05/Polyester-QCO.pdf | https://www.bis.gov.in/wp-content/uploads/2021/10/Quality-Control-Orders-for-Chemicals.pdf | https://www.bis.gov.in/wp-content/uploads/2022/04/Amended-Quality-Control-Order-for-various-chemicals.pdf | https://www.bis.gov.in/wp-content/uploads/2022/10/Date-of-Extn.-of-QCO_of_12_gazette_EVAPEPolyester_yarnsLAB.pdf | https://www.bis.gov.in/wp-content/uploads/2023/04/Extension-order-of-06-petrochemicals-31032023.pdf | https://www.bis.gov.in/wp-content/uploads/2023/07/Extension-of-Polyester-Yarn-QCOs17072023.pdf | https://www.bis.gov.in/wp-content/uploads/2025/11/Polyester-Industrial-Yarn-IDY-Rescind-Order-2025.pdf,2026-09-03
Polyester Partially Oriented Yarn (POY),"Chemicals, Fertilizers, Polymers & Textiles",Scheme I (ISI Mark),IS 17262:2019,,S.O. 1623 (E),,15.04.2021,,,https://www.bis.gov.in/wp-content/uploads/2021/05/Polyester-QCO.pdf | https://www.bis.gov.in/wp-content/uploads/2021/10/Quality-Control-Orders-for-Chemicals.pdf | https://www.bis.gov.in/wp-content/uploads/2022/04/Amended-Quality-Control-Order-for-various-chemicals.pdf | https://www.bis.gov.in/wp-content/uploads/2022/10/Date-of-Extn.-of-QCO_of_12_gazette_EVAPEPolyester_yarnsLAB.pdf | https://www.bis.gov.in/wp-content/uploads/2023/04/Extension-order-of-06-petrochemicals-31032023.pdf | https://www.bis.gov.in/wp-content/uploads/2023/07/Extension-of-Polyester-Yarn-QCOs17072023.pdf | https://www.bis.gov.in/wp-content/uploads/2025/11/Polyester-Partially-Oriented-Yarn-Rescind-Order-2025.pdf,2026-09-03
Polyester Staple Fibres (PSF),"Chemicals, Fertilizers, Polymers & Textiles",Scheme I (ISI Mark),IS 17263:2019,,S.O. 1624 (E),,15.04.2021,,,https://www.bis.gov.in/wp-content/uploads/2021/05/Polyester-QCO.pdf | https://www.bis.gov.in/wp-content/uploads/2021/10/Quality-Control-Orders-for-Chemicals.pdf | https://www.bis.gov.in/wp-content/uploads/2022/04/Amended-Quality-Control-Order-for-various-chemicals.pdf | https://www.bis.gov.in/wp-content/uploads/2022/10/Date-of-Extn.-of-QCO_of_12_gazette_EVAPEPolyester_yarnsLAB.pdf | https://www.bis.gov.in/wp-content/uploads/2023/08/Polyester-Staple-Fibre-QCO-Amendement-2023.pdf | https://www.bis.gov.in/wp-content/uploads/2025/11/Polyester-Staple-Fibres-PSF-Rescind-Order-2025.pdf,2026-09-03
Polyethylene Material for moulding and extrusion (i) Low Density Polyethylene (LDPE) (ii) Linear Low-Density Polyethylene (LLDPE) (iii) High Density Polyethylene (HDPE),"Chemicals, Fertilizers, Polymers & Textiles",Scheme I (ISI Mark),IS 7328:2020,,S.O. 1625 (E),,15.04.2021,,,https://www.bis.gov.in/wp-content/uploads/2021/05/Polyester-QCO.pdf | https://www.bis.gov.in/wp-content/uploads/2021/10/Quality-Control-Orders-for-Chemicals.pdf | https://www.bis.gov.in/wp-content/uploads/2022/04/Amended-Quality-Control-Order-for-various-chemicals.pdf | https://www.bis.gov.in/wp-content/uploads/2022/10/Date-of-Extn.-of-QCO_of_12_gazette_EVAPEPolyester_yarnsLAB.pdf | https://www.bis.gov.in/wp-content/uploads/2023/04/Extension-order-of-06-petrochemicals-31032023.pdf | https://www.bis.gov.in/wp-content/uploads/2023/10/QCO-amendment-by-DCPC.pdf | https://www.bis.gov.in/wp-content/uploads/2024/01/Polyethylene-Material-for-Moulding-and-Extrusion.pdf | https://www.bis.gov.in/wp-content/uploads/2025/06/Polyethylene-Material-for-Moulding-and-Extrusion-Quality-Control-Amendment-Order-2025.pdf.pdf | https://www.bis.gov.in/wp-content/uploads/2025/11/Polyethylene-Material-for-Moulding-and-Extrusion-Rescind-Order-2025.pdf,2026-09-03
Styrene-Butadiene Rubber Latex,"Chemicals, Fertilizers, Polymers & Textiles",Scheme I (ISI Mark),IS 11356:2020,,S.O. 1626 (E),,15.04.2021,,,https://www.bis.gov.in/wp-content/uploads/2021/05/Polyester-QCO.pdf | https://www.bis.gov.in/wp-content/uploads/2024/09/Styrene-Butadiene-Rubber-Latex-Quality-Control-Amendment-Order-2024.pdf,2026-09-03
Synthetic Micro-Fibres for use in Cement Based Matrix,"Chemicals, Fertilizers, Polymers & Textiles",Scheme I (ISI Mark),IS 16481:2016,,S.O. 1627 (E),,15.04.2021,,,https://www.bis.gov.in/wp-content/uploads/2021/05/Polyester-QCO.pdf | https://www.bis.gov.in/wp-content/uploads/2021/10/Quality-Control-Orders-for-Chemicals.pdf | https://www.bis.gov.in/wp-content/uploads/2022/04/Amended-Quality-Control-Order-for-various-chemicals.pdf | https://www.bis.gov.in/wp-content/uploads/2022/10/Date-of-Extn.-of-QCO_of_12_gazette_EVAPEPolyester_yarnsLAB.pdf,2026-09-03
Linear Alkyl Benzene,"Chemicals, Fertilizers, Polymers & Textiles",Scheme I (ISI Mark),IS 12795:2020,,S.O. 1664 (E),,15.04.2021,,,https://www.bis.gov.in/wp-content/uploads/2021/05/Linear-Alkyl-Benzene-QCO.pdf | https://www.bis.gov.in/wp-content/uploads/2021/10/Quality-Control-Orders-for-Chemicals.pdf | https://www.bis.gov.in/wp-content/uploads/2022/04/Amended-Quality-Control-Order-for-various-chemicals.pdf | https://www.bis.gov.in/wp-content/uploads/2022/10/Date-of-Extn.-of-QCO_of_12_gazette_EVAPEPolyester_yarnsLAB.pdf | https://www.bis.gov.in/wp-content/uploads/2026/04/Linear-Alkyl-Benzene-Quality-Control-Order-1.pdf | https://www.bis.gov.in/wp-content/uploads/2026/06/Temporary-suspension-of-Linear-Alkyl-Benzene-Quality-Control-Order.pdf,2026-09-03
Ethylene Vinyl Acetate (EVA) Copolymers,"Chemicals, Fertilizers, Polymers & Textiles",Scheme I (ISI Mark),IS 13601:1993,,S.O. 1620 (E),,15.04.2021,,,https://www.bis.gov.in/wp-content/uploads/2021/05/EVA-Coplymer-QCO.pdf | https://www.bis.gov.in/wp-content/uploads/2021/10/Quality-Control-Orders-for-Chemicals.pdf | https://www.bis.gov.in/wp-content/uploads/2022/04/Amended-Quality-Control-Order-for-various-chemicals.pdf | https://www.bis.gov.in/wp-content/uploads/2022/10/Date-of-Extn.-of-QCO_of_12_gazette_EVAPEPolyester_yarnsLAB.pdf | https://www.bis.gov.in/wp-content/uploads/2023/04/Extension-order-of-06-petrochemicals-31032023.pdf | https://www.bis.gov.in/wp-content/uploads/2023/10/QCO-amendment-by-DCPC.pdf | https://www.bis.gov.in/wp-content/uploads/2024/03/Amendment-order-of-4-DCPC-products.pdf | https://www.bis.gov.in/wp-content/uploads/2024/10/EVA-QCO-2024.pdf | https://www.bis.gov.in/wp-content/uploads/2025/10/Ethylene-Vinyl-Acetate-Copolymers-Quality-Control-Amendment-Order-2025.pdf | https://www.bis.gov.in/wp-content/uploads/2025/11/Ethylene-Vinyl-Acetate-EVA-Copolymers-Rescind-Order-2025.pdf,2026-09-03
"3(N, N-DiEthyl) Aminophenol","Chemicals, Fertilizers, Polymers & Textiles",Scheme I (ISI Mark),IS 7686:2020,,,,,,,https://www.bis.gov.in/wp-content/uploads/2021/07/3-N-N-Di-Ethyl-Aminophenol-Quality-Control-Order-2021.pdf,2026-09-03
Methylene Chloride (Dichloromethane),"Chemicals, Fertilizers, Polymers & Textiles",Scheme I (ISI Mark),IS 4566:2020,,S.O. 4913(E),,29.11.2021,,,https://www.bis.gov.in/wp-content/uploads/2021/07/Methylene-Chloride-Dichloromethane-Quality-Control-Order-2021-1.pdf | https://www.bis.gov.in/wp-content/uploads/2021/12/Extension-of-Methylene-Chloride-and-Ortho-Phosphoric-Acid.pdf | https://www.bis.gov.in/wp-content/uploads/2022/05/Extension-of-enforcement-date-of-3-QCOs.pdf | https://www.bis.gov.in/wp-content/uploads/2022/11/Amendment-order-18112022.pdf | https://www.bis.gov.in/wp-content/uploads/2023/04/Gazette_Notification_for_extension_of_QCO_for_7_Chemicals.pdf,2026-09-03
Red Phosphorus,"Chemicals, Fertilizers, Polymers & Textiles",Scheme I (ISI Mark),IS 2012:2006,,,,,,,https://www.bis.gov.in/wp-content/uploads/2021/07/Red-Phosphorus-Quality-Control-Order-2021-1.pdf,2026-09-03
Acrylonitrile Butadiene Styrene (ABS),"Chemicals, Fertilizers, Polymers & Textiles",Scheme I (ISI Mark),IS 17077 :2019/ISO 19062-1 : 2015,,S.O. 3927 (E),,13.09.2021,,,https://www.bis.gov.in/wp-content/uploads/2021/10/Chemical-Products-Quality-Control-Order-2021-3.pdf | https://www.bis.gov.in/wp-content/uploads/2022/02/Quality-control-order-for-ABS-and-Polyurethanes-amendment_compressed.pdf | https://www.bis.gov.in/wp-content/uploads/2022/03/Amendment-order-of-various-chemicals-dated-10-March-2022.pdf | https://www.bis.gov.in/wp-content/uploads/2022/09/Extension-of-Date-of-implementation-of-06-Petrochemicals.pdf | https://www.bis.gov.in/wp-content/uploads/2023/03/SO_1121-1123_QCO-Extension-order-DCPC-10032023.pdf | https://www.bis.gov.in/wp-content/uploads/2024/12/Acrylonitrile-Butadiene-Styrene-ABS-Amendment-QCO-2024.pdf | https://www.bis.gov.in/wp-content/uploads/2025/11/Acrylonitrile-Butadiene-Styrene-ABS-Rescind-Order-2025.pdf,2026-09-03
Ethylene Dichloride,"Chemicals, Fertilizers, Polymers & Textiles",Scheme I (ISI Mark),IS 869:2020,,S.O. 3928 (E),,13.09.2021,,,https://www.bis.gov.in/wp-content/uploads/2021/10/Chemical-Products-Quality-Control-Order-2021-3.pdf | https://www.bis.gov.in/wp-content/uploads/2022/03/Amendment-order-of-various-chemicals-dated-10-March-2022.pdf | https://www.bis.gov.in/wp-content/uploads/2022/09/Extension-of-Date-of-implementation-of-06-Petrochemicals.pdf | https://www.bis.gov.in/wp-content/uploads/2023/03/SO_1121-1123_QCO-Extension-order-DCPC-10032023.pdf | https://www.bis.gov.in/wp-content/uploads/2024/03/Amendment-order-of-Ethylene-Dichloride-PolycarbonateVinyl-Chloride-Monomer-P-Xylene-and-Polyurethanes.pdf | https://www.bis.gov.in/wp-content/uploads/2024/09/Ethylene-Dichloride-Vinyl-Chloride-Monomer-QCO.pdf | https://www.bis.gov.in/wp-content/uploads/2025/03/Ethylene-Dichloride-Vinyl-Chloride-Monomer-polycarbonate-QCO-Amendments.pdf | https://www.bis.gov.in/wp-content/uploads/2025/09/Ethylene-Dichloride-Quality-Control-Amendment-Order-2025.pdf | https://www.bis.gov.in/wp-content/uploads/2025/12/Rescind-Ethylene-Dichloride-QCO-2021.pdf,2026-09-03
p-Xylene,"Chemicals, Fertilizers, Polymers & Textiles",Scheme I (ISI Mark),IS 17370:2020,,S.O. 3929 (E),,13.09.2021,,,https://www.bis.gov.in/wp-content/uploads/2021/10/Chemical-Products-Quality-Control-Order-2021-3.pdf | https://www.bis.gov.in/wp-content/uploads/2022/03/QCO-Amendement-order-for-p-Xylene-Polyurethanes-1.pdf | https://www.bis.gov.in/wp-content/uploads/2022/09/Extension-of-Date-of-implementation-of-06-Petrochemicals.pdf | https://www.bis.gov.in/wp-content/uploads/2023/03/244425.pdf | https://www.bis.gov.in/wp-content/uploads/2024/03/Amendment-order-of-Ethylene-Dichloride-PolycarbonateVinyl-Chloride-Monomer-P-Xylene-and-Polyurethanes.pdf | https://www.bis.gov.in/wp-content/uploads/2024/09/p-Xylene-and-Polyurethanes-QCO-2024.pdf | https://www.bis.gov.in/wp-content/uploads/2025/03/p-Xylene-Polyurethanes-QCO-Amendment-2025.pdf | https://www.bis.gov.in/wp-content/uploads/2025/12/Rescind-p-Xylene-QCO-2021.pdf,2026-09-03
Polycarbonate,"Chemicals, Fertilizers, Polymers & Textiles",Scheme I (ISI Mark),IS 14434:1998,,S.O. 3930 (E),,13.09.2021,,,https://www.bis.gov.in/wp-content/uploads/2021/10/Chemical-Products-Quality-Control-Order-2021-3.pdf | https://www.bis.gov.in/wp-content/uploads/2022/03/Amendment-order-of-various-chemicals-dated-10-March-2022.pdf | https://www.bis.gov.in/wp-content/uploads/2022/09/Extension-of-Date-of-implementation-of-06-Petrochemicals.pdf | https://www.bis.gov.in/wp-content/uploads/2023/03/SO_1121-1123_QCO-Extension-order-DCPC-10032023.pdf | https://www.bis.gov.in/wp-content/uploads/2024/03/Amendment-order-of-Ethylene-Dichloride-PolycarbonateVinyl-Chloride-Monomer-P-Xylene-and-Polyurethanes.pdf | https://www.bis.gov.in/wp-content/uploads/2024/09/Polycarbonate-QCO-2024.pdf | https://www.bis.gov.in/wp-content/uploads/2025/03/Ethylene-Dichloride-Vinyl-Chloride-Monomer-polycarbonate-QCO-Amendments.pdf | https://www.bis.gov.in/wp-content/uploads/2025/09/Polycarbonate-Quality-Control-Amendment-Order-2025.pdf | https://www.bis.gov.in/wp-content/uploads/2025/11/Polycarbonate-Rescind-Order-2025.pdf,2026-09-03
Polyurethanes,"Chemicals, Fertilizers, Polymers & Textiles",Scheme I (ISI Mark),IS 17397 (Part 1) : 2020/ISO 16365-1 : 2014,,S.O. 3931 (E),,13.09.2021,,,https://www.bis.gov.in/wp-content/uploads/2021/10/Chemical-Products-Quality-Control-Order-2021-3.pdf | https://www.bis.gov.in/wp-content/uploads/2022/02/Quality-control-order-for-ABS-and-Polyurethanes-amendment_compressed.pdf | https://www.bis.gov.in/wp-content/uploads/2022/03/QCO-Amendement-order-for-p-Xylene-Polyurethanes-1.pdf | https://www.bis.gov.in/wp-content/uploads/2022/09/Extension-of-Date-of-implementation-of-06-Petrochemicals.pdf | https://www.bis.gov.in/wp-content/uploads/2023/03/244425.pdf | https://www.bis.gov.in/wp-content/uploads/2024/03/Amendment-order-of-Ethylene-Dichloride-PolycarbonateVinyl-Chloride-Monomer-P-Xylene-and-Polyurethanes.pdf | https://www.bis.gov.in/wp-content/uploads/2024/09/p-Xylene-and-Polyurethanes-QCO-2024.pdf | https://www.bis.gov.in/wp-content/uploads/2025/03/p-Xylene-Polyurethanes-QCO-Amendment-2025.pdf | https://www.bis.gov.in/wp-content/uploads/2025/11/Polyurethanes-Rescind-Order-2025.pdf,2026-09-03
Vinyl Chloride Monomer,"Chemicals, Fertilizers, Polymers & Textiles",Scheme I (ISI Mark),IS 17442:2020,,S.O. 3932 (E),,13.09.2021,,,https://www.bis.gov.in/wp-content/uploads/2021/10/Chemical-Products-Quality-Control-Order-2021-3.pdf | https://www.bis.gov.in/wp-content/uploads/2022/03/Amendment-order-25-February-2022-compressed_compressed-1.pdf | https://www.bis.gov.in/wp-content/uploads/2022/03/Amendment-order-of-various-chemicals-dated-10-March-2022.pdf | https://www.bis.gov.in/wp-content/uploads/2022/09/Extension-of-Date-of-implementation-of-06-Petrochemicals.pdf | https://www.bis.gov.in/wp-content/uploads/2023/03/SO_1121-1123_QCO-Extension-order-DCPC-10032023.pdf | https://www.bis.gov.in/wp-content/uploads/2024/03/Amendment-order-of-Ethylene-Dichloride-PolycarbonateVinyl-Chloride-Monomer-P-Xylene-and-Polyurethanes.pdf | https://www.bis.gov.in/wp-content/uploads/2024/09/Ethylene-Dichloride-Vinyl-Chloride-Monomer-QCO.pdf | https://www.bis.gov.in/wp-content/uploads/2025/03/Ethylene-Dichloride-Vinyl-Chloride-Monomer-polycarbonate-QCO-Amendments.pdf | https://www.bis.gov.in/wp-content/uploads/2025/09/Vinyl-Chloride-Monomer-Quality-Control-Amendment-Order-2025.pdf | https://www.bis.gov.in/wp-content/uploads/2025/12/Rescind-Vinyl-Chloride-Monomer-QCO-2020.pdf,2026-09-03
"1,3 Phenylenediamine","Chemicals, Fertilizers, Polymers & Textiles",Scheme I (ISI Mark),IS 17450 : 2020,,S.O. 1960(E),,,,,https://www.bis.gov.in/wp-content/uploads/2022/05/Notification-for-08-QCOs-from-DCPC-27042022.pdf,2026-09-03
Lauric Acid,"Chemicals, Fertilizers, Polymers & Textiles",Scheme I (ISI Mark),IS 10931 : 1984,,S.O. 1961(E),,21 October 2022,,,https://www.bis.gov.in/wp-content/uploads/2022/11/Notification-for-08-QCOs-from-DCPC-27042022.pdf | https://www.bis.gov.in/wp-content/uploads/2022/11/Extension-for-date-of-implementation-of-06-QCOs.pdf | https://www.bis.gov.in/wp-content/uploads/2023/04/Gazette_Notification_for_extension_of_QCO_for_7_Chemicals.pdf | https://www.bis.gov.in/wp-content/uploads/2023/10/Amendment-in-06-Chemical-QCO.pdf | https://www.bis.gov.in/wp-content/uploads/2024/03/Amendment-order-of-Lauric-acid-Acid-oil-Palm-fatty-acid-Rice-bran-fatty-acidCoconut-fatty-acid-and-Hydrogenated-rice-bran-fatty-acids.pdf | https://www.bis.gov.in/wp-content/uploads/2024/10/Amendment-in-Quality-Control-Order-of-06-Chemicals.pdf | https://www.bis.gov.in/wp-content/uploads/2025/04/Lauric-Acid-Quality-Control-Amendment-Order-2025.pdf | https://www.bis.gov.in/wp-content/uploads/2025/10/Rescind-Order-of-Lauric-Acid-Quality-Control-Order-2022.pdf,2026-09-03
Acid Oil,"Chemicals, Fertilizers, Polymers & Textiles",Scheme I (ISI Mark),IS 12029 : 1986,,S.O. 1961(E),,21 October 2022,,,https://www.bis.gov.in/wp-content/uploads/2022/11/Notification-for-08-QCOs-from-DCPC-27042022.pdf | https://www.bis.gov.in/wp-content/uploads/2022/11/Extension-for-date-of-implementation-of-06-QCOs.pdf | https://www.bis.gov.in/wp-content/uploads/2023/04/Gazette_Notification_for_extension_of_QCO_for_7_Chemicals.pdf | https://www.bis.gov.in/wp-content/uploads/2023/10/Amendment-in-06-Chemical-QCO.pdf | https://www.bis.gov.in/wp-content/uploads/2024/03/Amendment-order-of-Lauric-acid-Acid-oil-Palm-fatty-acid-Rice-bran-fatty-acidCoconut-fatty-acid-and-Hydrogenated-rice-bran-fatty-acids.pdf | https://www.bis.gov.in/wp-content/uploads/2024/10/Amendment-in-Quality-Control-Order-of-06-Chemicals.pdf | https://www.bis.gov.in/wp-content/uploads/2025/04/Acid-Oil-Quality-Control-Amendment-Order-2025.pdf | https://www.bis.gov.in/wp-content/uploads/2025/10/Rescind-Order-of-Acid-Oil-Quality-Control-Order-2022.pdf,2026-09-03
Palm Fatty Acids,"Chemicals, Fertilizers, Polymers & Textiles",Scheme I (ISI Mark),IS 12067: 1987,,S.O. 1961(E),,21 October 2022,,,https://www.bis.gov.in/wp-content/uploads/2022/11/Notification-for-08-QCOs-from-DCPC-27042022.pdf | https://www.bis.gov.in/wp-content/uploads/2022/11/Extension-for-date-of-implementation-of-06-QCOs.pdf | https://www.bis.gov.in/wp-content/uploads/2023/04/Gazette_Notification_for_extension_of_QCO_for_7_Chemicals.pdf | https://www.bis.gov.in/wp-content/uploads/2023/10/Amendment-in-06-Chemical-QCO.pdf | https://www.bis.gov.in/wp-content/uploads/2024/03/Amendment-order-of-Lauric-acid-Acid-oil-Palm-fatty-acid-Rice-bran-fatty-acidCoconut-fatty-acid-and-Hydrogenated-rice-bran-fatty-acids.pdf | https://www.bis.gov.in/wp-content/uploads/2024/10/Amendment-in-Quality-Control-Order-of-06-Chemicals.pdf | https://www.bis.gov.in/wp-content/uploads/2025/04/Palm-Fatty-Acids-Quality-Control-Amendment-Order-2025.pdf | https://www.bis.gov.in/wp-content/uploads/2025/10/Rescind-Order-of-Palm-Fatty-Acids-Quality-Control-Order-2022.pdf,2026-09-03
Rice Bran Fatty Acids,"Chemicals, Fertilizers, Polymers & Textiles",Scheme I (ISI Mark),IS 12068 :1987,,S.O. 1961(E),,21 October 2022,,,https://www.bis.gov.in/wp-content/uploads/2022/11/Notification-for-08-QCOs-from-DCPC-27042022.pdf | https://www.bis.gov.in/wp-content/uploads/2022/11/Extension-for-date-of-implementation-of-06-QCOs.pdf | https://www.bis.gov.in/wp-content/uploads/2023/04/Gazette_Notification_for_extension_of_QCO_for_7_Chemicals.pdf | https://www.bis.gov.in/wp-content/uploads/2023/10/Amendment-in-06-Chemical-QCO.pdf | https://www.bis.gov.in/wp-content/uploads/2024/03/Amendment-order-of-Lauric-acid-Acid-oil-Palm-fatty-acid-Rice-bran-fatty-acidCoconut-fatty-acid-and-Hydrogenated-rice-bran-fatty-acids.pdf | https://www.bis.gov.in/wp-content/uploads/2024/10/Amendment-in-Quality-Control-Order-of-06-Chemicals.pdf | https://www.bis.gov.in/wp-content/uploads/2025/04/Rice-Bran-Fatty-Acids-Quality-Control-Amendment-Order-2025.pdf | https://www.bis.gov.in/wp-content/uploads/2025/10/Rescind-Order-of-Rice-Bran-Fatty-Acids-Quality-Control-Order-2022.pdf,2026-09-03
Coconut Fatty Acids,"Chemicals, Fertilizers, Polymers & Textiles",Scheme I (ISI Mark),IS 12069 : 1987,,S.O. 1961(E),,21 October 2022,,,https://www.bis.gov.in/wp-content/uploads/2022/11/Notification-for-08-QCOs-from-DCPC-27042022.pdf | https://www.bis.gov.in/wp-content/uploads/2022/11/Extension-for-date-of-implementation-of-06-QCOs.pdf | https://www.bis.gov.in/wp-content/uploads/2023/04/Gazette_Notification_for_extension_of_QCO_for_7_Chemicals.pdf | https://www.bis.gov.in/wp-content/uploads/2023/10/Amendment-in-06-Chemical-QCO.pdf | https://www.bis.gov.in/wp-content/uploads/2024/03/Amendment-order-of-Lauric-acid-Acid-oil-Palm-fatty-acid-Rice-bran-fatty-acidCoconut-fatty-acid-and-Hydrogenated-rice-bran-fatty-acids.pdf | https://www.bis.gov.in/wp-content/uploads/2024/10/Amendment-in-Quality-Control-Order-of-06-Chemicals.pdf | https://www.bis.gov.in/wp-content/uploads/2025/04/Coconut-Fatty-Acids-Quality-Control-Amendment-Order-2025.pdf | https://www.bis.gov.in/wp-content/uploads/2025/10/Rescind-Order-of-Coconut-Fatty-Acids-Quality-Control-Order-2022.pdf,2026-09-03
Rubberseed Fatty Acids,"Chemicals, Fertilizers, Polymers & Textiles",Scheme I (ISI Mark),IS 12124 : 1987,,S.O. 1961(E),,,,,https://www.bis.gov.in/wp-content/uploads/2022/11/Notification-for-08-QCOs-from-DCPC-27042022.pdf,2026-09-03
Hydrogenated Rice Bran Fatty Acids,"Chemicals, Fertilizers, Polymers & Textiles",Scheme I (ISI Mark),IS 12361 :1988,,S.O. 1961(E),,21 October 2022,,,https://www.bis.gov.in/wp-content/uploads/2022/11/Notification-for-08-QCOs-from-DCPC-27042022.pdf | https://www.bis.gov.in/wp-content/uploads/2022/11/Extension-for-date-of-implementation-of-06-QCOs.pdf | https://www.bis.gov.in/wp-content/uploads/2023/04/Gazette_Notification_for_extension_of_QCO_for_7_Chemicals.pdf | https://www.bis.gov.in/wp-content/uploads/2023/10/Amendment-in-06-Chemical-QCO.pdf | https://www.bis.gov.in/wp-content/uploads/2024/03/Amendment-order-of-Lauric-acid-Acid-oil-Palm-fatty-acid-Rice-bran-fatty-acidCoconut-fatty-acid-and-Hydrogenated-rice-bran-fatty-acids.pdf | https://www.bis.gov.in/wp-content/uploads/2024/10/Amendment-in-Quality-Control-Order-of-06-Chemicals.pdf | https://www.bis.gov.in/wp-content/uploads/2025/04/Hydrogenated-Rice-Bran-Fatty-Acids-Quality-Control-Amendment-Order-2025.pdf | https://www.bis.gov.in/wp-content/uploads/2025/10/Rescind-Order-of-Hydrogenated-Rice-Bran-Fatty-Acids-Quality-Control-Order-2022.pdf,2026-09-03
Hand-held Blender,Kitchen Appliances,Scheme I (ISI Mark),IS 302 (Part 2/ Section 14),,S.O. 5243(E),,"10th October, 2018",,,https://www.bis.gov.in/MandatoryProducts/QCOrder/QCO_dated_10th_Oct2018.pdf,2026-09-03
Domestic Electric Food Mixer (Liquidizers and Grinders) and Centrifugal Juicer,Kitchen Appliances,Scheme I (ISI Mark),IS 4250,,S.O. 5243(E),,"10th October, 2018",,,https://www.bis.gov.in/MandatoryProducts/QCOrder/QCO_dated_10th_Oct2018.pdf,2026-09-03
Instantaneous Domestic Water Heater for use with Liquefied Petroleum Gas,Domestic Water Heaters for use with LPG,Scheme I (ISI Mark),IS 15558,,S.O. 5244(E),,"10th October, 2018",,,https://www.bis.gov.in/MandatoryProducts/QCOrder/QCO_dated_10th_Oct2018.pdf,2026-09-03
Room Air Conditioners- Specification Part 1 Unitary Air Conditioners,"Air Conditioner and its related Parts, Hermetic Compressor and Temperature Sensing Controls",Scheme I (ISI Mark),IS 1391 (Part-1): 2017,,S.O. 4354(E),,"05th December, 2019",,,https://www.bis.gov.in/wp-content/uploads/2019/12/Air-Conditioner-QCO.pdf | https://www.bis.gov.in/wp-content/uploads/2020/06/Extension-notification-AC-QCO.pdf | https://www.bis.gov.in/wp-content/uploads/2020/12/Air-Conditioner-and-its-related-Parts-Hermetic-Compressor-and-Temperature-Sensing-Controls-Quality-Control-Second-Amendment-Order-2020.pdf | https://www.bis.gov.in/wp-content/uploads/2023/01/Air-conditioner-QCO-extension-order.pdf | https://www.bis.gov.in/wp-content/uploads/2022/12/Extension-of-Date-of-implementation-of-AC-QCOpdf-1.pdf | https://www.bis.gov.in/wp-content/uploads/2024/01/Air-Conditioner-and-its-related-parts.pdf | https://www.bis.gov.in/wp-content/uploads/2025/02/Air-Conditioner-QCO-Amendment-Order-2025.pdf | https://www.bis.gov.in/wp-content/uploads/2025/04/Air-Conditioner-and-its-related-Parts-Hermetic-Compressor-and-Temperature-Sensing-Controls-Quality-Control-Amendment-Order-2025.pdf | https://www.bis.gov.in/wp-content/uploads/2026/04/Air-Conditioner-and-its-related-Parts-Hermetic-Compressor-and-Temperature-Sensing-Controls-Quality-Control-Amendment-Order-2025-1-1.pdf | https://www.bis.gov.in/wp-content/uploads/2026/05/Air-Conditioner-and-its-related-Parts-Hermetic-Compressor-and-Temperature-Sensing-Controls-Quality-Control-Amendment-Order-2026-2.pdf | https://www.bis.gov.in/wp-content/uploads/2026/06/Notification-of-Transition-Facilitation-Quality-Control-Order-2026.pdf,2026-09-03
Room Air Conditioners- Specification Part 2 Split Air Conditioners,"Air Conditioner and its related Parts, Hermetic Compressor and Temperature Sensing Controls",Scheme I (ISI Mark),IS 1391 (Part-2): 2018,,S.O. 4354(E),,"05th December, 2019",,,https://www.bis.gov.in/wp-content/uploads/2019/12/Air-Conditioner-QCO.pdf | https://www.bis.gov.in/wp-content/uploads/2020/06/Extension-notification-AC-QCO.pdf | https://www.bis.gov.in/wp-content/uploads/2020/12/Air-Conditioner-and-its-related-Parts-Hermetic-Compressor-and-Temperature-Sensing-Controls-Quality-Control-Second-Amendment-Order-2020.pdf | https://www.bis.gov.in/wp-content/uploads/2023/01/Air-conditioner-QCO-extension-order.pdf | https://www.bis.gov.in/wp-content/uploads/2022/12/Extension-of-Date-of-implementation-of-AC-QCOpdf-1.pdf | https://www.bis.gov.in/wp-content/uploads/2024/01/Air-Conditioner-and-its-related-parts.pdf | https://www.bis.gov.in/wp-content/uploads/2025/02/Air-Conditioner-QCO-Amendment-Order-2025.pdf | https://www.bis.gov.in/wp-content/uploads/2025/04/Air-Conditioner-and-its-related-Parts-Hermetic-Compressor-and-Temperature-Sensing-Controls-Quality-Control-Amendment-Order-2025.pdf | https://www.bis.gov.in/wp-content/uploads/2026/04/Air-Conditioner-and-its-related-Parts-Hermetic-Compressor-and-Temperature-Sensing-Controls-Quality-Control-Amendment-Order-2025-1-1.pdf | https://www.bis.gov.in/wp-content/uploads/2026/05/Air-Conditioner-and-its-related-Parts-Hermetic-Compressor-and-Temperature-Sensing-Controls-Quality-Control-Amendment-Order-2026-2.pdf | https://www.bis.gov.in/wp-content/uploads/2026/06/Notification-of-Transition-Facilitation-Quality-Control-Order-2026.pdf,2026-09-03
Ducted and Package Air Conditioners,"Air Conditioner and its related Parts, Hermetic Compressor and Temperature Sensing Controls",Scheme I (ISI Mark),IS 8148:2018,,S.O. 4354(E),,"05th December, 2019",,,https://www.bis.gov.in/wp-content/uploads/2019/12/Air-Conditioner-QCO.pdf | https://www.bis.gov.in/wp-content/uploads/2020/06/Extension-notification-AC-QCO.pdf | https://www.bis.gov.in/wp-content/uploads/2020/12/Air-Conditioner-and-its-related-Parts-Hermetic-Compressor-and-Temperature-Sensing-Controls-Quality-Control-Second-Amendment-Order-2020.pdf | https://www.bis.gov.in/wp-content/uploads/2023/01/Air-conditioner-QCO-extension-order.pdf | https://www.bis.gov.in/wp-content/uploads/2022/12/Extension-of-Date-of-implementation-of-AC-QCOpdf-1.pdf | https://www.bis.gov.in/wp-content/uploads/2024/01/Air-Conditioner-and-its-related-parts.pdf | https://www.bis.gov.in/wp-content/uploads/2025/02/Air-Conditioner-QCO-Amendment-Order-2025.pdf | https://www.bis.gov.in/wp-content/uploads/2025/04/Air-Conditioner-and-its-related-Parts-Hermetic-Compressor-and-Temperature-Sensing-Controls-Quality-Control-Amendment-Order-2025.pdf | https://www.bis.gov.in/wp-content/uploads/2026/04/Air-Conditioner-and-its-related-Parts-Hermetic-Compressor-and-Temperature-Sensing-Controls-Quality-Control-Amendment-Order-2025-1-1.pdf | https://www.bis.gov.in/wp-content/uploads/2026/05/Air-Conditioner-and-its-related-Parts-Hermetic-Compressor-and-Temperature-Sensing-Controls-Quality-Control-Amendment-Order-2026-2.pdf | https://www.bis.gov.in/wp-content/uploads/2026/06/Notification-of-Transition-Facilitation-Quality-Control-Order-2026.pdf,2026-09-03
Finned type Heat Exchanger for Room Air Conditioner,"Air Conditioner and its related Parts, Hermetic Compressor and Temperature Sensing Controls",Scheme I (ISI Mark),IS 11329:2018,,S.O. 4354(E),,"05th December, 2019",,,https://www.bis.gov.in/wp-content/uploads/2019/12/Air-Conditioner-QCO.pdf | https://www.bis.gov.in/wp-content/uploads/2020/06/Extension-notification-AC-QCO.pdf | https://www.bis.gov.in/wp-content/uploads/2020/12/Air-Conditioner-and-its-related-Parts-Hermetic-Compressor-and-Temperature-Sensing-Controls-Quality-Control-Second-Amendment-Order-2020.pdf | https://www.bis.gov.in/wp-content/uploads/2023/01/Air-conditioner-QCO-extension-order.pdf | https://www.bis.gov.in/wp-content/uploads/2022/12/Extension-of-Date-of-implementation-of-AC-QCOpdf-1.pdf | https://www.bis.gov.in/wp-content/uploads/2024/01/Air-Conditioner-and-its-related-parts.pdf | https://www.bis.gov.in/wp-content/uploads/2025/02/Air-Conditioner-QCO-Amendment-Order-2025.pdf | https://www.bis.gov.in/wp-content/uploads/2025/04/Air-Conditioner-and-its-related-Parts-Hermetic-Compressor-and-Temperature-Sensing-Controls-Quality-Control-Amendment-Order-2025.pdf | https://www.bis.gov.in/wp-content/uploads/2026/04/Air-Conditioner-and-its-related-Parts-Hermetic-Compressor-and-Temperature-Sensing-Controls-Quality-Control-Amendment-Order-2025-1-1.pdf | https://www.bis.gov.in/wp-content/uploads/2026/05/Air-Conditioner-and-its-related-Parts-Hermetic-Compressor-and-Temperature-Sensing-Controls-Quality-Control-Amendment-Order-2026-2.pdf | https://www.bis.gov.in/wp-content/uploads/2026/06/Notification-of-Transition-Facilitation-Quality-Control-Order-2026.pdf,2026-09-03
Hermetic compressor Hermetic Compressors-Specification,"Air Conditioner and its related Parts, Hermetic Compressor and Temperature Sensing Controls",Scheme I (ISI Mark),IS 10617:2018,,S.O. 4354(E),,"05th December, 2019",,,https://www.bis.gov.in/wp-content/uploads/2019/12/Air-Conditioner-QCO.pdf | https://www.bis.gov.in/wp-content/uploads/2020/06/Extension-notification-AC-QCO.pdf | https://www.bis.gov.in/wp-content/uploads/2020/12/Air-Conditioner-and-its-related-Parts-Hermetic-Compressor-and-Temperature-Sensing-Controls-Quality-Control-Second-Amendment-Order-2020.pdf | https://www.bis.gov.in/wp-content/uploads/2023/01/Air-conditioner-QCO-extension-order.pdf | https://www.bis.gov.in/wp-content/uploads/2022/12/Extension-of-Date-of-implementation-of-AC-QCOpdf-1.pdf | https://www.bis.gov.in/wp-content/uploads/2024/01/Air-Conditioner-and-its-related-parts.pdf | https://www.bis.gov.in/wp-content/uploads/2025/02/Air-Conditioner-QCO-Amendment-Order-2025.pdf | https://www.bis.gov.in/wp-content/uploads/2025/04/Air-Conditioner-and-its-related-Parts-Hermetic-Compressor-and-Temperature-Sensing-Controls-Quality-Control-Amendment-Order-2025.pdf | https://www.bis.gov.in/wp-content/uploads/2026/04/Air-Conditioner-and-its-related-Parts-Hermetic-Compressor-and-Temperature-Sensing-Controls-Quality-Control-Amendment-Order-2025-1-1.pdf | https://www.bis.gov.in/wp-content/uploads/2026/05/Air-Conditioner-and-its-related-Parts-Hermetic-Compressor-and-Temperature-Sensing-Controls-Quality-Control-Amendment-Order-2026-2.pdf | https://www.bis.gov.in/wp-content/uploads/2026/06/Notification-of-Transition-Facilitation-Quality-Control-Order-2026.pdf,2026-09-03
Plugs and socket-outlets of Rated Voltage up to and including 250 Volts and Rated current up to and including 16 amperes,Plugs and Socket-Outlets and Alternating Current Direct Connected Static Prepayment Meters for Active Energy,Scheme I (ISI Mark),IS 1293 : 2005,,S.O. 4353(E),,"04th December, 2019",,,https://www.bis.gov.in/wp-content/uploads/2019/12/Plug-and-socket-QCO.pdf | https://www.bis.gov.in/wp-content/uploads/2020/06/Extension-Notification-Plug-and-Socket.pdf | https://www.bis.gov.in/wp-content/uploads/2021/06/Plugs-and-Socket-Outlets-and-AC-Direct-Connected-Static-Prepayment-Meters-for-Active-Energy-Quality-Control-Order-2021.pdf,2026-09-03
Alternating Current Direct Connected Static Prepayment Meters for Active Energy (Class1 and 2),Plugs and Socket-Outlets and Alternating Current Direct Connected Static Prepayment Meters for Active Energy,Scheme I (ISI Mark),IS 15884:2010,,S.O. 4353(E),,"04th December, 2019",,,https://www.bis.gov.in/wp-content/uploads/2019/12/Plug-and-socket-QCO.pdf | https://www.bis.gov.in/wp-content/uploads/2020/06/Extension-Notification-Plug-and-Socket.pdf | https://www.bis.gov.in/wp-content/uploads/2021/06/Plugs-and-Socket-Outlets-and-AC-Direct-Connected-Static-Prepayment-Meters-for-Active-Energy-Quality-Control-Order-2021.pdf,2026-09-03
Domestic Gas Stoves for use with Liquefied Petroleum Gases,Domestic Gas Stoves for use with Liquefied Petroleum Gases,Scheme I (ISI Mark),IS 4246: 2002,,S.O. 4345(E),,"03th December, 2019",,,https://www.bis.gov.in/wp-content/uploads/2019/12/QCO-LPG-Stoves.pdf,2026-09-03
Transparent Float Glass,Transparent Float Glass,Scheme I (ISI Mark),IS 14900: 2018,,S.O. 03 (E),,17.05.2021,,,https://www.bis.gov.in/wp-content/uploads/2020/01/QCO-on-transparent-float-glass.pdf | https://www.bis.gov.in/wp-content/uploads/2020/07/Extension-Order-Float-Glass.pdf | https://www.bis.gov.in/wp-content/uploads/2021/06/Transparent-Float-Glass-Quality-Control-Order-2021.pdf,2026-09-03
Domestic Pressure Cooker,Domestic Pressure Cooker,Scheme I (ISI Mark),IS 2347:2017,,S.O. 294 (E),,,,,https://www.bis.gov.in/wp-content/uploads/2020/07/Extension-Order-Pressure-Cooker.pdf | https://www.bis.gov.in/wp-content/uploads/2020/01/Cables_28012020.pdf,2026-09-03
Specification for PVC Insulated (Heavy Duty) Electric Cables Part 1 For Working Voltages up to and Including 1100 V,Cables,Scheme I (ISI Mark),IS 1554(Part 1) : 1988,,S.O. 294 (E),,,,,https://www.bis.gov.in/wp-content/uploads/2020/01/Cables_28012020.pdf,2026-09-03
Specification for PVC Insulated (Heavy Duty) Electric Cables Part 2 For Working Voltages from 3.3 kV up to and Including 11 kV,Cables,Scheme I (ISI Mark),IS 1554(Part 2) : 1988,,S.O. 294 (E),,,,,https://www.bis.gov.in/wp-content/uploads/2020/01/Cables_28012020.pdf,2026-09-03
Specification for Crosslinked Polyethylene Insulated PVC Sheathed Cables Part 1 for working voltages up to and including 1100 V,Cables,Scheme I (ISI Mark),IS 7098 (Part 1) : 1988,,S.O. 294 (E),,,,,https://www.bis.gov.in/wp-content/uploads/2020/01/Cables_28012020.pdf,2026-09-03
Crosslinked polyethylene insulated Thermoplastics sheathed cables – Specification Part 2 for working voltages from 3.3 kV up to and including 33 kV,Cables,Scheme I (ISI Mark),IS 7098 (Part 2) : 2011,,S.O. 294 (E),,,,,https://www.bis.gov.in/wp-content/uploads/2020/01/Cables_28012020.pdf,2026-09-03
Cross-Linked Polyethylene Insulated Thermoplastics Sheathed Cables Part 3 For Working Voltages from 66 kV Up to and Including 220 kV,Cables,Scheme I (ISI Mark),IS 7098 (Part 3) : 1993,,S.O. 294 (E),,,,,https://www.bis.gov.in/wp-content/uploads/2020/01/Cables_28012020.pdf,2026-09-03
Aerial Bunched Cables – For Working Voltages Up to and Including 1100 Volts – Specification,Cables,Scheme I (ISI Mark),IS 14255 : 1995,,S.O. 294 (E),,,,,https://www.bis.gov.in/wp-content/uploads/2020/01/Cables_28012020.pdf,2026-09-03
Specification for Elastomer Insulated Cables Part 2 For Working Voltages form 3.3 kV Up to and Including 33 kV,Cables,Scheme I (ISI Mark),IS 9968 (Part 2) : 2002,,S.O. 294 (E),,,,,https://www.bis.gov.in/wp-content/uploads/2020/01/Cables_28012020.pdf,2026-09-03
Specification for Thermocouple Compensating Cables,Cables,Scheme I (ISI Mark),IS 8784 : 1987,,S.O. 294 (E),,,,,https://www.bis.gov.in/wp-content/uploads/2020/01/Cables_28012020.pdf,2026-09-03
Welding Cables – Specification,Cables,Scheme I (ISI Mark),IS 9857 : 1990,,S.O. 294 (E),,,,,https://www.bis.gov.in/wp-content/uploads/2020/01/Cables_28012020.pdf,2026-09-03
Elastomer Insulated Flexible Cables for Use in Mines – Specification,Cables,Scheme I (ISI Mark),IS 14494 : 2019,,S.O. 294 (E),,,,,https://www.bis.gov.in/wp-content/uploads/2020/01/Cables_28012020.pdf,2026-09-03
Specification for Flexible Cables for Miner’s Cap-Lamps,Cables,Scheme I (ISI Mark),IS 2593 : 1984,,S.O. 294 (E),,,,,https://www.bis.gov.in/wp-content/uploads/2020/01/Cables_28012020.pdf,2026-09-03
Specification for Shot Firing Cables (for use other than in shafts),Cables,Scheme I (ISI Mark),IS 5950 : 1984,,S.O. 294 (E),,,,,https://www.bis.gov.in/wp-content/uploads/2020/01/Cables_28012020.pdf,2026-09-03
Halogen Free Flame Retardant (HFFR) Cables for Working Voltages Up to and Including 1100 V – Specification,Cables,Scheme I (ISI Mark),IS 17048 : 2018,,S.O. 294 (E),,,,,https://www.bis.gov.in/wp-content/uploads/2020/01/Cables_28012020.pdf,2026-09-03
Rubber Hose for Liquefied Petroleum Gas (LPG)- Specification Part 1 Industrial Application,Rubber Hose for Liquefied Petroleum Gas (LPG),Scheme I (ISI Mark),IS 9573(Part 1):2017,,S.O. 478(E),,28th January 2020,,,https://www.bis.gov.in/wp-content/uploads/2020/02/Rubber_Hose_LPG_QCO.pdf,2026-09-03
Rubber Hose for Liquefied Petroleum Gas (LPG)- Specification Part 2- Domestic and Commercial Application.,Rubber Hose for Liquefied Petroleum Gas (LPG),Scheme I (ISI Mark),IS 9573(Part 2):2017,,S.O. 478(E),,28th January 2020,,,https://www.bis.gov.in/wp-content/uploads/2020/02/Rubber_Hose_LPG_QCO.pdf,2026-09-03
Aluminium and Aluminium Alloy Bare Foil for Food Packaging,Aluminium Foil,Scheme I (ISI Mark),IS 15392,,S.O. 687 (E),,,,,https://www.bis.gov.in/wp-content/uploads/2020/02/Aluminium_foil_QCO.pdf,2026-09-03
Safety of Toys Part l Safety Aspects Related to Mechanical and Physical Properties.,Non Electric Toys,Scheme I (ISI Mark),IS 9873 (Part 1) : 2018,,S.O. 853(E),,25th February 2020,,,https://www.bis.gov.in/wp-content/uploads/2020/03/Toy_QC_order.pdf | https://www.bis.gov.in/wp-content/uploads/2020/09/Toys-Extension.pdf | https://www.bis.gov.in/wp-content/uploads/2020/12/Toys-Quality-Control-Second-Amendment-Order-2020.pdf | https://www.bis.gov.in/wp-content/uploads/2024/10/Toys-QCO-2024.pdf | https://www.bis.gov.in/wp-content/uploads/2026/06/Notification-of-Transition-Facilitation-Quality-Control-Order-2026.pdf,2026-09-03
,Non Electric Toys,Scheme I (ISI Mark),IS 9873 (Part 2) : 2017,,S.O. 853(E),,25th February 2020,,,https://www.bis.gov.in/wp-content/uploads/2020/03/Toy_QC_order.pdf | https://www.bis.gov.in/wp-content/uploads/2020/09/Toys-Extension.pdf | https://www.bis.gov.in/wp-content/uploads/2020/12/Toys-Quality-Control-Second-Amendment-Order-2020.pdf | https://www.bis.gov.in/wp-content/uploads/2024/10/Toys-QCO-2024.pdf | https://www.bis.gov.in/wp-content/uploads/2026/06/Notification-of-Transition-Facilitation-Quality-Control-Order-2026.pdf,2026-09-03
,Non Electric Toys,Scheme I (ISI Mark),IS 9873 (Part 3) : 2017,,S.O. 853(E),,25th February 2020,,,https://www.bis.gov.in/wp-content/uploads/2020/03/Toy_QC_order.pdf | https://www.bis.gov.in/wp-content/uploads/2020/09/Toys-Extension.pdf | https://www.bis.gov.in/wp-content/uploads/2020/12/Toys-Quality-Control-Second-Amendment-Order-2020.pdf | https://www.bis.gov.in/wp-content/uploads/2024/10/Toys-QCO-2024.pdf | https://www.bis.gov.in/wp-content/uploads/2026/06/Notification-of-Transition-Facilitation-Quality-Control-Order-2026.pdf,2026-09-03
,Non Electric Toys,Scheme I (ISI Mark),IS 9873 (Part 4) : 2017,,S.O. 853(E),,25th February 2020,,,https://www.bis.gov.in/wp-content/uploads/2020/03/Toy_QC_order.pdf | https://www.bis.gov.in/wp-content/uploads/2020/09/Toys-Extension.pdf | https://www.bis.gov.in/wp-content/uploads/2020/12/Toys-Quality-Control-Second-Amendment-Order-2020.pdf | https://www.bis.gov.in/wp-content/uploads/2024/10/Toys-QCO-2024.pdf | https://www.bis.gov.in/wp-content/uploads/2026/06/Notification-of-Transition-Facilitation-Quality-Control-Order-2026.pdf,2026-09-03
,Non Electric Toys,Scheme I (ISI Mark),IS 9873 (Part 7) : 2017,,S.O. 853(E),,25th February 2020,,,https://www.bis.gov.in/wp-content/uploads/2020/03/Toy_QC_order.pdf | https://www.bis.gov.in/wp-content/uploads/2020/09/Toys-Extension.pdf | https://www.bis.gov.in/wp-content/uploads/2020/12/Toys-Quality-Control-Second-Amendment-Order-2020.pdf | https://www.bis.gov.in/wp-content/uploads/2024/10/Toys-QCO-2024.pdf | https://www.bis.gov.in/wp-content/uploads/2026/06/Notification-of-Transition-Facilitation-Quality-Control-Order-2026.pdf,2026-09-03
,Non Electric Toys,Scheme I (ISI Mark),IS 9873 (Part 9) : 2017,,S.O. 853(E),,25th February 2020,,,https://www.bis.gov.in/wp-content/uploads/2020/03/Toy_QC_order.pdf | https://www.bis.gov.in/wp-content/uploads/2020/09/Toys-Extension.pdf | https://www.bis.gov.in/wp-content/uploads/2020/12/Toys-Quality-Control-Second-Amendment-Order-2020.pdf | https://www.bis.gov.in/wp-content/uploads/2024/10/Toys-QCO-2024.pdf | https://www.bis.gov.in/wp-content/uploads/2026/06/Notification-of-Transition-Facilitation-Quality-Control-Order-2026.pdf,2026-09-03
Safety of Electric Toys.,Electric Toys,Scheme I (ISI Mark),IS 15644: 2006,,S.O. 853(E),,25th February 2020,,,https://www.bis.gov.in/wp-content/uploads/2020/03/Toy_QC_order.pdf | https://www.bis.gov.in/wp-content/uploads/2020/09/Toys-Extension.pdf | https://www.bis.gov.in/wp-content/uploads/2020/12/Toys-Quality-Control-Second-Amendment-Order-2020.pdf | https://www.bis.gov.in/wp-content/uploads/2024/10/Toys-QCO-2024.pdf | https://www.bis.gov.in/wp-content/uploads/2026/07/Notification-of-Transition-Facilitation-Quality-Control-Order-2026-1.pdf,2026-09-03
Flat Transparent Sheet Glass.,Flat Transparent Sheet Glass,Scheme I (ISI Mark),IS 2835 : 1987,,S.O. 738(E),,14th February 2020,,,https://www.bis.gov.in/wp-content/uploads/2020/03/Flat-Transparent-Sheet-Glass-QCO.pdf | https://www.bis.gov.in/wp-content/uploads/2020/07/Extension-Order-Sheet-Glass.pdf | https://www.bis.gov.in/wp-content/uploads/2021/10/Flat-Transparent-Sheet-Glass-Quality-Control-Order-2021.pdf,2026-09-03
"Safety Glass -Specification Part 1 Architectural, Building and General uses.",Safety Glass,Scheme I (ISI Mark),IS 2553 (Part 1):2018,,S.O. 1045(E),,12th March 2020,,,https://www.bis.gov.in/wp-content/uploads/2020/03/Safety-Glass-QCO.pdf | https://www.bis.gov.in/wp-content/uploads/2020/07/Extension-Order-Safety-Glass.pdf | https://www.bis.gov.in/wp-content/uploads/2020/09/Safety-Glass-Amendment-Order.pdf | https://www.bis.gov.in/wp-content/uploads/2021/03/Saftey-Glass-extension.pdf | https://www.bis.gov.in/wp-content/uploads/2022/02/Extension-of-Safety-glass-QCO.pdf | https://www.bis.gov.in/wp-content/uploads/2023/04/Safety-Glass-QCO-amendment.pdf,2026-09-03
Safety Glass -Specification Part 2 For Road Transport .,Safety Glass,Scheme I (ISI Mark),IS 2553 (Part 2):2019,,S.O. 1045(E),,12th March 2020,,,https://www.bis.gov.in/wp-content/uploads/2020/03/Safety-Glass-QCO.pdf | https://www.bis.gov.in/wp-content/uploads/2020/07/Extension-Order-Safety-Glass.pdf | https://www.bis.gov.in/wp-content/uploads/2020/09/Safety-Glass-Amendment-Order.pdf | https://www.bis.gov.in/wp-content/uploads/2021/03/Saftey-Glass-extension.pdf | https://www.bis.gov.in/wp-content/uploads/2022/02/Extension-of-Safety-glass-QCO.pdf | https://www.bis.gov.in/wp-content/uploads/2023/04/Safety-Glass-QCO-amendment.pdf,2026-09-03
Textiles –High Density Polyethylene (HDPE)/ Polypropylene (PP) Woven Sacks for packaging of 50 kilogram Foodgrains,Woven Sacks,Scheme I (ISI Mark),IS 14887:2014,,S.O. 1403(E),,"23rd April, 2020",,,https://www.bis.gov.in/wp-content/uploads/2020/05/Woven-Sacks-QCO.pdf,2026-09-03
"Textiles –High Density Polyethylene (HDPE)/ Polypropylene (PP) Woven Sacks for packaging 10 kilogram, 15 kilogram, 20 kilogram, 25 kilogram, and 30 kilogram Foodgrains",Woven Sacks,Scheme I (ISI Mark),IS 16208:2015,,S.O. 1403(E),,"23rd April, 2020",,,https://www.bis.gov.in/wp-content/uploads/2020/05/Woven-Sacks-QCO.pdf,2026-09-03
Textiles –High Density Polyethylene (HDPE)/ Polypropylene (PP) Woven Sacks for packaging 50 kilogram /25 kilogram Sugar,Woven Sacks,Scheme I (ISI Mark),IS 14968:2015,,S.O. 1403(E),,"23rd April, 2020",,,https://www.bis.gov.in/wp-content/uploads/2020/05/Woven-Sacks-QCO.pdf,2026-09-03
Textiles –High Density Polyethylene (HDPE)/ Polypropylene (PP) Woven Sacks for filling Sand,Woven Sacks,Scheme I (ISI Mark),IS 14252:2015,,S.O. 1403(E),,"23rd April, 2020",,,https://www.bis.gov.in/wp-content/uploads/2020/05/Woven-Sacks-QCO.pdf,2026-09-03
Butterfly valves for general purpose,Butterfly Valves,Scheme I (ISI Mark),IS 13095:1991,,S.O. 1920 (E),,"17 June, 2020",,,https://www.bis.gov.in/wp-content/uploads/2020/07/Butterfly-Valve-QCO.pdf,2026-09-03
Retro-reflective Devices,Reflectors for Bicycles,Scheme I (ISI Mark),IS/ISO 6742-2:2015,,S.O. 2290(E),,25.05.2021,,,https://www.bis.gov.in/wp-content/uploads/2020/07/QCO-CoC-Bycycle-DPIIT.pdf | https://www.bis.gov.in/wp-content/uploads/2021/06/Bicycles-Retro-Reflective-Devices-Quality-Control-Order-2021.pdf | https://www.bis.gov.in/wp-content/uploads/2021/12/Bicycle.pdf | https://www.bis.gov.in/wp-content/uploads/2023/03/Extension-of-DOI-of-Bicycles-Retro-Reflective-Devices-Quality-Control-Order-2021.pdf | https://www.bis.gov.in/wp-content/uploads/2023/04/Corrigndum-for-Bicycyle-reflector-27032023.pdf | https://www.bis.gov.in/wp-content/uploads/2024/10/Bicycles-Retro-Reflective-Devices-Quality-Control-Amendment-Order-2024.pdf,2026-09-03
Plain Copier Paper,Paper,Scheme I (ISI Mark),IS 14490:2018,,S.O. 2149(E),,,,,https://www.bis.gov.in/wp-content/uploads/2020/07/QCO-Copier-paper-DPIIT.pdf,2026-09-03
Compounded Feeds for Cattle,Cattle Feeds,Scheme I (ISI Mark),IS 2052 : 2009,,,,27.01.2020,,,https://www.bis.gov.in/wp-content/uploads/2020/07/Direction_Meat_Milk_Feed_27_01_2020.pdf | https://www.bis.gov.in/wp-content/uploads/2020/07/Corrigendum_Direction_Meat_Milk_Feed_30_01_2020.pdf | https://www.bis.gov.in/wp-content/uploads/2020/07/Extension_TimeLine_Feeds_24_07_20202-1.pdf | https://www.bis.gov.in/wp-content/uploads/2021/01/Extension-of-time-line-for-compliance-dated-01.01.2021.pdf | https://www.bis.gov.in/wp-content/uploads/2021/08/Extension-of-timeline-for-compliance-with-the-direction-dated-27th-Jan.-2020-issued-under-16-5-of-Food-Safety-and-Standards-Act-2006.pdf,2026-09-03
Automotive Vehicles Wheel Rims for Two and Three Wheeled Vehicles Part 1  Light Alloy Wheel Rims Method of Tests and Requirements,Automobile Wheel Rim Component,Scheme I (ISI Mark),IS: 16192 (Part 1),,S.O. 3227(E),,22 October 2021,,,https://bis.gov.in/wp-content/uploads/2020/09/Wheel-Rim-QCO.pdf | https://bis.gov.in/wp-content/uploads/2021/06/Automobile-Wheel-Rim-Component-Quality-Control-Amendment-Order-2021.pdf | https://bis.gov.in/wp-content/uploads/2021/12/Automobile-Wheel-Rim-Component-Quality-Control-Order-2020.pdf | https://bis.gov.in/wp-content/uploads/2022/06/Whell-rim-QCO-amendment-2022.pdf | https://bis.gov.in/wp-content/uploads/2023/06/246575.pdf | https://bis.gov.in/wp-content/uploads/2023/12/Automobile-Wheel-Rim-Component.pdf,2026-09-03
Automotive Vehicles Wheel Rims for Two and Three Wheeled Vehicles Part 2  Sheet Metal Wheel Rims Method of Tests and Requirements,Automobile Wheel Rim Component,Scheme I (ISI Mark),IS: 16192 (Part 2),,S.O. 3227(E),,22 October 2021,,,https://bis.gov.in/wp-content/uploads/2020/09/Wheel-Rim-QCO.pdf | https://bis.gov.in/wp-content/uploads/2021/06/Automobile-Wheel-Rim-Component-Quality-Control-Amendment-Order-2021.pdf | https://bis.gov.in/wp-content/uploads/2021/12/Automobile-Wheel-Rim-Component-Quality-Control-Order-2020.pdf | https://bis.gov.in/wp-content/uploads/2022/06/Whell-rim-QCO-amendment-2022.pdf | https://bis.gov.in/wp-content/uploads/2023/06/246575.pdf | https://bis.gov.in/wp-content/uploads/2023/12/Automobile-Wheel-Rim-Component.pdf,2026-09-03
Automotive Vehicles Wheel Rims for Two and Three Wheeled Vehicles Part 3  Spoke Wheel Rims Method of Tests and Requirements,Automobile Wheel Rim Component,Scheme I (ISI Mark),IS: 16192 (Part 3),,S.O. 3227(E),,22 October 2021,,,https://bis.gov.in/wp-content/uploads/2020/09/Wheel-Rim-QCO.pdf | https://bis.gov.in/wp-content/uploads/2021/06/Automobile-Wheel-Rim-Component-Quality-Control-Amendment-Order-2021.pdf | https://bis.gov.in/wp-content/uploads/2021/12/Automobile-Wheel-Rim-Component-Quality-Control-Order-2020.pdf | https://bis.gov.in/wp-content/uploads/2022/06/Whell-rim-QCO-amendment-2022.pdf | https://bis.gov.in/wp-content/uploads/2023/06/246575.pdf | https://bis.gov.in/wp-content/uploads/2023/12/Automobile-Wheel-Rim-Component.pdf,2026-09-03
Performance Requirements and Methods of Tests for Wheels for Passenger Cars,Automobile Wheel Rim Component,Scheme I (ISI Mark),IS: 9436,,S.O. 3227(E),,22 October 2021,,,https://bis.gov.in/wp-content/uploads/2020/09/Wheel-Rim-QCO.pdf | https://bis.gov.in/wp-content/uploads/2021/06/Automobile-Wheel-Rim-Component-Quality-Control-Amendment-Order-2021.pdf | https://bis.gov.in/wp-content/uploads/2021/12/Automobile-Wheel-Rim-Component-Quality-Control-Order-2020.pdf | https://bis.gov.in/wp-content/uploads/2022/06/Whell-rim-QCO-amendment-2022.pdf | https://bis.gov.in/wp-content/uploads/2023/06/246575.pdf | https://bis.gov.in/wp-content/uploads/2023/12/Automobile-Wheel-Rim-Component.pdf,2026-09-03
Performance Requirements and Methods of Tests for Wheels or Rims for Trucks and Buses,Automobile Wheel Rim Component,Scheme I (ISI Mark),IS: 9438,,S.O. 3227(E),,22 October 2021,,,https://bis.gov.in/wp-content/uploads/2020/09/Wheel-Rim-QCO.pdf | https://bis.gov.in/wp-content/uploads/2021/06/Automobile-Wheel-Rim-Component-Quality-Control-Amendment-Order-2021.pdf | https://bis.gov.in/wp-content/uploads/2021/12/Automobile-Wheel-Rim-Component-Quality-Control-Order-2020.pdf | https://bis.gov.in/wp-content/uploads/2022/06/Whell-rim-QCO-amendment-2022.pdf | https://bis.gov.in/wp-content/uploads/2023/06/246575.pdf | https://bis.gov.in/wp-content/uploads/2023/12/Automobile-Wheel-Rim-Component.pdf,2026-09-03
Industrial and protective rubber knee and ankle boots,Foot Wear,Scheme I (ISI Mark),IS 5557: 2004,,S.O. 4378 (E),,3rd June 2022,,,https://bis.gov.in/wp-content/uploads/2020/11/Footwear-QualityControlOrder-2020-29October2020.pdf | https://bis.gov.in/wp-content/uploads/2020/12/Footwear-made-from-all-Rubber-and-all-Polymeric-material-and-its-components-Quality-Control-Amendment-Order-2020.pdf | https://bis.gov.in/wp-content/uploads/2021/07/Footwear-made-from-all-Rubber-and-all-Polymeric-material-and-its-components-Quality-Control-Amendment-Order-2021.pdf | https://bis.gov.in/wp-content/uploads/2022/06/Rescind-order-for-Footwear-made-from-all-Rubber-all-Polymeric-material-and-its-component-QCO-2020.pdf | https://bis.gov.in/wp-content/uploads/2022/06/Leather-Footwear-QCO-2022.pdf | https://bis.gov.in/wp-content/uploads/2022/11/Footwear-made-from-all-rubber-and-all-Polymeric-material-Amend.-QCO-2022.pdf | https://bis.gov.in/wp-content/uploads/2023/09/Gazette-Notification-.pdf | https://bis.gov.in/wp-content/uploads/2024/03/Footwear-made-from-All-Rubber-and-all-Polymeric-Materials-and-its-Components-QCO-2024.pdf | https://bis.gov.in/wp-content/uploads/2024/09/Footwear-made-from-All-Rubber-and-all-Polymeric-Material-and-its-QCO.pdf | https://www.bis.gov.in/wp-content/uploads/2026/03/Goods-Articles-Exemption-Order-against-Import-Order.pdf | https://www.bis.gov.in/wp-content/uploads/2026/03/Goods-Articles-Exemption-Order-against-Purchase-Order.pdf | https://www.bis.gov.in/wp-content/uploads/2026/06/Footwear-made-from-All-Rubber-and-all-Polymeric-Material-and-its-Components-Quality-Control-Amendment-Order-2026.pdf | https://www.bis.gov.in/wp-content/uploads/2026/06/Notification-of-Transition-Facilitation-Quality-Control-Order-2026.pdf,2026-09-03
All rubber gum boots and ankle boots,Foot Wear,Scheme I (ISI Mark),IS 5557 (Part 2): 2018,,S.O. 4378 (E),,3rd June 2022,,,https://bis.gov.in/wp-content/uploads/2020/11/Footwear-QualityControlOrder-2020-29October2020.pdf | https://bis.gov.in/wp-content/uploads/2020/12/Footwear-made-from-all-Rubber-and-all-Polymeric-material-and-its-components-Quality-Control-Amendment-Order-2020.pdf | https://bis.gov.in/wp-content/uploads/2021/07/Footwear-made-from-all-Rubber-and-all-Polymeric-material-and-its-components-Quality-Control-Amendment-Order-2021.pdf | https://bis.gov.in/wp-content/uploads/2022/06/Rescind-order-for-Footwear-made-from-all-Rubber-all-Polymeric-material-and-its-component-QCO-2020.pdf | https://bis.gov.in/wp-content/uploads/2022/06/Leather-Footwear-QCO-2022.pdf | https://bis.gov.in/wp-content/uploads/2022/11/Footwear-made-from-all-rubber-and-all-Polymeric-material-Amend.-QCO-2022.pdf | https://bis.gov.in/wp-content/uploads/2023/09/Gazette-Notification-.pdf | https://bis.gov.in/wp-content/uploads/2024/03/Footwear-made-from-All-Rubber-and-all-Polymeric-Materials-and-its-Components-QCO-2024.pdf | https://bis.gov.in/wp-content/uploads/2024/09/Footwear-made-from-All-Rubber-and-all-Polymeric-Material-and-its-QCO.pdf | https://www.bis.gov.in/wp-content/uploads/2026/03/Goods-Articles-Exemption-Order-against-Import-Order.pdf | https://www.bis.gov.in/wp-content/uploads/2026/03/Goods-Articles-Exemption-Order-against-Purchase-Order.pdf | https://www.bis.gov.in/wp-content/uploads/2026/06/Footwear-made-from-All-Rubber-and-all-Polymeric-Material-and-its-Components-Quality-Control-Amendment-Order-2026.pdf | https://www.bis.gov.in/wp-content/uploads/2026/06/Notification-of-Transition-Facilitation-Quality-Control-Order-2026.pdf,2026-09-03
Moulded solid rubber soles and heels,Foot Wear,Scheme I (ISI Mark),IS 5676: 1995,,S.O. 4378 (E),,3rd June 2022,,,https://bis.gov.in/wp-content/uploads/2020/11/Footwear-QualityControlOrder-2020-29October2020.pdf | https://bis.gov.in/wp-content/uploads/2020/12/Footwear-made-from-all-Rubber-and-all-Polymeric-material-and-its-components-Quality-Control-Amendment-Order-2020.pdf | https://bis.gov.in/wp-content/uploads/2021/07/Footwear-made-from-all-Rubber-and-all-Polymeric-material-and-its-components-Quality-Control-Amendment-Order-2021.pdf | https://bis.gov.in/wp-content/uploads/2022/06/Rescind-order-for-Footwear-made-from-all-Rubber-all-Polymeric-material-and-its-component-QCO-2020.pdf | https://bis.gov.in/wp-content/uploads/2022/06/Leather-Footwear-QCO-2022.pdf | https://bis.gov.in/wp-content/uploads/2022/11/Footwear-made-from-all-rubber-and-all-Polymeric-material-Amend.-QCO-2022.pdf | https://bis.gov.in/wp-content/uploads/2023/09/Gazette-Notification-.pdf | https://bis.gov.in/wp-content/uploads/2024/03/Footwear-made-from-All-Rubber-and-all-Polymeric-Materials-and-its-Components-QCO-2024.pdf | https://bis.gov.in/wp-content/uploads/2024/09/Footwear-made-from-All-Rubber-and-all-Polymeric-Material-and-its-QCO.pdf | https://www.bis.gov.in/wp-content/uploads/2026/03/Goods-Articles-Exemption-Order-against-Import-Order.pdf | https://www.bis.gov.in/wp-content/uploads/2026/03/Goods-Articles-Exemption-Order-against-Purchase-Order.pdf | https://www.bis.gov.in/wp-content/uploads/2026/06/Footwear-made-from-All-Rubber-and-all-Polymeric-Material-and-its-Components-Quality-Control-Amendment-Order-2026.pdf | https://www.bis.gov.in/wp-content/uploads/2026/06/Notification-of-Transition-Facilitation-Quality-Control-Order-2026.pdf,2026-09-03
Rubber microcellular sheets for soles and heels,Foot Wear,Scheme I (ISI Mark),IS 6664: 1992,,S.O. 4378 (E),,3rd June 2022,,,https://bis.gov.in/wp-content/uploads/2020/11/Footwear-QualityControlOrder-2020-29October2020.pdf | https://bis.gov.in/wp-content/uploads/2020/12/Footwear-made-from-all-Rubber-and-all-Polymeric-material-and-its-components-Quality-Control-Amendment-Order-2020.pdf | https://bis.gov.in/wp-content/uploads/2021/07/Footwear-made-from-all-Rubber-and-all-Polymeric-material-and-its-components-Quality-Control-Amendment-Order-2021.pdf | https://bis.gov.in/wp-content/uploads/2022/06/Rescind-order-for-Footwear-made-from-all-Rubber-all-Polymeric-material-and-its-component-QCO-2020.pdf | https://bis.gov.in/wp-content/uploads/2022/06/Leather-Footwear-QCO-2022.pdf | https://bis.gov.in/wp-content/uploads/2022/11/Footwear-made-from-all-rubber-and-all-Polymeric-material-Amend.-QCO-2022.pdf | https://bis.gov.in/wp-content/uploads/2023/09/Gazette-Notification-.pdf | https://bis.gov.in/wp-content/uploads/2024/03/Footwear-made-from-All-Rubber-and-all-Polymeric-Materials-and-its-Components-QCO-2024.pdf | https://bis.gov.in/wp-content/uploads/2024/09/Footwear-made-from-All-Rubber-and-all-Polymeric-Material-and-its-QCO.pdf | https://www.bis.gov.in/wp-content/uploads/2026/03/Goods-Articles-Exemption-Order-against-Import-Order.pdf | https://www.bis.gov.in/wp-content/uploads/2026/03/Goods-Articles-Exemption-Order-against-Purchase-Order.pdf | https://www.bis.gov.in/wp-content/uploads/2026/06/Footwear-made-from-All-Rubber-and-all-Polymeric-Material-and-its-Components-Quality-Control-Amendment-Order-2026.pdf | https://www.bis.gov.in/wp-content/uploads/2026/06/Notification-of-Transition-Facilitation-Quality-Control-Order-2026.pdf,2026-09-03
Solid PVC soles and heels,Foot Wear,Scheme I (ISI Mark),IS 6719: 1972,,S.O. 4378 (E),,3rd June 2022,,,https://bis.gov.in/wp-content/uploads/2020/11/Footwear-QualityControlOrder-2020-29October2020.pdf | https://bis.gov.in/wp-content/uploads/2020/12/Footwear-made-from-all-Rubber-and-all-Polymeric-material-and-its-components-Quality-Control-Amendment-Order-2020.pdf | https://bis.gov.in/wp-content/uploads/2021/07/Footwear-made-from-all-Rubber-and-all-Polymeric-material-and-its-components-Quality-Control-Amendment-Order-2021.pdf | https://bis.gov.in/wp-content/uploads/2022/06/Rescind-order-for-Footwear-made-from-all-Rubber-all-Polymeric-material-and-its-component-QCO-2020.pdf | https://bis.gov.in/wp-content/uploads/2022/06/Leather-Footwear-QCO-2022.pdf | https://bis.gov.in/wp-content/uploads/2022/11/Footwear-made-from-all-rubber-and-all-Polymeric-material-Amend.-QCO-2022.pdf | https://bis.gov.in/wp-content/uploads/2023/09/Gazette-Notification-.pdf | https://bis.gov.in/wp-content/uploads/2024/03/Footwear-made-from-All-Rubber-and-all-Polymeric-Materials-and-its-Components-QCO-2024.pdf | https://bis.gov.in/wp-content/uploads/2024/09/Footwear-made-from-All-Rubber-and-all-Polymeric-Material-and-its-QCO.pdf | https://www.bis.gov.in/wp-content/uploads/2026/03/Goods-Articles-Exemption-Order-against-Import-Order.pdf | https://www.bis.gov.in/wp-content/uploads/2026/03/Goods-Articles-Exemption-Order-against-Purchase-Order.pdf | https://www.bis.gov.in/wp-content/uploads/2026/06/Footwear-made-from-All-Rubber-and-all-Polymeric-Material-and-its-Components-Quality-Control-Amendment-Order-2026.pdf | https://www.bis.gov.in/wp-content/uploads/2026/06/Notification-of-Transition-Facilitation-Quality-Control-Order-2026.pdf,2026-09-03
PVC sandal,Foot Wear,Scheme I (ISI Mark),IS 6721: 1972,,S.O. 4378 (E),,3rd June 2022,,,https://bis.gov.in/wp-content/uploads/2020/11/Footwear-QualityControlOrder-2020-29October2020.pdf | https://bis.gov.in/wp-content/uploads/2020/12/Footwear-made-from-all-Rubber-and-all-Polymeric-material-and-its-components-Quality-Control-Amendment-Order-2020.pdf | https://bis.gov.in/wp-content/uploads/2021/07/Footwear-made-from-all-Rubber-and-all-Polymeric-material-and-its-components-Quality-Control-Amendment-Order-2021.pdf | https://bis.gov.in/wp-content/uploads/2022/06/Rescind-order-for-Footwear-made-from-all-Rubber-all-Polymeric-material-and-its-component-QCO-2020.pdf | https://bis.gov.in/wp-content/uploads/2022/06/Leather-Footwear-QCO-2022.pdf | https://bis.gov.in/wp-content/uploads/2022/11/Footwear-made-from-all-rubber-and-all-Polymeric-material-Amend.-QCO-2022.pdf | https://bis.gov.in/wp-content/uploads/2023/09/Gazette-Notification-.pdf | https://bis.gov.in/wp-content/uploads/2024/03/Footwear-made-from-All-Rubber-and-all-Polymeric-Materials-and-its-Components-QCO-2024.pdf | https://bis.gov.in/wp-content/uploads/2024/09/Footwear-made-from-All-Rubber-and-all-Polymeric-Material-and-its-QCO.pdf | https://www.bis.gov.in/wp-content/uploads/2026/03/Goods-Articles-Exemption-Order-against-Import-Order.pdf | https://www.bis.gov.in/wp-content/uploads/2026/03/Goods-Articles-Exemption-Order-against-Purchase-Order.pdf | https://www.bis.gov.in/wp-content/uploads/2026/06/Footwear-made-from-All-Rubber-and-all-Polymeric-Material-and-its-Components-Quality-Control-Amendment-Order-2026.pdf | https://www.bis.gov.in/wp-content/uploads/2026/06/Notification-of-Transition-Facilitation-Quality-Control-Order-2026.pdf,2026-09-03
Rubber Hawai Chappal,Foot Wear,Scheme I (ISI Mark),IS 10702: 1992,,S.O. 4378 (E),,3rd June 2022,,,https://bis.gov.in/wp-content/uploads/2020/11/Footwear-QualityControlOrder-2020-29October2020.pdf | https://bis.gov.in/wp-content/uploads/2020/12/Footwear-made-from-all-Rubber-and-all-Polymeric-material-and-its-components-Quality-Control-Amendment-Order-2020.pdf | https://bis.gov.in/wp-content/uploads/2021/07/Footwear-made-from-all-Rubber-and-all-Polymeric-material-and-its-components-Quality-Control-Amendment-Order-2021.pdf | https://bis.gov.in/wp-content/uploads/2022/06/Rescind-order-for-Footwear-made-from-all-Rubber-all-Polymeric-material-and-its-component-QCO-2020.pdf | https://bis.gov.in/wp-content/uploads/2022/06/Leather-Footwear-QCO-2022.pdf | https://bis.gov.in/wp-content/uploads/2022/11/Footwear-made-from-all-rubber-and-all-Polymeric-material-Amend.-QCO-2022.pdf | https://bis.gov.in/wp-content/uploads/2023/09/Gazette-Notification-.pdf | https://bis.gov.in/wp-content/uploads/2024/03/Footwear-made-from-All-Rubber-and-all-Polymeric-Materials-and-its-Components-QCO-2024.pdf | https://bis.gov.in/wp-content/uploads/2024/09/Footwear-made-from-All-Rubber-and-all-Polymeric-Material-and-its-QCO.pdf | https://www.bis.gov.in/wp-content/uploads/2026/03/Goods-Articles-Exemption-Order-against-Import-Order.pdf | https://www.bis.gov.in/wp-content/uploads/2026/03/Goods-Articles-Exemption-Order-against-Purchase-Order.pdf | https://www.bis.gov.in/wp-content/uploads/2026/06/Footwear-made-from-All-Rubber-and-all-Polymeric-Material-and-its-Components-Quality-Control-Amendment-Order-2026.pdf | https://www.bis.gov.in/wp-content/uploads/2026/06/Notification-of-Transition-Facilitation-Quality-Control-Order-2026.pdf,2026-09-03
Polyvinyl chloride(PVC) industrial boots,Foot Wear,Scheme I (ISI Mark),IS 12254: 1993,,S.O. 4378 (E),,3rd June 2022,,,https://bis.gov.in/wp-content/uploads/2020/11/Footwear-QualityControlOrder-2020-29October2020.pdf | https://bis.gov.in/wp-content/uploads/2020/12/Footwear-made-from-all-Rubber-and-all-Polymeric-material-and-its-components-Quality-Control-Amendment-Order-2020.pdf | https://bis.gov.in/wp-content/uploads/2021/07/Footwear-made-from-all-Rubber-and-all-Polymeric-material-and-its-components-Quality-Control-Amendment-Order-2021.pdf | https://bis.gov.in/wp-content/uploads/2022/06/Rescind-order-for-Footwear-made-from-all-Rubber-all-Polymeric-material-and-its-component-QCO-2020.pdf | https://bis.gov.in/wp-content/uploads/2022/06/Leather-Footwear-QCO-2022.pdf | https://bis.gov.in/wp-content/uploads/2022/11/Footwear-made-from-all-rubber-and-all-Polymeric-material-Amend.-QCO-2022.pdf | https://bis.gov.in/wp-content/uploads/2023/09/Gazette-Notification-.pdf | https://bis.gov.in/wp-content/uploads/2024/03/Footwear-made-from-All-Rubber-and-all-Polymeric-Materials-and-its-Components-QCO-2024.pdf | https://bis.gov.in/wp-content/uploads/2024/09/Footwear-made-from-All-Rubber-and-all-Polymeric-Material-and-its-QCO.pdf | https://www.bis.gov.in/wp-content/uploads/2026/03/Goods-Articles-Exemption-Order-against-Import-Order.pdf | https://www.bis.gov.in/wp-content/uploads/2026/03/Goods-Articles-Exemption-Order-against-Purchase-Order.pdf | https://www.bis.gov.in/wp-content/uploads/2026/06/Footwear-made-from-All-Rubber-and-all-Polymeric-Material-and-its-Components-Quality-Control-Amendment-Order-2026.pdf | https://www.bis.gov.in/wp-content/uploads/2026/06/Notification-of-Transition-Facilitation-Quality-Control-Order-2026.pdf,2026-09-03
"Polyurethane sole, semirigid",Foot Wear,Scheme I (ISI Mark),IS 13893: 1994,,S.O. 4378 (E),,3rd June 2022,,,https://bis.gov.in/wp-content/uploads/2020/11/Footwear-QualityControlOrder-2020-29October2020.pdf | https://bis.gov.in/wp-content/uploads/2020/12/Footwear-made-from-all-Rubber-and-all-Polymeric-material-and-its-components-Quality-Control-Amendment-Order-2020.pdf | https://bis.gov.in/wp-content/uploads/2021/07/Footwear-made-from-all-Rubber-and-all-Polymeric-material-and-its-components-Quality-Control-Amendment-Order-2021.pdf | https://bis.gov.in/wp-content/uploads/2022/06/Rescind-order-for-Footwear-made-from-all-Rubber-all-Polymeric-material-and-its-component-QCO-2020.pdf | https://bis.gov.in/wp-content/uploads/2022/06/Leather-Footwear-QCO-2022.pdf | https://bis.gov.in/wp-content/uploads/2022/11/Footwear-made-from-all-rubber-and-all-Polymeric-material-Amend.-QCO-2022.pdf | https://bis.gov.in/wp-content/uploads/2023/09/Gazette-Notification-.pdf | https://bis.gov.in/wp-content/uploads/2024/03/Footwear-made-from-All-Rubber-and-all-Polymeric-Materials-and-its-Components-QCO-2024.pdf | https://bis.gov.in/wp-content/uploads/2024/09/Footwear-made-from-All-Rubber-and-all-Polymeric-Material-and-its-QCO.pdf | https://www.bis.gov.in/wp-content/uploads/2026/03/Goods-Articles-Exemption-Order-against-Import-Order.pdf | https://www.bis.gov.in/wp-content/uploads/2026/03/Goods-Articles-Exemption-Order-against-Purchase-Order.pdf | https://www.bis.gov.in/wp-content/uploads/2026/06/Footwear-made-from-All-Rubber-and-all-Polymeric-Material-and-its-Components-Quality-Control-Amendment-Order-2026.pdf | https://www.bis.gov.in/wp-content/uploads/2026/06/Notification-of-Transition-Facilitation-Quality-Control-Order-2026.pdf,2026-09-03
Unlined moulded rubber boots,Foot Wear,Scheme I (ISI Mark),IS 13995: 1995,,S.O. 4378 (E),,3rd June 2022,,,https://bis.gov.in/wp-content/uploads/2020/11/Footwear-QualityControlOrder-2020-29October2020.pdf | https://bis.gov.in/wp-content/uploads/2020/12/Footwear-made-from-all-Rubber-and-all-Polymeric-material-and-its-components-Quality-Control-Amendment-Order-2020.pdf | https://bis.gov.in/wp-content/uploads/2021/07/Footwear-made-from-all-Rubber-and-all-Polymeric-material-and-its-components-Quality-Control-Amendment-Order-2021.pdf | https://bis.gov.in/wp-content/uploads/2022/06/Rescind-order-for-Footwear-made-from-all-Rubber-all-Polymeric-material-and-its-component-QCO-2020.pdf | https://bis.gov.in/wp-content/uploads/2022/06/Leather-Footwear-QCO-2022.pdf | https://bis.gov.in/wp-content/uploads/2022/11/Footwear-made-from-all-rubber-and-all-Polymeric-material-Amend.-QCO-2022.pdf | https://bis.gov.in/wp-content/uploads/2023/09/Gazette-Notification-.pdf | https://bis.gov.in/wp-content/uploads/2024/03/Footwear-made-from-All-Rubber-and-all-Polymeric-Materials-and-its-Components-QCO-2024.pdf | https://bis.gov.in/wp-content/uploads/2024/09/Footwear-made-from-All-Rubber-and-all-Polymeric-Material-and-its-QCO.pdf | https://www.bis.gov.in/wp-content/uploads/2026/03/Goods-Articles-Exemption-Order-against-Import-Order.pdf | https://www.bis.gov.in/wp-content/uploads/2026/03/Goods-Articles-Exemption-Order-against-Purchase-Order.pdf | https://www.bis.gov.in/wp-content/uploads/2026/06/Footwear-made-from-All-Rubber-and-all-Polymeric-Material-and-its-Components-Quality-Control-Amendment-Order-2026.pdf | https://www.bis.gov.in/wp-content/uploads/2026/06/Notification-of-Transition-Facilitation-Quality-Control-Order-2026.pdf,2026-09-03
Moulded plastics footwear- Lined or Unlined polyurethane boots for general industrial use,Foot Wear,Scheme I (ISI Mark),IS 16645: 2018,,S.O. 4378 (E),,3rd June 2022,,,https://bis.gov.in/wp-content/uploads/2020/11/Footwear-QualityControlOrder-2020-29October2020.pdf | https://bis.gov.in/wp-content/uploads/2020/12/Footwear-made-from-all-Rubber-and-all-Polymeric-material-and-its-components-Quality-Control-Amendment-Order-2020.pdf | https://bis.gov.in/wp-content/uploads/2021/07/Footwear-made-from-all-Rubber-and-all-Polymeric-material-and-its-components-Quality-Control-Amendment-Order-2021.pdf | https://bis.gov.in/wp-content/uploads/2022/06/Rescind-order-for-Footwear-made-from-all-Rubber-all-Polymeric-material-and-its-component-QCO-2020.pdf | https://bis.gov.in/wp-content/uploads/2022/06/Leather-Footwear-QCO-2022.pdf | https://bis.gov.in/wp-content/uploads/2022/11/Footwear-made-from-all-rubber-and-all-Polymeric-material-Amend.-QCO-2022.pdf | https://bis.gov.in/wp-content/uploads/2023/09/Gazette-Notification-.pdf | https://bis.gov.in/wp-content/uploads/2024/03/Footwear-made-from-All-Rubber-and-all-Polymeric-Materials-and-its-Components-QCO-2024.pdf | https://bis.gov.in/wp-content/uploads/2024/09/Footwear-made-from-All-Rubber-and-all-Polymeric-Material-and-its-QCO.pdf | https://www.bis.gov.in/wp-content/uploads/2026/03/Goods-Articles-Exemption-Order-against-Import-Order.pdf | https://www.bis.gov.in/wp-content/uploads/2026/03/Goods-Articles-Exemption-Order-against-Purchase-Order.pdf | https://www.bis.gov.in/wp-content/uploads/2026/06/Footwear-made-from-All-Rubber-and-all-Polymeric-Material-and-its-Components-Quality-Control-Amendment-Order-2026.pdf | https://www.bis.gov.in/wp-content/uploads/2026/06/Notification-of-Transition-Facilitation-Quality-Control-Order-2026.pdf,2026-09-03
Footwear for men and women for municipal scavenging work,Foot Wear,Scheme I (ISI Mark),IS 16994: 2018,,S.O. 4378 (E),,3rd June 2022,,,https://bis.gov.in/wp-content/uploads/2020/11/Footwear-QualityControlOrder-2020-29October2020.pdf | https://bis.gov.in/wp-content/uploads/2020/12/Footwear-made-from-all-Rubber-and-all-Polymeric-material-and-its-components-Quality-Control-Amendment-Order-2020.pdf | https://bis.gov.in/wp-content/uploads/2021/07/Footwear-made-from-all-Rubber-and-all-Polymeric-material-and-its-components-Quality-Control-Amendment-Order-2021.pdf | https://bis.gov.in/wp-content/uploads/2022/06/Rescind-order-for-Footwear-made-from-all-Rubber-all-Polymeric-material-and-its-component-QCO-2020.pdf | https://bis.gov.in/wp-content/uploads/2022/06/Leather-Footwear-QCO-2022.pdf | https://bis.gov.in/wp-content/uploads/2022/11/Footwear-made-from-all-rubber-and-all-Polymeric-material-Amend.-QCO-2022.pdf | https://bis.gov.in/wp-content/uploads/2023/09/Gazette-Notification-.pdf | https://bis.gov.in/wp-content/uploads/2024/03/Footwear-made-from-All-Rubber-and-all-Polymeric-Materials-and-its-Components-QCO-2024.pdf | https://bis.gov.in/wp-content/uploads/2024/09/Footwear-made-from-All-Rubber-and-all-Polymeric-Material-and-its-QCO.pdf | https://www.bis.gov.in/wp-content/uploads/2026/03/Goods-Articles-Exemption-Order-against-Import-Order.pdf | https://www.bis.gov.in/wp-content/uploads/2026/03/Goods-Articles-Exemption-Order-against-Purchase-Order.pdf | https://www.bis.gov.in/wp-content/uploads/2026/06/Footwear-made-from-All-Rubber-and-all-Polymeric-Material-and-its-Components-Quality-Control-Amendment-Order-2026.pdf | https://www.bis.gov.in/wp-content/uploads/2026/06/Notification-of-Transition-Facilitation-Quality-Control-Order-2026.pdf,2026-09-03
Leather safety boots and shoes for miners,Foot Wear,Scheme I (ISI Mark),IS 1989 (Part 1): 1986,,S.O. 4379 (E),,3rd June 2022,,,https://bis.gov.in/wp-content/uploads/2020/11/FootwearLeather-QualityControlOrder-2020-29October2020.pdf | https://bis.gov.in/wp-content/uploads/2020/12/Footwear-made-from-Leather-and-other-materials-Quality-Control-Amendment-Order-2020.pdf | https://bis.gov.in/wp-content/uploads/2021/07/Footwear-made-from-Leather-and-other-materials-Quality-Control-Amendment-Order-2021.pdf | https://bis.gov.in/wp-content/uploads/2022/06/Rescind-order-for-Footwear-made-from-Leather-other-material-QCO-2020.pdf | https://bis.gov.in/wp-content/uploads/2022/06/Rubber-Polymeric-Footwera-QCO-2022.pdf | https://bis.gov.in/wp-content/uploads/2022/11/Footwear-Made-from-Leather-and-other-Materials-amend.-QCO-2022.pdf | https://bis.gov.in/wp-content/uploads/2024/03/Footwear-made-from-Leather-and-other-Materials-QCO-2024.pdf | https://bis.gov.in/wp-content/uploads/2024/09/Footwear-made-from-Leather-and-other-Materials-QCO.pdf | https://www.bis.gov.in/wp-content/uploads/2026/03/Goods-Articles-Exemption-Order-against-Import-Order.pdf | https://www.bis.gov.in/wp-content/uploads/2026/03/Goods-Articles-Exemption-Order-against-Purchase-Order.pdf | https://www.bis.gov.in/wp-content/uploads/2026/06/Footwear-made-from-Leather-and-other-Material-Quality-Control-Amendment-Order-2026.pdf | https://www.bis.gov.in/wp-content/uploads/2026/06/Notification-of-Transition-Facilitation-Quality-Control-Order-2026.pdf,2026-09-03
Leather safety boots and shoes for heavy metal industries,Foot Wear,Scheme I (ISI Mark),IS 1989 (Part.2): 1986,,S.O. 4379 (E),,3rd June 2022,,,https://bis.gov.in/wp-content/uploads/2020/11/FootwearLeather-QualityControlOrder-2020-29October2020.pdf | https://bis.gov.in/wp-content/uploads/2020/12/Footwear-made-from-Leather-and-other-materials-Quality-Control-Amendment-Order-2020.pdf | https://bis.gov.in/wp-content/uploads/2021/07/Footwear-made-from-Leather-and-other-materials-Quality-Control-Amendment-Order-2021.pdf | https://bis.gov.in/wp-content/uploads/2022/06/Rescind-order-for-Footwear-made-from-Leather-other-material-QCO-2020.pdf | https://bis.gov.in/wp-content/uploads/2022/06/Rubber-Polymeric-Footwera-QCO-2022.pdf | https://bis.gov.in/wp-content/uploads/2022/11/Footwear-Made-from-Leather-and-other-Materials-amend.-QCO-2022.pdf | https://bis.gov.in/wp-content/uploads/2024/03/Footwear-made-from-Leather-and-other-Materials-QCO-2024.pdf | https://bis.gov.in/wp-content/uploads/2024/09/Footwear-made-from-Leather-and-other-Materials-QCO.pdf | https://www.bis.gov.in/wp-content/uploads/2026/03/Goods-Articles-Exemption-Order-against-Import-Order.pdf | https://www.bis.gov.in/wp-content/uploads/2026/03/Goods-Articles-Exemption-Order-against-Purchase-Order.pdf | https://www.bis.gov.in/wp-content/uploads/2026/06/Footwear-made-from-Leather-and-other-Material-Quality-Control-Amendment-Order-2026.pdf | https://www.bis.gov.in/wp-content/uploads/2026/06/Notification-of-Transition-Facilitation-Quality-Control-Order-2026.pdf,2026-09-03
Canvas Shoes Rubber Sole,Foot Wear,Scheme I (ISI Mark),IS 3735: 1996,,S.O. 4379 (E),,3rd June 2022,,,https://bis.gov.in/wp-content/uploads/2020/11/FootwearLeather-QualityControlOrder-2020-29October2020.pdf | https://bis.gov.in/wp-content/uploads/2020/12/Footwear-made-from-Leather-and-other-materials-Quality-Control-Amendment-Order-2020.pdf | https://bis.gov.in/wp-content/uploads/2021/07/Footwear-made-from-Leather-and-other-materials-Quality-Control-Amendment-Order-2021.pdf | https://bis.gov.in/wp-content/uploads/2022/06/Rescind-order-for-Footwear-made-from-Leather-other-material-QCO-2020.pdf | https://bis.gov.in/wp-content/uploads/2022/06/Rubber-Polymeric-Footwera-QCO-2022.pdf | https://bis.gov.in/wp-content/uploads/2022/11/Footwear-Made-from-Leather-and-other-Materials-amend.-QCO-2022.pdf | https://bis.gov.in/wp-content/uploads/2024/03/Footwear-made-from-Leather-and-other-Materials-QCO-2024.pdf | https://bis.gov.in/wp-content/uploads/2024/09/Footwear-made-from-Leather-and-other-Materials-QCO.pdf | https://www.bis.gov.in/wp-content/uploads/2026/03/Goods-Articles-Exemption-Order-against-Import-Order.pdf | https://www.bis.gov.in/wp-content/uploads/2026/03/Goods-Articles-Exemption-Order-against-Purchase-Order.pdf | https://www.bis.gov.in/wp-content/uploads/2026/06/Footwear-made-from-Leather-and-other-Material-Quality-Control-Amendment-Order-2026.pdf | https://www.bis.gov.in/wp-content/uploads/2026/06/Notification-of-Transition-Facilitation-Quality-Control-Order-2026.pdf,2026-09-03
Canvas Boots Rubber Sole,Foot Wear,Scheme I (ISI Mark),IS 3736: 1995,,S.O. 4379 (E),,3rd June 2022,,,https://bis.gov.in/wp-content/uploads/2020/11/FootwearLeather-QualityControlOrder-2020-29October2020.pdf | https://bis.gov.in/wp-content/uploads/2020/12/Footwear-made-from-Leather-and-other-materials-Quality-Control-Amendment-Order-2020.pdf | https://bis.gov.in/wp-content/uploads/2021/07/Footwear-made-from-Leather-and-other-materials-Quality-Control-Amendment-Order-2021.pdf | https://bis.gov.in/wp-content/uploads/2022/06/Rescind-order-for-Footwear-made-from-Leather-other-material-QCO-2020.pdf | https://bis.gov.in/wp-content/uploads/2022/06/Rubber-Polymeric-Footwera-QCO-2022.pdf | https://bis.gov.in/wp-content/uploads/2022/11/Footwear-Made-from-Leather-and-other-Materials-amend.-QCO-2022.pdf | https://bis.gov.in/wp-content/uploads/2024/03/Footwear-made-from-Leather-and-other-Materials-QCO-2024.pdf | https://bis.gov.in/wp-content/uploads/2024/09/Footwear-made-from-Leather-and-other-Materials-QCO.pdf | https://www.bis.gov.in/wp-content/uploads/2026/03/Goods-Articles-Exemption-Order-against-Import-Order.pdf | https://www.bis.gov.in/wp-content/uploads/2026/03/Goods-Articles-Exemption-Order-against-Purchase-Order.pdf | https://www.bis.gov.in/wp-content/uploads/2026/06/Footwear-made-from-Leather-and-other-Material-Quality-Control-Amendment-Order-2026.pdf | https://www.bis.gov.in/wp-content/uploads/2026/06/Notification-of-Transition-Facilitation-Quality-Control-Order-2026.pdf,2026-09-03
Safety Rubber Canvas Boots for Miners,Foot Wear,Scheme I (ISI Mark),IS 3976: 2018,,S.O. 4379 (E),,3rd June 2022,,,https://bis.gov.in/wp-content/uploads/2020/11/FootwearLeather-QualityControlOrder-2020-29October2020.pdf | https://bis.gov.in/wp-content/uploads/2020/12/Footwear-made-from-Leather-and-other-materials-Quality-Control-Amendment-Order-2020.pdf | https://bis.gov.in/wp-content/uploads/2021/07/Footwear-made-from-Leather-and-other-materials-Quality-Control-Amendment-Order-2021.pdf | https://bis.gov.in/wp-content/uploads/2022/06/Rescind-order-for-Footwear-made-from-Leather-other-material-QCO-2020.pdf | https://bis.gov.in/wp-content/uploads/2022/06/Rubber-Polymeric-Footwera-QCO-2022.pdf | https://bis.gov.in/wp-content/uploads/2022/11/Footwear-Made-from-Leather-and-other-Materials-amend.-QCO-2022.pdf | https://bis.gov.in/wp-content/uploads/2024/03/Footwear-made-from-Leather-and-other-Materials-QCO-2024.pdf | https://bis.gov.in/wp-content/uploads/2024/09/Footwear-made-from-Leather-and-other-Materials-QCO.pdf | https://www.bis.gov.in/wp-content/uploads/2026/03/Goods-Articles-Exemption-Order-against-Import-Order.pdf | https://www.bis.gov.in/wp-content/uploads/2026/03/Goods-Articles-Exemption-Order-against-Purchase-Order.pdf | https://www.bis.gov.in/wp-content/uploads/2026/06/Footwear-made-from-Leather-and-other-Material-Quality-Control-Amendment-Order-2026.pdf | https://www.bis.gov.in/wp-content/uploads/2026/06/Notification-of-Transition-Facilitation-Quality-Control-Order-2026.pdf,2026-09-03
Leather safety footwear having direct moulded rubber sole,Foot Wear,Scheme I (ISI Mark),IS 11226: 1993,,S.O. 4379 (E),,3rd June 2022,,,https://bis.gov.in/wp-content/uploads/2020/11/FootwearLeather-QualityControlOrder-2020-29October2020.pdf | https://bis.gov.in/wp-content/uploads/2020/12/Footwear-made-from-Leather-and-other-materials-Quality-Control-Amendment-Order-2020.pdf | https://bis.gov.in/wp-content/uploads/2021/07/Footwear-made-from-Leather-and-other-materials-Quality-Control-Amendment-Order-2021.pdf | https://bis.gov.in/wp-content/uploads/2022/06/Rescind-order-for-Footwear-made-from-Leather-other-material-QCO-2020.pdf | https://bis.gov.in/wp-content/uploads/2022/06/Rubber-Polymeric-Footwera-QCO-2022.pdf | https://bis.gov.in/wp-content/uploads/2022/11/Footwear-Made-from-Leather-and-other-Materials-amend.-QCO-2022.pdf | https://bis.gov.in/wp-content/uploads/2024/03/Footwear-made-from-Leather-and-other-Materials-QCO-2024.pdf | https://bis.gov.in/wp-content/uploads/2024/09/Footwear-made-from-Leather-and-other-Materials-QCO.pdf | https://www.bis.gov.in/wp-content/uploads/2026/03/Goods-Articles-Exemption-Order-against-Import-Order.pdf | https://www.bis.gov.in/wp-content/uploads/2026/03/Goods-Articles-Exemption-Order-against-Purchase-Order.pdf | https://www.bis.gov.in/wp-content/uploads/2026/06/Footwear-made-from-Leather-and-other-Material-Quality-Control-Amendment-Order-2026.pdf | https://www.bis.gov.in/wp-content/uploads/2026/06/Notification-of-Transition-Facilitation-Quality-Control-Order-2026.pdf,2026-09-03
Leather safety footwear with direct moulded polyvinyl chloride (PVC) sole,Foot Wear,Scheme I (ISI Mark),IS 14544: 1998,,S.O. 4379 (E),,3rd June 2022,,,https://bis.gov.in/wp-content/uploads/2020/11/FootwearLeather-QualityControlOrder-2020-29October2020.pdf | https://bis.gov.in/wp-content/uploads/2020/12/Footwear-made-from-Leather-and-other-materials-Quality-Control-Amendment-Order-2020.pdf | https://bis.gov.in/wp-content/uploads/2021/07/Footwear-made-from-Leather-and-other-materials-Quality-Control-Amendment-Order-2021.pdf | https://bis.gov.in/wp-content/uploads/2022/06/Rescind-order-for-Footwear-made-from-Leather-other-material-QCO-2020.pdf | https://bis.gov.in/wp-content/uploads/2022/06/Rubber-Polymeric-Footwera-QCO-2022.pdf | https://bis.gov.in/wp-content/uploads/2022/11/Footwear-Made-from-Leather-and-other-Materials-amend.-QCO-2022.pdf | https://bis.gov.in/wp-content/uploads/2024/03/Footwear-made-from-Leather-and-other-Materials-QCO-2024.pdf | https://bis.gov.in/wp-content/uploads/2024/09/Footwear-made-from-Leather-and-other-Materials-QCO.pdf | https://www.bis.gov.in/wp-content/uploads/2026/03/Goods-Articles-Exemption-Order-against-Import-Order.pdf | https://www.bis.gov.in/wp-content/uploads/2026/03/Goods-Articles-Exemption-Order-against-Purchase-Order.pdf | https://www.bis.gov.in/wp-content/uploads/2026/06/Footwear-made-from-Leather-and-other-Material-Quality-Control-Amendment-Order-2026.pdf | https://www.bis.gov.in/wp-content/uploads/2026/06/Notification-of-Transition-Facilitation-Quality-Control-Order-2026.pdf,2026-09-03
Sports Footwear for General Purpose,Foot Wear,Scheme I (ISI Mark),IS 15844(Part-1): 2023,,S.O. 4379 (E),,3rd June 2022,,,https://bis.gov.in/wp-content/uploads/2020/11/FootwearLeather-QualityControlOrder-2020-29October2020.pdf | https://bis.gov.in/wp-content/uploads/2020/12/Footwear-made-from-Leather-and-other-materials-Quality-Control-Amendment-Order-2020.pdf | https://bis.gov.in/wp-content/uploads/2021/07/Footwear-made-from-Leather-and-other-materials-Quality-Control-Amendment-Order-2021.pdf | https://bis.gov.in/wp-content/uploads/2022/06/Rescind-order-for-Footwear-made-from-Leather-other-material-QCO-2020.pdf | https://bis.gov.in/wp-content/uploads/2022/06/Rubber-Polymeric-Footwera-QCO-2022.pdf | https://bis.gov.in/wp-content/uploads/2022/11/Footwear-Made-from-Leather-and-other-Materials-amend.-QCO-2022.pdf | https://bis.gov.in/wp-content/uploads/2024/03/Footwear-made-from-Leather-and-other-Materials-QCO-2024.pdf | https://bis.gov.in/wp-content/uploads/2024/09/Footwear-made-from-Leather-and-other-Materials-QCO.pdf | https://www.bis.gov.in/wp-content/uploads/2026/03/Goods-Articles-Exemption-Order-against-Import-Order.pdf | https://www.bis.gov.in/wp-content/uploads/2026/03/Goods-Articles-Exemption-Order-against-Purchase-Order.pdf | https://www.bis.gov.in/wp-content/uploads/2026/06/Footwear-made-from-Leather-and-other-Material-Quality-Control-Amendment-Order-2026.pdf | https://www.bis.gov.in/wp-content/uploads/2026/06/Notification-of-Transition-Facilitation-Quality-Control-Order-2026.pdf,2026-09-03
Sports Footwear for Performance Sports Footwear,Foot Wear,Scheme I (ISI Mark),IS 15844(Part-2): 2023,,S.O. 4379 (E),,3rd June 2022,,,https://bis.gov.in/wp-content/uploads/2020/11/FootwearLeather-QualityControlOrder-2020-29October2020.pdf | https://bis.gov.in/wp-content/uploads/2020/12/Footwear-made-from-Leather-and-other-materials-Quality-Control-Amendment-Order-2020.pdf | https://bis.gov.in/wp-content/uploads/2021/07/Footwear-made-from-Leather-and-other-materials-Quality-Control-Amendment-Order-2021.pdf | https://bis.gov.in/wp-content/uploads/2022/06/Rescind-order-for-Footwear-made-from-Leather-other-material-QCO-2020.pdf | https://bis.gov.in/wp-content/uploads/2022/06/Rubber-Polymeric-Footwera-QCO-2022.pdf | https://bis.gov.in/wp-content/uploads/2022/11/Footwear-Made-from-Leather-and-other-Materials-amend.-QCO-2022.pdf | https://bis.gov.in/wp-content/uploads/2024/03/Footwear-made-from-Leather-and-other-Materials-QCO-2024.pdf | https://bis.gov.in/wp-content/uploads/2024/09/Footwear-made-from-Leather-and-other-Materials-QCO.pdf | https://www.bis.gov.in/wp-content/uploads/2026/03/Goods-Articles-Exemption-Order-against-Import-Order.pdf | https://www.bis.gov.in/wp-content/uploads/2026/03/Goods-Articles-Exemption-Order-against-Purchase-Order.pdf | https://www.bis.gov.in/wp-content/uploads/2026/06/Footwear-made-from-Leather-and-other-Material-Quality-Control-Amendment-Order-2026.pdf | https://www.bis.gov.in/wp-content/uploads/2026/06/Notification-of-Transition-Facilitation-Quality-Control-Order-2026.pdf,2026-09-03
Sports Footwear for Professional Sports Footwear,Foot Wear,Scheme I (ISI Mark),IS 15844(Part 3): 2024,,S.O. 4379 (E),,3rd June 2022,,,https://bis.gov.in/wp-content/uploads/2020/11/FootwearLeather-QualityControlOrder-2020-29October2020.pdf | https://bis.gov.in/wp-content/uploads/2020/12/Footwear-made-from-Leather-and-other-materials-Quality-Control-Amendment-Order-2020.pdf | https://bis.gov.in/wp-content/uploads/2021/07/Footwear-made-from-Leather-and-other-materials-Quality-Control-Amendment-Order-2021.pdf | https://bis.gov.in/wp-content/uploads/2022/06/Rescind-order-for-Footwear-made-from-Leather-other-material-QCO-2020.pdf | https://bis.gov.in/wp-content/uploads/2022/06/Rubber-Polymeric-Footwera-QCO-2022.pdf | https://bis.gov.in/wp-content/uploads/2022/11/Footwear-Made-from-Leather-and-other-Materials-amend.-QCO-2022.pdf | https://bis.gov.in/wp-content/uploads/2024/03/Footwear-made-from-Leather-and-other-Materials-QCO-2024.pdf | https://bis.gov.in/wp-content/uploads/2024/09/Footwear-made-from-Leather-and-other-Materials-QCO.pdf | https://www.bis.gov.in/wp-content/uploads/2026/03/Goods-Articles-Exemption-Order-against-Import-Order.pdf | https://www.bis.gov.in/wp-content/uploads/2026/03/Goods-Articles-Exemption-Order-against-Purchase-Order.pdf | https://www.bis.gov.in/wp-content/uploads/2026/06/Footwear-made-from-Leather-and-other-Material-Quality-Control-Amendment-Order-2026.pdf | https://www.bis.gov.in/wp-content/uploads/2026/06/Notification-of-Transition-Facilitation-Quality-Control-Order-2026.pdf,2026-09-03
High ankle tactical boots with PU – Rubber sole,Foot Wear,Scheme I (ISI Mark),IS 17012: 2018,,S.O. 4379 (E),,3rd June 2022,,,https://bis.gov.in/wp-content/uploads/2020/11/FootwearLeather-QualityControlOrder-2020-29October2020.pdf | https://bis.gov.in/wp-content/uploads/2020/12/Footwear-made-from-Leather-and-other-materials-Quality-Control-Amendment-Order-2020.pdf | https://bis.gov.in/wp-content/uploads/2021/07/Footwear-made-from-Leather-and-other-materials-Quality-Control-Amendment-Order-2021.pdf | https://bis.gov.in/wp-content/uploads/2022/06/Rescind-order-for-Footwear-made-from-Leather-other-material-QCO-2020.pdf | https://bis.gov.in/wp-content/uploads/2022/06/Rubber-Polymeric-Footwera-QCO-2022.pdf | https://bis.gov.in/wp-content/uploads/2022/11/Footwear-Made-from-Leather-and-other-Materials-amend.-QCO-2022.pdf | https://bis.gov.in/wp-content/uploads/2024/03/Footwear-made-from-Leather-and-other-Materials-QCO-2024.pdf | https://bis.gov.in/wp-content/uploads/2024/09/Footwear-made-from-Leather-and-other-Materials-QCO.pdf | https://www.bis.gov.in/wp-content/uploads/2026/03/Goods-Articles-Exemption-Order-against-Import-Order.pdf | https://www.bis.gov.in/wp-content/uploads/2026/03/Goods-Articles-Exemption-Order-against-Purchase-Order.pdf | https://www.bis.gov.in/wp-content/uploads/2026/06/Footwear-made-from-Leather-and-other-Material-Quality-Control-Amendment-Order-2026.pdf | https://www.bis.gov.in/wp-content/uploads/2026/06/Notification-of-Transition-Facilitation-Quality-Control-Order-2026.pdf,2026-09-03
Antiriot shoes,Foot Wear,Scheme I (ISI Mark),IS 17037: 2018,,S.O. 4379 (E),,3rd June 2022,,,https://bis.gov.in/wp-content/uploads/2020/11/FootwearLeather-QualityControlOrder-2020-29October2020.pdf | https://bis.gov.in/wp-content/uploads/2020/12/Footwear-made-from-Leather-and-other-materials-Quality-Control-Amendment-Order-2020.pdf | https://bis.gov.in/wp-content/uploads/2021/07/Footwear-made-from-Leather-and-other-materials-Quality-Control-Amendment-Order-2021.pdf | https://bis.gov.in/wp-content/uploads/2022/06/Rescind-order-for-Footwear-made-from-Leather-other-material-QCO-2020.pdf | https://bis.gov.in/wp-content/uploads/2022/06/Rubber-Polymeric-Footwera-QCO-2022.pdf | https://bis.gov.in/wp-content/uploads/2022/11/Footwear-Made-from-Leather-and-other-Materials-amend.-QCO-2022.pdf | https://bis.gov.in/wp-content/uploads/2024/03/Footwear-made-from-Leather-and-other-Materials-QCO-2024.pdf | https://bis.gov.in/wp-content/uploads/2024/09/Footwear-made-from-Leather-and-other-Materials-QCO.pdf | https://www.bis.gov.in/wp-content/uploads/2026/03/Goods-Articles-Exemption-Order-against-Import-Order.pdf | https://www.bis.gov.in/wp-content/uploads/2026/03/Goods-Articles-Exemption-Order-against-Purchase-Order.pdf | https://www.bis.gov.in/wp-content/uploads/2026/06/Footwear-made-from-Leather-and-other-Material-Quality-Control-Amendment-Order-2026.pdf | https://www.bis.gov.in/wp-content/uploads/2026/06/Notification-of-Transition-Facilitation-Quality-Control-Order-2026.pdf,2026-09-03
Shoes for Services,Foot Wear,Scheme I (ISI Mark),IS 17043 (Part-1): 2024,,S.O. 4379 (E),,3rd June 2022,,,https://bis.gov.in/wp-content/uploads/2020/11/FootwearLeather-QualityControlOrder-2020-29October2020.pdf | https://bis.gov.in/wp-content/uploads/2020/12/Footwear-made-from-Leather-and-other-materials-Quality-Control-Amendment-Order-2020.pdf | https://bis.gov.in/wp-content/uploads/2021/07/Footwear-made-from-Leather-and-other-materials-Quality-Control-Amendment-Order-2021.pdf | https://bis.gov.in/wp-content/uploads/2022/06/Rescind-order-for-Footwear-made-from-Leather-other-material-QCO-2020.pdf | https://bis.gov.in/wp-content/uploads/2022/06/Rubber-Polymeric-Footwera-QCO-2022.pdf | https://bis.gov.in/wp-content/uploads/2022/11/Footwear-Made-from-Leather-and-other-Materials-amend.-QCO-2022.pdf | https://bis.gov.in/wp-content/uploads/2024/03/Footwear-made-from-Leather-and-other-Materials-QCO-2024.pdf | https://bis.gov.in/wp-content/uploads/2024/09/Footwear-made-from-Leather-and-other-Materials-QCO.pdf | https://www.bis.gov.in/wp-content/uploads/2026/03/Goods-Articles-Exemption-Order-against-Import-Order.pdf | https://www.bis.gov.in/wp-content/uploads/2026/03/Goods-Articles-Exemption-Order-against-Purchase-Order.pdf | https://www.bis.gov.in/wp-content/uploads/2026/06/Footwear-made-from-Leather-and-other-Material-Quality-Control-Amendment-Order-2026.pdf | https://www.bis.gov.in/wp-content/uploads/2026/06/Notification-of-Transition-Facilitation-Quality-Control-Order-2026.pdf,2026-09-03
Shoes for General Purpose,Foot Wear,Scheme I (ISI Mark),IS 17043 (Part-2): 2024,,S.O. 4379 (E),,3rd June 2022,,,https://bis.gov.in/wp-content/uploads/2020/11/FootwearLeather-QualityControlOrder-2020-29October2020.pdf | https://bis.gov.in/wp-content/uploads/2020/12/Footwear-made-from-Leather-and-other-materials-Quality-Control-Amendment-Order-2020.pdf | https://bis.gov.in/wp-content/uploads/2021/07/Footwear-made-from-Leather-and-other-materials-Quality-Control-Amendment-Order-2021.pdf | https://bis.gov.in/wp-content/uploads/2022/06/Rescind-order-for-Footwear-made-from-Leather-other-material-QCO-2020.pdf | https://bis.gov.in/wp-content/uploads/2022/06/Rubber-Polymeric-Footwera-QCO-2022.pdf | https://bis.gov.in/wp-content/uploads/2022/11/Footwear-Made-from-Leather-and-other-Materials-amend.-QCO-2022.pdf | https://bis.gov.in/wp-content/uploads/2024/03/Footwear-made-from-Leather-and-other-Materials-QCO-2024.pdf | https://bis.gov.in/wp-content/uploads/2024/09/Footwear-made-from-Leather-and-other-Materials-QCO.pdf | https://www.bis.gov.in/wp-content/uploads/2026/03/Goods-Articles-Exemption-Order-against-Import-Order.pdf | https://www.bis.gov.in/wp-content/uploads/2026/03/Goods-Articles-Exemption-Order-against-Purchase-Order.pdf | https://www.bis.gov.in/wp-content/uploads/2026/06/Footwear-made-from-Leather-and-other-Material-Quality-Control-Amendment-Order-2026.pdf | https://www.bis.gov.in/wp-content/uploads/2026/06/Notification-of-Transition-Facilitation-Quality-Control-Order-2026.pdf,2026-09-03
Personal protective equipment – Part 2 Safety Footwear,Foot Wear,Scheme I (ISI Mark),IS 15298 (Part 2): 2016,,S.O. 4377 (E),,"25 June, 2026",,,https://bis.gov.in/wp-content/uploads/2020/11/PersonalProtective-FootwearQualityControlOrder2020-29October2020.pdf | https://bis.gov.in/wp-content/uploads/2020/12/Personal-Protective-Equipment-Footwear-Quality-Control-Amendment-Order-2020.pdf | https://bis.gov.in/wp-content/uploads/2021/07/Personal-Protective-Equipment-Footwear-Quality-Control-Amendment-Order-2021.pdf | https://www.bis.gov.in/wp-content/uploads/2026/06/Notification-of-Transition-Facilitation-Quality-Control-Order-2026.pdf,2026-09-03
Personal protective equipment – Part 3 Protective Footwear,Foot Wear,Scheme I (ISI Mark),IS 15298 ( Part 3) : 2019,,S.O. 4377 (E),,"25 June, 2026",,,https://bis.gov.in/wp-content/uploads/2020/11/PersonalProtective-FootwearQualityControlOrder2020-29October2020.pdf | https://bis.gov.in/wp-content/uploads/2020/12/Personal-Protective-Equipment-Footwear-Quality-Control-Amendment-Order-2020.pdf | https://bis.gov.in/wp-content/uploads/2021/07/Personal-Protective-Equipment-Footwear-Quality-Control-Amendment-Order-2021.pdf | https://www.bis.gov.in/wp-content/uploads/2026/06/Notification-of-Transition-Facilitation-Quality-Control-Order-2026.pdf,2026-09-03
Personal protective equipment – Part 4 Occupational Footwear,Foot Wear,Scheme I (ISI Mark),IS 15298 (Part 4) : 2017,,S.O. 4377 (E),,"25 June, 2026",,,https://bis.gov.in/wp-content/uploads/2020/11/PersonalProtective-FootwearQualityControlOrder2020-29October2020.pdf | https://bis.gov.in/wp-content/uploads/2020/12/Personal-Protective-Equipment-Footwear-Quality-Control-Amendment-Order-2020.pdf | https://bis.gov.in/wp-content/uploads/2021/07/Personal-Protective-Equipment-Footwear-Quality-Control-Amendment-Order-2021.pdf | https://www.bis.gov.in/wp-content/uploads/2026/06/Notification-of-Transition-Facilitation-Quality-Control-Order-2026.pdf,2026-09-03
Tools for Pressing Part 1 Round Punches with 60 Degrees Conical Head and Straight Shank,Press Tool-Punches,Scheme I (ISI Mark),IS 4296 (Part 1):2016,,,,,,,https://bis.gov.in/wp-content/uploads/2020/11/Punch-QCO.pdf,2026-09-03
Tools for Pressing Part 2 Punches with Cylindrical Head and Straight or Reduced Shank,Press Tool-Punches,Scheme I (ISI Mark),IS 4296 (Part 2):2016,,,,,,,https://bis.gov.in/wp-content/uploads/2020/11/Punch-QCO.pdf,2026-09-03
Tools for Pressing Part 3 Round Punches with 60 Degrees Conical Head and Reduced Shank,Press Tool-Punches,Scheme I (ISI Mark),IS 4296 (Part 3):2016,,,,,,,https://bis.gov.in/wp-content/uploads/2020/11/Punch-QCO.pdf,2026-09-03
Helmet for riders of Two Wheeler Motor Vehicles,Helmet for riders of Two Wheeler Motor Vehicles,Scheme I (ISI Mark),IS 4151: 2015,,,,,,,https://bis.gov.in/wp-content/uploads/2020/12/Helmet-for-riders-of-Two-Wheeler-Motor-Vehicles-Quality-Control-Order-2020.pdf,2026-09-03
Household Refrigerating Appliances- Characteristics and Test Methods part-1 General Requirements,Refrigerating Appliances,Scheme I (ISI Mark),IS 17550 (Part 1): 2021,,S.O. 5339(E),,22 December 2021,,,https://bis.gov.in/wp-content/uploads/2020/12/Refrigerating-Appliances-Quality-Control-Order-2020.pdf | https://bis.gov.in/wp-content/uploads/2021/12/Refrigerating-Appliances-Quality-Control-Amendemnt-Order-2021.pdf | https://bis.gov.in/wp-content/uploads/2022/12/e-Gazette-notification.pdf | https://bis.gov.in/wp-content/uploads/2025/01/Refrigerating-Appliances-QCO-2025.pdf,2026-09-03
Freezers,Refrigerating Appliances,Scheme I (ISI Mark),IS 7872: 2018,,S.O. 5339(E),,22 December 2021,,,https://bis.gov.in/wp-content/uploads/2020/12/Refrigerating-Appliances-Quality-Control-Order-2020.pdf | https://bis.gov.in/wp-content/uploads/2021/12/Refrigerating-Appliances-Quality-Control-Amendemnt-Order-2021.pdf | https://bis.gov.in/wp-content/uploads/2022/12/e-Gazette-notification.pdf | https://bis.gov.in/wp-content/uploads/2025/01/Refrigerating-Appliances-QCO-2025.pdf,2026-09-03
"Centrifugally cast (Spun) iron pressure pipes for water, gas and sewage",Centrifugally cast (Spun) iron pipes,Scheme I (ISI Mark),IS 1536: 2001,,,,,,,https://bis.gov.in/wp-content/uploads/2021/01/Centrifugally-Cast-Spun-Iron-Pipes-Quality-Control-Order-2021.pdf,2026-09-03
"Centrifugally cast (Spun) iron spigot and socket soil, waste, ventilating and rainwater pipes, fittings and accessories",Centrifugally cast (Spun) iron pipes,Scheme I (ISI Mark),IS 3989: 2009,,,,,,,https://bis.gov.in/wp-content/uploads/2021/01/Centrifugally-Cast-Spun-Iron-Pipes-Quality-Control-Order-2021.pdf,2026-09-03
"Hubless centrifugally cast (Spun) iron pipes, fittings and accessories – Spigot series",Centrifugally cast (Spun) iron pipes,Scheme I (ISI Mark),IS 15905: 2011,,,,,,,https://bis.gov.in/wp-content/uploads/2021/01/Centrifugally-Cast-Spun-Iron-Pipes-Quality-Control-Order-2021.pdf,2026-09-03
Flux Cored (Tubular) Electrodes for Gas Shielded and Self-Shielded Metal Welding of Carbon or Carbon- Manganese Steel,Flux Cored (Tubular) Electrodes,Scheme I (ISI Mark),IS 15769:2008,,,,,,,https://bis.gov.in/wp-content/uploads/2021/03/Flux-Cored-Tubular-Electrodes-Quality-Control-Order-2021.pdf,2026-09-03
Household Zig-Zag Sewing Machine Head,Sewing Machine,Scheme I (ISI Mark),IS 15449 : Part 1 : 2004,,,,15.03.2021,,,https://bis.gov.in/wp-content/uploads/2021/03/Household_Zig_Zag_Sewing_Machine.pdf,2026-09-03
Reverse Osmosis Based Point of Use Water Treatment System for Drinking Purposes,Water Treatment System,Scheme I (ISI Mark),IS 16240 : 2023,,,,04.10.2021,,,https://bis.gov.in/wp-content/uploads/2021/10/Environment-Protection-115-Amendment-Rules-2021.pdf | https://bis.gov.in/wp-content/uploads/2023/11/Water-purification-System-Regulation-of-UseRules-2023-Amendment.pdf,2026-09-03
A- twill Jute Bag,Jute Bag,Scheme I (ISI Mark),IS 1943:1995,,S.O. 2601(E),,6th June 2022,,,https://www.bis.gov.in/wp-content/uploads/2026/05/Jute-Bags-Quality-Control-Order-2022.pdf,2026-09-03
B-twill Jute bags for packing foodgrains,Jute Bag,Scheme I (ISI Mark),IS 2566:1993,,S.O. 2601(E),,6th June 2022,,,https://www.bis.gov.in/wp-content/uploads/2026/05/Jute-Bags-Quality-Control-Order-2022.pdf,2026-09-03
Jute bags for packing 50 Kg foodgrains,Jute Bag,Scheme I (ISI Mark),IS 12650:2018,,S.O. 2601(E),,6th June 2022,,,https://www.bis.gov.in/wp-content/uploads/2026/05/Jute-Bags-Quality-Control-Order-2022.pdf,2026-09-03
Jute bags for packing 50 Kg sugar,Jute Bag,Scheme I (ISI Mark),IS 15138:2010,,S.O. 2601(E),,6th June 2022,,,https://www.bis.gov.in/wp-content/uploads/2026/05/Jute-Bags-Quality-Control-Order-2022.pdf,2026-09-03
Light weight jute sacking bags for packing 50 Kg foodgrains,Jute Bag,Scheme I (ISI Mark),IS 16186:2014,,S.O. 2601(E),,6th June 2022,,,https://www.bis.gov.in/wp-content/uploads/2026/05/Jute-Bags-Quality-Control-Order-2022.pdf,2026-09-03
Jute bags for packing up to 30 Kg foodgrains,Jute Bag,Scheme I (ISI Mark),IS 16372:2015,,S.O. 2601(E),,6th June 2022,,,https://www.bis.gov.in/wp-content/uploads/2026/05/Jute-Bags-Quality-Control-Order-2022.pdf,2026-09-03
Viscose Staple Fibres,Viscose Staple Fibres,Scheme I (ISI Mark),IS 17266:2019,,S.O.6143(E),,"18 November, 2025",,,https://bis.gov.in/wp-content/uploads/2025/05/Viscose-Staple-Fibres-QCO-2022.pdf | https://bis.gov.in/wp-content/uploads/2023/03/SO_443_VSF-QCO-Extension-order27012023.pdf | https://www.bis.gov.in/wp-content/uploads/2025/11/Viscose-Staple-Fibres-Rescind-Order-2025.pdf,2026-09-03
Laminated High Density Polyethylene (HDPE) Woven Geomembrane for Water Proof Lining,Geo Textiles,Scheme I (ISI Mark),IS 15351 : 2015,,S.O. 1706 (E),,"10th April, 2023",,,https://bis.gov.in/wp-content/uploads/2023/04/Geo-textiles-QCO-1.pdf | https://bis.gov.in/wp-content/uploads/2023/10/Geo-Textiles-Quality-ControlAmendment-Order-2023.pdf | https://bis.gov.in/wp-content/uploads/2023/10/Ministry-of-Textiles-Order-2023.pdf,2026-09-03
Poly Vinyl Chloride (PVC) Geomembranes,Geo Textiles,Scheme I (ISI Mark),IS 15909 : 2020,,S.O. 1706 (E),,"10th April, 2023",,,https://bis.gov.in/wp-content/uploads/2023/04/Geo-textiles-QCO-1.pdf | https://bis.gov.in/wp-content/uploads/2023/10/Geo-Textiles-Quality-ControlAmendment-Order-2023.pdf | https://bis.gov.in/wp-content/uploads/2023/10/Ministry-of-Textiles-Order-2023.pdf,2026-09-03
Needle punched non-woven geobags,Geo Textiles,Scheme I (ISI Mark),IS 16653 : 2017,,S.O. 1706 (E),,"10th April, 2023",,,https://bis.gov.in/wp-content/uploads/2023/04/Geo-textiles-QCO-1.pdf | https://bis.gov.in/wp-content/uploads/2023/10/Geo-Textiles-Quality-ControlAmendment-Order-2023.pdf | https://bis.gov.in/wp-content/uploads/2023/10/Ministry-of-Textiles-Order-2023.pdf,2026-09-03
Polypropylene Multifilament woven geobags,Geo Textiles,Scheme I (ISI Mark),IS 16654: 2017,,S.O. 1706 (E),,"10th April, 2023",,,https://bis.gov.in/wp-content/uploads/2023/04/Geo-textiles-QCO-1.pdf | https://bis.gov.in/wp-content/uploads/2023/10/Geo-Textiles-Quality-ControlAmendment-Order-2023.pdf | https://bis.gov.in/wp-content/uploads/2023/10/Ministry-of-Textiles-Order-2023.pdf,2026-09-03
Jute Geotextiles,Geo Textiles,Scheme I (ISI Mark),IS 14715 (Part 1): 2016,,S.O. 1706 (E),,"10th April, 2023",,,https://bis.gov.in/wp-content/uploads/2023/04/Geo-textiles-QCO-1.pdf | https://bis.gov.in/wp-content/uploads/2023/10/Geo-Textiles-Quality-ControlAmendment-Order-2023.pdf | https://bis.gov.in/wp-content/uploads/2023/10/Ministry-of-Textiles-Order-2023.pdf,2026-09-03
Jute Geotextiles,Geo Textiles,Scheme I (ISI Mark),IS 14715 (Part 2): 2016,,S.O. 1706 (E),,"10th April, 2023",,,https://bis.gov.in/wp-content/uploads/2023/04/Geo-textiles-QCO-1.pdf | https://bis.gov.in/wp-content/uploads/2023/10/Geo-Textiles-Quality-ControlAmendment-Order-2023.pdf | https://bis.gov.in/wp-content/uploads/2023/10/Ministry-of-Textiles-Order-2023.pdf,2026-09-03
Open Weave Coir Bhoovastra,Geo Textiles,Scheme I (ISI Mark),IS 15869 : 2020,,S.O. 1706 (E),,"10th April, 2023",,,https://bis.gov.in/wp-content/uploads/2023/04/Geo-textiles-QCO-1.pdf | https://bis.gov.in/wp-content/uploads/2023/10/Geo-Textiles-Quality-ControlAmendment-Order-2023.pdf | https://bis.gov.in/wp-content/uploads/2023/10/Ministry-of-Textiles-Order-2023.pdf,2026-09-03
Geotextiles used in sub-grade separation in pavement structures,Geo Textiles,Scheme I (ISI Mark),IS 16391 : 2015,,S.O. 1706 (E),,"10th April, 2023",,,https://bis.gov.in/wp-content/uploads/2023/04/Geo-textiles-QCO-1.pdf | https://bis.gov.in/wp-content/uploads/2023/10/Geo-Textiles-Quality-ControlAmendment-Order-2023.pdf | https://bis.gov.in/wp-content/uploads/2023/10/Ministry-of-Textiles-Order-2023.pdf,2026-09-03
Geotextiles used in Subsurface Drainage Application,Geo Textiles,Scheme I (ISI Mark),IS 16393 : 2015,,S.O. 1706 (E),,"10th April, 2023",,,https://bis.gov.in/wp-content/uploads/2023/04/Geo-textiles-QCO-1.pdf | https://bis.gov.in/wp-content/uploads/2023/10/Geo-Textiles-Quality-ControlAmendment-Order-2023.pdf | https://bis.gov.in/wp-content/uploads/2023/10/Ministry-of-Textiles-Order-2023.pdf,2026-09-03
Geotextiles used in Sub-grade Stabilisation in pavement structures,Geo Textiles,Scheme I (ISI Mark),IS 16362 : 2020,,S.O. 1706 (E),,"10th April, 2023",,,https://bis.gov.in/wp-content/uploads/2023/04/Geo-textiles-QCO-1.pdf | https://bis.gov.in/wp-content/uploads/2023/10/Geo-Textiles-Quality-ControlAmendment-Order-2023.pdf | https://bis.gov.in/wp-content/uploads/2023/10/Ministry-of-Textiles-Order-2023.pdf,2026-09-03
High Density Polyethylene (HDPE) Geomembranes for lining,Geo Textiles,Scheme I (ISI Mark),IS 16352 : 2020,,S.O. 1706 (E),,"10th April, 2023",,,https://bis.gov.in/wp-content/uploads/2023/04/Geo-textiles-QCO-1.pdf | https://bis.gov.in/wp-content/uploads/2023/10/Geo-Textiles-Quality-ControlAmendment-Order-2023.pdf | https://bis.gov.in/wp-content/uploads/2023/10/Ministry-of-Textiles-Order-2023.pdf,2026-09-03
Geotextiles used as protection (or cushioning) materials,Geo Textiles,Scheme I (ISI Mark),IS 16090:2013,,S.O. 1706 (E),,"10th April, 2023",,,https://bis.gov.in/wp-content/uploads/2023/04/Geo-textiles-QCO-1.pdf | https://bis.gov.in/wp-content/uploads/2023/10/Geo-Textiles-Quality-ControlAmendment-Order-2023.pdf | https://bis.gov.in/wp-content/uploads/2023/10/Ministry-of-Textiles-Order-2023.pdf,2026-09-03
Geotextiles for permanent erosion control in hard armor systems,Geo Textiles,Scheme I (ISI Mark),IS 16392:2015,,S.O. 1706 (E),,"10th April, 2023",,,https://bis.gov.in/wp-content/uploads/2023/04/Geo-textiles-QCO-1.pdf | https://bis.gov.in/wp-content/uploads/2023/10/Geo-Textiles-Quality-ControlAmendment-Order-2023.pdf | https://bis.gov.in/wp-content/uploads/2023/10/Ministry-of-Textiles-Order-2023.pdf,2026-09-03
Geogrids for flexible pavements,Geo Textiles,Scheme I (ISI Mark),IS 17371:2020,,S.O. 1706 (E),,"10th April, 2023",,,https://bis.gov.in/wp-content/uploads/2023/04/Geo-textiles-QCO-1.pdf | https://bis.gov.in/wp-content/uploads/2023/10/Geo-Textiles-Quality-ControlAmendment-Order-2023.pdf | https://bis.gov.in/wp-content/uploads/2023/10/Ministry-of-Textiles-Order-2023.pdf,2026-09-03
Polymeric strip or geostrip used as soil reinforcement in retaining structures,Geo Textiles,Scheme I (ISI Mark),IS 17372:2020,,S.O. 1706 (E),,"10th April, 2023",,,https://bis.gov.in/wp-content/uploads/2023/04/Geo-textiles-QCO-1.pdf | https://bis.gov.in/wp-content/uploads/2023/10/Geo-Textiles-Quality-ControlAmendment-Order-2023.pdf | https://bis.gov.in/wp-content/uploads/2023/10/Ministry-of-Textiles-Order-2023.pdf,2026-09-03
Geogrids used in reinforced soil retaining structures,Geo Textiles,Scheme I (ISI Mark),IS 17373:2020,,S.O. 1706 (E),,"10th April, 2023",,,https://bis.gov.in/wp-content/uploads/2023/04/Geo-textiles-QCO-1.pdf | https://bis.gov.in/wp-content/uploads/2023/10/Geo-Textiles-Quality-ControlAmendment-Order-2023.pdf | https://bis.gov.in/wp-content/uploads/2023/10/Ministry-of-Textiles-Order-2023.pdf,2026-09-03
Reinforced HDPE membrane for effluents and chemical resistance lining,Geo Textiles,Scheme I (ISI Mark),IS 17374:2020,,S.O. 1706 (E),,"10th April, 2023",,,https://bis.gov.in/wp-content/uploads/2023/04/Geo-textiles-QCO-1.pdf | https://bis.gov.in/wp-content/uploads/2023/10/Geo-Textiles-Quality-ControlAmendment-Order-2023.pdf | https://bis.gov.in/wp-content/uploads/2023/10/Ministry-of-Textiles-Order-2023.pdf,2026-09-03
Geocells,Geo Textiles,Scheme I (ISI Mark),IS 17483 (Part 1): 2020,,S.O. 1706 (E),,"10th April, 2023",,,https://bis.gov.in/wp-content/uploads/2023/04/Geo-textiles-QCO-1.pdf | https://bis.gov.in/wp-content/uploads/2023/10/Geo-Textiles-Quality-ControlAmendment-Order-2023.pdf | https://bis.gov.in/wp-content/uploads/2023/10/Ministry-of-Textiles-Order-2023.pdf,2026-09-03
Geocells,Geo Textiles,Scheme I (ISI Mark),IS 17483 (Part 2): 2020,,S.O. 1706 (E),,"10th April, 2023",,,https://bis.gov.in/wp-content/uploads/2023/04/Geo-textiles-QCO-1.pdf | https://bis.gov.in/wp-content/uploads/2023/10/Geo-Textiles-Quality-ControlAmendment-Order-2023.pdf | https://bis.gov.in/wp-content/uploads/2023/10/Ministry-of-Textiles-Order-2023.pdf,2026-09-03
Geosynthetics — Synthetic Polymer RopeGabions for Coastal and Waterways Protection — Specification,Geo Textiles,Scheme I (ISI Mark),IS 17880 :2022,,S.O. 4332(E),,03rd  October 2024,,,https://bis.gov.in/wp-content/uploads/2024/10/Geotextiles-QCO-2024-1.pdf,2026-09-03
Curtains and Drapes,Protective Textiles,Scheme I (ISI Mark),IS 15741 : 2007,,S.O. 1707(E),,"10th April, 2023",,,https://bis.gov.in/wp-content/uploads/2023/04/Protective-textiles-QCO-1.pdf | https://bis.gov.in/wp-content/uploads/2023/10/Protective-Textiles-Quality-ControlAmendment-Order-2023.pdf | https://bis.gov.in/wp-content/uploads/2024/09/Protective-Textiles-QCO-amendment-2024.pdf,2026-09-03
Protective clothing for firefighters,Protective Textiles,Scheme I (ISI Mark),IS 16890 : 2018,,S.O. 1707(E),,"10th April, 2023",,,https://bis.gov.in/wp-content/uploads/2023/04/Protective-textiles-QCO-1.pdf | https://bis.gov.in/wp-content/uploads/2023/10/Protective-Textiles-Quality-ControlAmendment-Order-2023.pdf | https://bis.gov.in/wp-content/uploads/2024/09/Protective-Textiles-QCO-amendment-2024.pdf,2026-09-03
Protective gloves for firefighters,Protective Textiles,Scheme I (ISI Mark),IS 16874 : 2018,,S.O. 1707(E),,"10th April, 2023",,,https://bis.gov.in/wp-content/uploads/2023/04/Protective-textiles-QCO-1.pdf | https://bis.gov.in/wp-content/uploads/2023/10/Protective-Textiles-Quality-ControlAmendment-Order-2023.pdf | https://bis.gov.in/wp-content/uploads/2024/09/Protective-Textiles-QCO-amendment-2024.pdf,2026-09-03
Protective clothing for industrial workers exposed to heat,Protective Textiles,Scheme I (ISI Mark),IS 15748 : 2022,,S.O. 1707(E),,"10th April, 2023",,,https://bis.gov.in/wp-content/uploads/2023/04/Protective-textiles-QCO-1.pdf | https://bis.gov.in/wp-content/uploads/2023/10/Protective-Textiles-Quality-ControlAmendment-Order-2023.pdf | https://bis.gov.in/wp-content/uploads/2024/09/Protective-Textiles-QCO-amendment-2024.pdf,2026-09-03
Clothing made of limited flame spread materials and material assemblies affording protection against heat and flame,Protective Textiles,Scheme I (ISI Mark),IS 15742 : 2007,,S.O. 1707(E),,"10th April, 2023",,,https://bis.gov.in/wp-content/uploads/2023/04/Protective-textiles-QCO-1.pdf | https://bis.gov.in/wp-content/uploads/2023/10/Protective-Textiles-Quality-ControlAmendment-Order-2023.pdf | https://bis.gov.in/wp-content/uploads/2024/09/Protective-Textiles-QCO-amendment-2024.pdf,2026-09-03
High visibility Warning Clothes,Protective Textiles,Scheme I (ISI Mark),IS 15809 : 2017,,S.O. 1707(E),,"10th April, 2023",,,https://bis.gov.in/wp-content/uploads/2023/04/Protective-textiles-QCO-1.pdf | https://bis.gov.in/wp-content/uploads/2023/10/Protective-Textiles-Quality-ControlAmendment-Order-2023.pdf | https://bis.gov.in/wp-content/uploads/2024/09/Protective-Textiles-QCO-amendment-2024.pdf,2026-09-03
Protective Clothing for use in welding and allied processes,Protective Textiles,Scheme I (ISI Mark),IS 16655 : 2017,,S.O. 1707(E),,"10th April, 2023",,,https://bis.gov.in/wp-content/uploads/2023/04/Protective-textiles-QCO-1.pdf | https://bis.gov.in/wp-content/uploads/2023/10/Protective-Textiles-Quality-ControlAmendment-Order-2023.pdf | https://bis.gov.in/wp-content/uploads/2024/09/Protective-Textiles-QCO-amendment-2024.pdf,2026-09-03
Tactical 3 point sling,Protective Textiles,Scheme I (ISI Mark),IS 16725 : 2018,,S.O. 1707(E),,"10th April, 2023",,,https://bis.gov.in/wp-content/uploads/2023/04/Protective-textiles-QCO-1.pdf | https://bis.gov.in/wp-content/uploads/2023/10/Protective-Textiles-Quality-ControlAmendment-Order-2023.pdf | https://bis.gov.in/wp-content/uploads/2024/09/Protective-Textiles-QCO-amendment-2024.pdf,2026-09-03
Pouch for ammunition and grenades made of disruptive pattern nylon-66,Protective Textiles,Scheme I (ISI Mark),IS 16726 : 2018,,S.O. 1707(E),,"10th April, 2023",,,https://bis.gov.in/wp-content/uploads/2023/04/Protective-textiles-QCO-1.pdf | https://bis.gov.in/wp-content/uploads/2023/10/Protective-Textiles-Quality-ControlAmendment-Order-2023.pdf | https://bis.gov.in/wp-content/uploads/2024/09/Protective-Textiles-QCO-amendment-2024.pdf,2026-09-03
Bullet resistant jackets,Protective Textiles,Scheme I (ISI Mark),IS 17051 : 2018,,S.O. 1707(E),,"10th April, 2023",,,https://bis.gov.in/wp-content/uploads/2023/04/Protective-textiles-QCO-1.pdf | https://bis.gov.in/wp-content/uploads/2023/10/Protective-Textiles-Quality-ControlAmendment-Order-2023.pdf | https://bis.gov.in/wp-content/uploads/2024/09/Protective-Textiles-QCO-amendment-2024.pdf,2026-09-03
Water-proof multipurpose rain poncho,Protective Textiles,Scheme I (ISI Mark),IS 17286 : 2019,,S.O. 1707(E),,"10th April, 2023",,,https://bis.gov.in/wp-content/uploads/2023/04/Protective-textiles-QCO-1.pdf | https://bis.gov.in/wp-content/uploads/2023/10/Protective-Textiles-Quality-ControlAmendment-Order-2023.pdf | https://bis.gov.in/wp-content/uploads/2024/09/Protective-Textiles-QCO-amendment-2024.pdf,2026-09-03
Upholstered composites used for non-domestic furniture,Upholstered Composites used for Non-Domestic Furniture,Scheme I (ISI Mark),IS 15768 : 2008,,S.O. 3916(E),,12th  September 2024,,,https://bis.gov.in/wp-content/uploads/2024/09/Protextive-Textiles-QC-upholstered-Composites-used-fror-non-domestic-Furniture-Order-2024.pdf,2026-09-03
Lighters- Safety Specifications,Flame- Producing Lighters,Scheme I (ISI Mark),IS/ISO 9994:2018,,S.O. 2986(E),,5th July 2023,,,https://bis.gov.in/wp-content/uploads/2023/07/Flame-producing-Lighters-QCO-2023-1.pdf | https://bis.gov.in/wp-content/uploads/2024/09/Flame-Producing-Lighters-Quality-Control-Amendment-Order-2024.pdf | https://www.bis.gov.in/wp-content/uploads/2026/02/Amendments-in-Quality-Control-Order.pdf,2026-09-03
Utility Lighters – Safety Specifications,Flame- Producing Lighters,Scheme I (ISI Mark),IS/ISO 22702:2018,,S.O. 2986(E),,5th July 2023,,,https://bis.gov.in/wp-content/uploads/2023/07/Flame-producing-Lighters-QCO-2023-1.pdf | https://bis.gov.in/wp-content/uploads/2024/09/Flame-Producing-Lighters-Quality-Control-Amendment-Order-2024.pdf | https://www.bis.gov.in/wp-content/uploads/2026/02/Amendments-in-Quality-Control-Order.pdf,2026-09-03
"Potable Water Bottles (Copper, Stainless Steel, Aluminum)",Potable Water Bottles,Scheme I (ISI Mark),IS 17803: 2022,,S.O. 2988(E),,5th July 2023,,,https://bis.gov.in/wp-content/uploads/2023/07/Pottable-Wtaer-bottles-QCO-2023-1.pdf | https://bis.gov.in/wp-content/uploads/2024/03/Potable-Water-Bottles-Quality-ControlOrder-2024.pdf | https://bis.gov.in/wp-content/uploads/2024/09/Potable-Water-Bottles-QCO.pdf | https://www.bis.gov.in/wp-content/uploads/2026/02/Amendments-in-Quality-Control-Order.pdf,2026-09-03
Covered electrodes for manual metal arc welding of carbon and carbon manganese steel,Welding Rods and Electrodes,Scheme I (ISI Mark),IS 814 : 2004,,S.O. 3153(E),,14th July 2023,,,https://bis.gov.in/wp-content/uploads/2023/07/Welding-Rod-Electrode-QCO.pdf | https://www.bis.gov.in/wp-content/uploads/2026/02/Amendments-in-Quality-Control-Order.pdf,2026-09-03
Welding rode and bare electrodes for gas shielded arc welding of structural steel,Welding Rods and Electrodes,Scheme I (ISI Mark),IS 6419 : 1996,,S.O. 3153(E),,14th July 2023,,,https://bis.gov.in/wp-content/uploads/2023/07/Welding-Rod-Electrode-QCO.pdf | https://www.bis.gov.in/wp-content/uploads/2026/02/Amendments-in-Quality-Control-Order.pdf,2026-09-03
A.C. Static Direct Connected Watt Hour Smart Meter Class 1 and 2,Smart Meters,Scheme I (ISI Mark),IS 16444 Part 1,,S.O. 3154(E),,14th July 2023,,,https://bis.gov.in/wp-content/uploads/2023/07/Smart-Meter-QCO.pdf,2026-09-03
"A.C. Static Transformer Operated Watt Hour  and Var-Hour Smart Meters, Class 0.2S, 0.5S and 1.0S",Smart Meters,Scheme I (ISI Mark),IS 16444 Part 2,,S.O. 3154(E),,14th July 2023,,,https://bis.gov.in/wp-content/uploads/2023/07/Smart-Meter-QCO.pdf,2026-09-03
Insulated Flask for Domestic Use,"Insulated Flask, Bottles and Containers for Domestic Use",Scheme I (ISI Mark),IS 17790 : 2022,,S.O. 3140(E),,14th July 2023,,,https://bis.gov.in/wp-content/uploads/2023/07/Insulated-Flask-Botles-and-Containers-for-Domestic-Use-QCO-2023.pdf | https://bis.gov.in/wp-content/uploads/2024/03/Insulated-Flask-Bottles-and-Containers-for-Domestic-Use-QCO.pdf | https://bis.gov.in/wp-content/uploads/2024/09/Insulated-Flask-Bottles-and-Containers-for-Domestic-Use-QCO-29.pdf | https://www.bis.gov.in/wp-content/uploads/2026/02/Amendments-in-Quality-Control-Order.pdf,2026-09-03
Domestic Stainless steel vacuum flask/bottle,"Insulated Flask, Bottles and Containers for Domestic Use",Scheme I (ISI Mark),IS 17526 : 2021,,S.O. 3140(E),,14th July 2023,,,https://bis.gov.in/wp-content/uploads/2023/07/Insulated-Flask-Botles-and-Containers-for-Domestic-Use-QCO-2023.pdf | https://bis.gov.in/wp-content/uploads/2024/03/Insulated-Flask-Bottles-and-Containers-for-Domestic-Use-QCO.pdf | https://bis.gov.in/wp-content/uploads/2024/09/Insulated-Flask-Bottles-and-Containers-for-Domestic-Use-QCO-29.pdf | https://www.bis.gov.in/wp-content/uploads/2026/02/Amendments-in-Quality-Control-Order.pdf,2026-09-03
Insulated Container for Food Storage,"Insulated Flask, Bottles and Containers for Domestic Use",Scheme I (ISI Mark),IS 17569: 2021,,S.O. 3140(E),,14th July 2023,,,https://bis.gov.in/wp-content/uploads/2023/07/Insulated-Flask-Botles-and-Containers-for-Domestic-Use-QCO-2023.pdf | https://bis.gov.in/wp-content/uploads/2024/03/Insulated-Flask-Bottles-and-Containers-for-Domestic-Use-QCO.pdf | https://bis.gov.in/wp-content/uploads/2024/09/Insulated-Flask-Bottles-and-Containers-for-Domestic-Use-QCO-29.pdf | https://www.bis.gov.in/wp-content/uploads/2026/02/Amendments-in-Quality-Control-Order.pdf,2026-09-03
Resin treated compressed wood laminates (compregs) – For electrical purposes,Resin Treated Compressed Wood Laminates,Scheme I (ISI Mark),IS 3513 (Part 1) : 1989,,S.O. 3139(E),,14th July 2023,,,https://bis.gov.in/wp-content/uploads/2023/07/Resin-treated-compressed-wood-laminates-QCO-2023.pdf | https://bis.gov.in/wp-content/uploads/2024/03/Resin-Treated-Compressed-Wood-Laminates-QCO-2024.pdf | https://www.bis.gov.in/wp-content/uploads/2026/02/Goods-Articles-Exemption-Order-against-Import-Order.pdf | https://www.bis.gov.in/wp-content/uploads/2026/02/Goods-Articles-Exemption-Order-against-Purchase-Order.pdf,2026-09-03
Resin treated compressed wood laminates (compregs) – For chemical purposes,Resin Treated Compressed Wood Laminates,Scheme I (ISI Mark),IS 3513 (Part 2) : 1989,,S.O. 3139(E),,14th July 2023,,,https://bis.gov.in/wp-content/uploads/2023/07/Resin-treated-compressed-wood-laminates-QCO-2023.pdf | https://bis.gov.in/wp-content/uploads/2024/03/Resin-Treated-Compressed-Wood-Laminates-QCO-2024.pdf | https://www.bis.gov.in/wp-content/uploads/2026/02/Goods-Articles-Exemption-Order-against-Import-Order.pdf | https://www.bis.gov.in/wp-content/uploads/2026/02/Goods-Articles-Exemption-Order-against-Purchase-Order.pdf,2026-09-03
Resin treated compressed wood laminates (compregs) – For general purposes,Resin Treated Compressed Wood Laminates,Scheme I (ISI Mark),IS 3513 (Part 3) : 1989,,S.O. 3139(E),,14th July 2023,,,https://bis.gov.in/wp-content/uploads/2023/07/Resin-treated-compressed-wood-laminates-QCO-2023.pdf | https://bis.gov.in/wp-content/uploads/2024/03/Resin-Treated-Compressed-Wood-Laminates-QCO-2024.pdf | https://www.bis.gov.in/wp-content/uploads/2026/02/Goods-Articles-Exemption-Order-against-Import-Order.pdf | https://www.bis.gov.in/wp-content/uploads/2026/02/Goods-Articles-Exemption-Order-against-Purchase-Order.pdf,2026-09-03
"Hexagon Head Bolts, Screws and Nuts of product Grade C Hexagon Head Bolts (Size Range M 5 to M 64)","Bolts, Nuts and Fasteners",Scheme I (ISI Mark),IS 1363 (Part 1) :2019,,S.O. 3267(E),,21st July 2023,,,https://bis.gov.in/wp-content/uploads/2023/07/The-Bolts-Nuts-Fastners-QCO-2023-1.pdf | https://bis.gov.in/wp-content/uploads/2024/07/Bolts-Nuts-and-Fateners-QCO-2024.pdf,2026-09-03
Hexagon Head Screw (Size ranges from M 5 to 64),"Bolts, Nuts and Fasteners",Scheme I (ISI Mark),IS 1363 (Part 2) :2018,,S.O. 3267(E),,21st July 2023,,,https://bis.gov.in/wp-content/uploads/2023/07/The-Bolts-Nuts-Fastners-QCO-2023-1.pdf | https://bis.gov.in/wp-content/uploads/2024/07/Bolts-Nuts-and-Fateners-QCO-2024.pdf,2026-09-03
"Hexagon Head Bolts, Screws and Nuts of product Grade C – Hexagon Nuts (Size Range M5 to M64)","Bolts, Nuts and Fasteners",Scheme I (ISI Mark),IS 1363 (Part 3) :2018,,S.O. 3267(E),,21st July 2023,,,https://bis.gov.in/wp-content/uploads/2023/07/The-Bolts-Nuts-Fastners-QCO-2023-1.pdf | https://bis.gov.in/wp-content/uploads/2024/07/Bolts-Nuts-and-Fateners-QCO-2024.pdf,2026-09-03
"Hexagon Head Bolts, Screws and Nuts of product Grades A and B – Hexagon Head Bolts (Size Range M 1.6 To M 64)","Bolts, Nuts and Fasteners",Scheme I (ISI Mark),IS 1364 (Part 1) :2018,,S.O. 3267(E),,21st July 2023,,,https://bis.gov.in/wp-content/uploads/2023/07/The-Bolts-Nuts-Fastners-QCO-2023-1.pdf | https://bis.gov.in/wp-content/uploads/2024/07/Bolts-Nuts-and-Fateners-QCO-2024.pdf,2026-09-03
"Hexagon Head Bolts, Screws and Nuts of Product Grades A and B – Hexagon Head Screws (Size Range M 1.6 to M 64)","Bolts, Nuts and Fasteners",Scheme I (ISI Mark),IS 1364 (Part 2) :2018,,S.O. 3267(E),,21st July 2023,,,https://bis.gov.in/wp-content/uploads/2023/07/The-Bolts-Nuts-Fastners-QCO-2023-1.pdf | https://bis.gov.in/wp-content/uploads/2024/07/Bolts-Nuts-and-Fateners-QCO-2024.pdf,2026-09-03
Indicating Bolts for use in public baths and lavatories,"Bolts, Nuts and Fasteners",Scheme I (ISI Mark),IS 4621:1975,,S.O. 3267(E),,21st July 2023,,,https://bis.gov.in/wp-content/uploads/2023/07/The-Bolts-Nuts-Fastners-QCO-2023-1.pdf | https://bis.gov.in/wp-content/uploads/2024/07/Bolts-Nuts-and-Fateners-QCO-2024.pdf,2026-09-03
Flush Bolts,"Bolts, Nuts and Fasteners",Scheme I (ISI Mark),IS 5187: 1972,,S.O. 3267(E),,21st July 2023,,,https://bis.gov.in/wp-content/uploads/2023/07/The-Bolts-Nuts-Fastners-QCO-2023-1.pdf | https://bis.gov.in/wp-content/uploads/2024/07/Bolts-Nuts-and-Fateners-QCO-2024.pdf,2026-09-03
Fasteners – Threaded Steel Fastener – Step Bolts for Steel Structures,"Bolts, Nuts and Fasteners",Scheme I (ISI Mark),IS 10238:2001,,S.O. 3267(E),,21st July 2023,,,https://bis.gov.in/wp-content/uploads/2023/07/The-Bolts-Nuts-Fastners-QCO-2023-1.pdf | https://bis.gov.in/wp-content/uploads/2024/07/Bolts-Nuts-and-Fateners-QCO-2024.pdf,2026-09-03
Fasteners – Threaded Steel Fasteners – Hexagon Head Transmission Tower Bolts,"Bolts, Nuts and Fasteners",Scheme I (ISI Mark),IS 12427 : 2001,,S.O. 3267(E),,21st July 2023,,,https://bis.gov.in/wp-content/uploads/2023/07/The-Bolts-Nuts-Fastners-QCO-2023-1.pdf | https://bis.gov.in/wp-content/uploads/2024/07/Bolts-Nuts-and-Fateners-QCO-2024.pdf,2026-09-03
High Strength Structural Bolts,"Bolts, Nuts and Fasteners",Scheme I (ISI Mark),IS 3757 : 1985,,S.O. 3267(E),,21st July 2023,,,https://bis.gov.in/wp-content/uploads/2023/07/The-Bolts-Nuts-Fastners-QCO-2023-1.pdf | https://bis.gov.in/wp-content/uploads/2024/07/Bolts-Nuts-and-Fateners-QCO-2024.pdf,2026-09-03
Tower Bolts- Non-ferrous metal,"Bolts, Nuts and Fasteners",Scheme I (ISI Mark),IS 204 (Part 2): 1992,,S.O. 3267(E),,21st July 2023,,,https://bis.gov.in/wp-content/uploads/2023/07/The-Bolts-Nuts-Fastners-QCO-2023-1.pdf | https://bis.gov.in/wp-content/uploads/2024/07/Bolts-Nuts-and-Fateners-QCO-2024.pdf,2026-09-03
Tower Bolts- Ferrous metals,"Bolts, Nuts and Fasteners",Scheme I (ISI Mark),IS 204 (Part 1): 1991,,S.O. 3267(E),,21st July 2023,,,https://bis.gov.in/wp-content/uploads/2023/07/The-Bolts-Nuts-Fastners-QCO-2023-1.pdf | https://bis.gov.in/wp-content/uploads/2024/07/Bolts-Nuts-and-Fateners-QCO-2024.pdf,2026-09-03
Stainless Steel Sliding Door Bolts (Aldrops) for use With Padlocks,"Bolts, Nuts and Fasteners",Scheme I (ISI Mark),IS 15834 : 2022,,S.O. 3267(E),,21st July 2023,,,https://bis.gov.in/wp-content/uploads/2023/07/The-Bolts-Nuts-Fastners-QCO-2023-1.pdf | https://bis.gov.in/wp-content/uploads/2024/07/Bolts-Nuts-and-Fateners-QCO-2024.pdf,2026-09-03
Non-ferrous metal sliding door bolts (aldrops) for use with padlocks,"Bolts, Nuts and Fasteners",Scheme I (ISI Mark),IS 2681 : 1993,,S.O. 3267(E),,21st July 2023,,,https://bis.gov.in/wp-content/uploads/2023/07/The-Bolts-Nuts-Fastners-QCO-2023-1.pdf | https://bis.gov.in/wp-content/uploads/2024/07/Bolts-Nuts-and-Fateners-QCO-2024.pdf,2026-09-03
Mild steel sliding door bolts for use with padlocks,"Bolts, Nuts and Fasteners",Scheme I (ISI Mark),IS 281 : 2009,,S.O. 3267(E),,21st July 2023,,,https://bis.gov.in/wp-content/uploads/2023/07/The-Bolts-Nuts-Fastners-QCO-2023-1.pdf | https://bis.gov.in/wp-content/uploads/2024/07/Bolts-Nuts-and-Fateners-QCO-2024.pdf,2026-09-03
Sliding locking bolts for use with padlocks,"Bolts, Nuts and Fasteners",Scheme I (ISI Mark),IS 7534: 1985,,S.O. 3267(E),,21st July 2023,,,https://bis.gov.in/wp-content/uploads/2023/07/The-Bolts-Nuts-Fastners-QCO-2023-1.pdf | https://bis.gov.in/wp-content/uploads/2024/07/Bolts-Nuts-and-Fateners-QCO-2024.pdf,2026-09-03
Wrought Aluminium Alloy Bolt and Screw Stock for General Engineering purposes,"Bolts, Nuts and Fasteners",Scheme I (ISI Mark),IS 1284 : 1975,,S.O. 3267(E),,21st July 2023,,,https://bis.gov.in/wp-content/uploads/2023/07/The-Bolts-Nuts-Fastners-QCO-2023-1.pdf | https://bis.gov.in/wp-content/uploads/2024/07/Bolts-Nuts-and-Fateners-QCO-2024.pdf,2026-09-03
Stainless steel Tower Bolts,"Bolts, Nuts and Fasteners",Scheme I (ISI Mark),IS 15833 : 2009,,S.O. 3267(E),,21st July 2023,,,https://bis.gov.in/wp-content/uploads/2023/07/The-Bolts-Nuts-Fastners-QCO-2023-1.pdf | https://bis.gov.in/wp-content/uploads/2024/07/Bolts-Nuts-and-Fateners-QCO-2024.pdf,2026-09-03
High Strength Structural Nuts,"Bolts, Nuts and Fasteners",Scheme I (ISI Mark),IS 6623 : 2004,,S.O. 3267(E),,21st July 2023,,,https://bis.gov.in/wp-content/uploads/2023/07/The-Bolts-Nuts-Fastners-QCO-2023-1.pdf | https://bis.gov.in/wp-content/uploads/2024/07/Bolts-Nuts-and-Fateners-QCO-2024.pdf,2026-09-03
Stainless Steel Cookware,"Cookware, Utensils and Cans for food and beverages",Scheme I (ISI Mark),IS 14756 : 2022,,S.O. 3583(E),,9th August 2023,,,https://bis.gov.in/wp-content/uploads/2023/08/Cookwareand-Utensils-QCO-2023.pdf | https://bis.gov.in/wp-content/uploads/2024/03/Cookware-Utensils-and-cans-for-foods-and-beverages-QCO-2024.pdf | https://bis.gov.in/wp-content/uploads/2024/10/Cookware-Utensils-and-cans-for-food-and-beverages-QCO-2024.pdf | https://bis.gov.in/wp-content/uploads/2024/10/Cookware-Utensils-and-cans-for-food-and-beverages-QCO-2024-1.pdf | https://www.bis.gov.in/wp-content/uploads/2025/08/Cookware-Utensils-and-Cans-for-Foods-and-Baverages-QCO-2025.pdf | https://www.bis.gov.in/wp-content/uploads/2026/01/Cookware-Utensils-and-Cans-for-Foods-and-Beverages-Quality-Control-Order-2026.pdf | https://www.bis.gov.in/wp-content/uploads/2026/04/Cookware-Utensils-and-Cans-for-Foods-and-Beverages-Quality-Control-Order-2026.pdf,2026-09-03
Wrought Aluminium Utensils,"Cookware, Utensils and Cans for food and beverages",Scheme I (ISI Mark),IS 1660:2024,,S.O. 3583(E),,9th August 2023,,,https://bis.gov.in/wp-content/uploads/2023/08/Cookwareand-Utensils-QCO-2023.pdf | https://bis.gov.in/wp-content/uploads/2024/03/Cookware-Utensils-and-cans-for-foods-and-beverages-QCO-2024.pdf | https://bis.gov.in/wp-content/uploads/2024/10/Cookware-Utensils-and-cans-for-food-and-beverages-QCO-2024.pdf | https://bis.gov.in/wp-content/uploads/2024/10/Cookware-Utensils-and-cans-for-food-and-beverages-QCO-2024-1.pdf | https://www.bis.gov.in/wp-content/uploads/2025/08/Cookware-Utensils-and-Cans-for-Foods-and-Baverages-QCO-2025.pdf | https://www.bis.gov.in/wp-content/uploads/2026/01/Cookware-Utensils-and-Cans-for-Foods-and-Beverages-Quality-Control-Order-2026.pdf | https://www.bis.gov.in/wp-content/uploads/2026/04/Cookware-Utensils-and-Cans-for-Foods-and-Beverages-Quality-Control-Order-2026.pdf,2026-09-03
Stainless Steel Sinks for Domestic Purposes,"Cookware, Utensils and Cans for food and beverages",Scheme I (ISI Mark),IS 13983:1994,,S.O. 3583(E),,9th August 2023,,,https://bis.gov.in/wp-content/uploads/2023/08/Cookwareand-Utensils-QCO-2023.pdf | https://bis.gov.in/wp-content/uploads/2024/03/Cookware-Utensils-and-cans-for-foods-and-beverages-QCO-2024.pdf | https://bis.gov.in/wp-content/uploads/2024/10/Cookware-Utensils-and-cans-for-food-and-beverages-QCO-2024.pdf | https://bis.gov.in/wp-content/uploads/2024/10/Cookware-Utensils-and-cans-for-food-and-beverages-QCO-2024-1.pdf | https://www.bis.gov.in/wp-content/uploads/2025/08/Cookware-Utensils-and-Cans-for-Foods-and-Baverages-QCO-2025.pdf | https://www.bis.gov.in/wp-content/uploads/2026/01/Cookware-Utensils-and-Cans-for-Foods-and-Beverages-Quality-Control-Order-2026.pdf | https://www.bis.gov.in/wp-content/uploads/2026/04/Cookware-Utensils-and-Cans-for-Foods-and-Beverages-Quality-Control-Order-2026.pdf,2026-09-03
Three piece round open top metal cans for foods and beverages,"Cookware, Utensils and Cans for food and beverages",Scheme I (ISI Mark),IS 18427:2024,,S.O. 3583(E),,9th August 2023,,,https://bis.gov.in/wp-content/uploads/2023/08/Cookwareand-Utensils-QCO-2023.pdf | https://bis.gov.in/wp-content/uploads/2024/03/Cookware-Utensils-and-cans-for-foods-and-beverages-QCO-2024.pdf | https://bis.gov.in/wp-content/uploads/2024/10/Cookware-Utensils-and-cans-for-food-and-beverages-QCO-2024.pdf | https://bis.gov.in/wp-content/uploads/2024/10/Cookware-Utensils-and-cans-for-food-and-beverages-QCO-2024-1.pdf | https://www.bis.gov.in/wp-content/uploads/2025/08/Cookware-Utensils-and-Cans-for-Foods-and-Baverages-QCO-2025.pdf | https://www.bis.gov.in/wp-content/uploads/2026/01/Cookware-Utensils-and-Cans-for-Foods-and-Beverages-Quality-Control-Order-2026.pdf | https://www.bis.gov.in/wp-content/uploads/2026/04/Cookware-Utensils-and-Cans-for-Foods-and-Beverages-Quality-Control-Order-2026.pdf,2026-09-03
Aluminium cans for beverages,"Cookware, Utensils and Cans for food and beverages",Scheme I (ISI Mark),IS 14407:2023,,S.O. 3583(E),,9th August 2023,,,https://bis.gov.in/wp-content/uploads/2023/08/Cookwareand-Utensils-QCO-2023.pdf | https://bis.gov.in/wp-content/uploads/2024/03/Cookware-Utensils-and-cans-for-foods-and-beverages-QCO-2024.pdf | https://bis.gov.in/wp-content/uploads/2024/10/Cookware-Utensils-and-cans-for-food-and-beverages-QCO-2024.pdf | https://bis.gov.in/wp-content/uploads/2024/10/Cookware-Utensils-and-cans-for-food-and-beverages-QCO-2024-1.pdf | https://www.bis.gov.in/wp-content/uploads/2025/08/Cookware-Utensils-and-Cans-for-Foods-and-Baverages-QCO-2025.pdf | https://www.bis.gov.in/wp-content/uploads/2026/01/Cookware-Utensils-and-Cans-for-Foods-and-Beverages-Quality-Control-Order-2026.pdf | https://www.bis.gov.in/wp-content/uploads/2026/04/Cookware-Utensils-and-Cans-for-Foods-and-Beverages-Quality-Control-Order-2026.pdf,2026-09-03
Domestic Gas Stoves for use with Piped Natural Gas (PNG),Domestic Gas Stoves for use with PNG,Scheme I (ISI Mark),IS 17153:2019,,S.O. 3584(E),,9th August 2023,,,https://bis.gov.in/wp-content/uploads/2023/08/Domestic-Gas-Stoves-for-use-with-PNG-QCO-2023.pdf,2026-09-03
Portable Fire Extinguishers,Fire Extinguishers,Scheme I (ISI Mark),IS 15683 : 2018,,S.O. 3585(E),,9th August 2023,,,https://bis.gov.in/wp-content/uploads/2023/08/Fire-Extinguisher-QCO-2023.pdf,2026-09-03
Wheeled Fire Extinguishers,Fire Extinguishers,Scheme I (ISI Mark),IS 16018:2012,,S.O. 3585(E),,9th August 2023,,,https://bis.gov.in/wp-content/uploads/2023/08/Fire-Extinguisher-QCO-2023.pdf,2026-09-03
Electric Ceiling Type Fans,Electric Ceiling Type Fans,Scheme I (ISI Mark),IS 374:2019,,S.O. 3641(E),,9th August 2023,,,https://bis.gov.in/wp-content/uploads/2023/08/Electric-Ceiling-Type-Fans-QCO-2023.pdf | https://www.bis.gov.in/wp-content/uploads/2026/02/Amendments-in-Quality-Control-Order.pdf,2026-09-03
Block Boards,Wood Based Boards,Scheme I (ISI Mark),IS 1659:2004,,S.O. 3604(E),,10th August 2023,,,https://bis.gov.in/wp-content/uploads/2023/08/Wood-based-Board-QCO-2023.pdf | https://bis.gov.in/wp-content/uploads/2024/03/Extension-of-Wood-Based-Products-QCO.pdf | https://www.bis.gov.in/wp-content/uploads/2026/02/Goods-Articles-Exemption-Order-against-Import-Order.pdf | https://www.bis.gov.in/wp-content/uploads/2026/02/Goods-Articles-Exemption-Order-against-Purchase-Order.pdf,2026-09-03
Prelaminated particle boards from wood and other Lignocellulosic material,Wood Based Boards,Scheme I (ISI Mark),IS 12823:2015,,S.O. 3604(E),,10th August 2023,,,https://bis.gov.in/wp-content/uploads/2023/08/Wood-based-Board-QCO-2023.pdf | https://bis.gov.in/wp-content/uploads/2024/03/Extension-of-Wood-Based-Products-QCO.pdf | https://www.bis.gov.in/wp-content/uploads/2026/02/Goods-Articles-Exemption-Order-against-Import-Order.pdf | https://www.bis.gov.in/wp-content/uploads/2026/02/Goods-Articles-Exemption-Order-against-Purchase-Order.pdf,2026-09-03
Particle boards of wood and other lignocellulosic materials (medium density) for general purpose,Wood Based Boards,Scheme I (ISI Mark),IS 3087:2005,,S.O. 3604(E),,10th August 2023,,,https://bis.gov.in/wp-content/uploads/2023/08/Wood-based-Board-QCO-2023.pdf | https://bis.gov.in/wp-content/uploads/2024/03/Extension-of-Wood-Based-Products-QCO.pdf | https://www.bis.gov.in/wp-content/uploads/2026/02/Goods-Articles-Exemption-Order-against-Import-Order.pdf | https://www.bis.gov.in/wp-content/uploads/2026/02/Goods-Articles-Exemption-Order-against-Purchase-Order.pdf,2026-09-03
Medium density fibre boards for general purpose,Wood Based Boards,Scheme I (ISI Mark),IS 12406:2021,,S.O. 3604(E),,10th August 2023,,,https://bis.gov.in/wp-content/uploads/2023/08/Wood-based-Board-QCO-2023.pdf | https://bis.gov.in/wp-content/uploads/2024/03/Extension-of-Wood-Based-Products-QCO.pdf | https://www.bis.gov.in/wp-content/uploads/2026/02/Goods-Articles-Exemption-Order-against-Import-Order.pdf | https://www.bis.gov.in/wp-content/uploads/2026/02/Goods-Articles-Exemption-Order-against-Purchase-Order.pdf,2026-09-03
Veneered particle boards,Wood Based Boards,Scheme I (ISI Mark),IS 3097:2006,,S.O. 3604(E),,10th August 2023,,,https://bis.gov.in/wp-content/uploads/2023/08/Wood-based-Board-QCO-2023.pdf | https://bis.gov.in/wp-content/uploads/2024/03/Extension-of-Wood-Based-Products-QCO.pdf | https://www.bis.gov.in/wp-content/uploads/2026/02/Goods-Articles-Exemption-Order-against-Import-Order.pdf | https://www.bis.gov.in/wp-content/uploads/2026/02/Goods-Articles-Exemption-Order-against-Purchase-Order.pdf,2026-09-03
Cast iron man hole covers and frames,Cast Iron Products,Scheme I (ISI Mark),IS 1726:1991,,S.O. 3806(E),,24th August 2023,,,https://bis.gov.in/wp-content/uploads/2023/08/Cast-Iron-Products-QCO-2023.pdf | https://bis.gov.in/wp-content/uploads/2024/06/Cast-Iron-Products.pdf,2026-09-03
Cast iron/ductile iron drainage pipes and pipe fittings for over ground non-pressure pipelines socket and spigot series,Cast Iron Products,Scheme I (ISI Mark),IS 1729:2002,,S.O. 3806(E),,24th August 2023,,,https://bis.gov.in/wp-content/uploads/2023/08/Cast-Iron-Products-QCO-2023.pdf | https://bis.gov.in/wp-content/uploads/2024/06/Cast-Iron-Products.pdf,2026-09-03
Malleable cast iron pipe fittings,Cast Iron Products,Scheme I (ISI Mark),IS 1879:2010,,S.O. 3806(E),,24th August 2023,,,https://bis.gov.in/wp-content/uploads/2023/08/Cast-Iron-Products-QCO-2023.pdf | https://bis.gov.in/wp-content/uploads/2024/06/Cast-Iron-Products.pdf,2026-09-03
Cast iron single faced thimble mounted sluice gates,Cast Iron Products,Scheme I (ISI Mark),IS 13349:1992,,S.O. 3806(E),,24th August 2023,,,https://bis.gov.in/wp-content/uploads/2023/08/Cast-Iron-Products-QCO-2023.pdf | https://bis.gov.in/wp-content/uploads/2024/06/Cast-Iron-Products.pdf,2026-09-03
Grey iron castings,Cast Iron Products,Scheme I (ISI Mark),IS 210:2009,,S.O. 3806(E),,24th August 2023,,,https://bis.gov.in/wp-content/uploads/2023/08/Cast-Iron-Products-QCO-2023.pdf | https://bis.gov.in/wp-content/uploads/2024/06/Cast-Iron-Products.pdf,2026-09-03
"Vertically cast – iron pressure pipes for water, gas and sewage",Cast Iron Products,Scheme I (ISI Mark),IS 1537:1976,,S.O. 3806(E),,24th August 2023,,,https://bis.gov.in/wp-content/uploads/2023/08/Cast-Iron-Products-QCO-2023.pdf | https://bis.gov.in/wp-content/uploads/2024/06/Cast-Iron-Products.pdf,2026-09-03
Electric Cable for Photovoltic Systems for rated voltage 1500V DC,Solar DC Cable and Fire Survival Cable,Scheme I (ISI Mark),IS 17293:2020,,S.O. 3807(E),,24th August 2023,,,https://bis.gov.in/wp-content/uploads/2023/08/Solar-DC-Cable-and-Fire-Survival-Cable-QCO-2023.pdf,2026-09-03
"Thermosetting Insulated, Fire Survival Cables for working voltage upto and including 1100V AC and 1500V DC",Solar DC Cable and Fire Survival Cable,Scheme I (ISI Mark),IS 17505(Part 1): 2021,,S.O. 3807(E),,24th August 2023,,,https://bis.gov.in/wp-content/uploads/2023/08/Solar-DC-Cable-and-Fire-Survival-Cable-QCO-2023.pdf,2026-09-03
Cast aluminium and its alloys – Ingots and castings for general engineering purposes,Metals and Alloys,Scheme I (ISI Mark),IS 617:1994,,S.O. 3846(E),,31st August 2023,,,https://bis.gov.in/wp-content/uploads/2023/09/Aluminium-Aluminium-Alloy-QCO-2023.pdf | https://bis.gov.in/wp-content/uploads/2023/12/Aluminium-Amended-QCO-2023.pdf | https://bis.gov.in/wp-content/uploads/2024/05/Al-and-Al-Alloys-QCOAmendment2024.pdf | https://www.bis.gov.in/wp-content/uploads/2025/11/Aluminium-and-Aluminium-Alloys-Quality-Control-Order-2023-Withdrawal-Order.pdf,2026-09-03
,Metals and Alloys,Scheme I (ISI Mark),IS 11890 : 1987,,S.O. 3846(E),,31st August 2023,,,https://bis.gov.in/wp-content/uploads/2023/09/Aluminium-Aluminium-Alloy-QCO-2023.pdf | https://bis.gov.in/wp-content/uploads/2023/12/Aluminium-Amended-QCO-2023.pdf | https://bis.gov.in/wp-content/uploads/2024/05/Al-and-Al-Alloys-QCOAmendment2024.pdf | https://www.bis.gov.in/wp-content/uploads/2025/11/Aluminium-and-Aluminium-Alloys-Quality-Control-Order-2023-Withdrawal-Order.pdf,2026-09-03
,Metals and Alloys,Scheme I (ISI Mark),IS 6754:1972,,S.O. 3846(E),,31st August 2023,,,https://bis.gov.in/wp-content/uploads/2023/09/Aluminium-Aluminium-Alloy-QCO-2023.pdf | https://bis.gov.in/wp-content/uploads/2023/12/Aluminium-Amended-QCO-2023.pdf | https://bis.gov.in/wp-content/uploads/2024/05/Al-and-Al-Alloys-QCOAmendment2024.pdf | https://www.bis.gov.in/wp-content/uploads/2025/11/Aluminium-and-Aluminium-Alloys-Quality-Control-Order-2023-Withdrawal-Order.pdf,2026-09-03
,Metals and Alloys,Scheme I (ISI Mark),IS 2590 : 1987,,S.O. 3846(E),,31st August 2023,,,https://bis.gov.in/wp-content/uploads/2023/09/Aluminium-Aluminium-Alloy-QCO-2023.pdf | https://bis.gov.in/wp-content/uploads/2023/12/Aluminium-Amended-QCO-2023.pdf | https://bis.gov.in/wp-content/uploads/2024/05/Al-and-Al-Alloys-QCOAmendment2024.pdf | https://www.bis.gov.in/wp-content/uploads/2025/11/Aluminium-and-Aluminium-Alloys-Quality-Control-Order-2023-Withdrawal-Order.pdf,2026-09-03
,Metals and Alloys,Scheme I (ISI Mark),IS 4026 : 2023,,S.O. 3846(E),,31st August 2023,,,https://bis.gov.in/wp-content/uploads/2023/09/Aluminium-Aluminium-Alloy-QCO-2023.pdf | https://bis.gov.in/wp-content/uploads/2023/12/Aluminium-Amended-QCO-2023.pdf | https://bis.gov.in/wp-content/uploads/2024/05/Al-and-Al-Alloys-QCOAmendment2024.pdf | https://www.bis.gov.in/wp-content/uploads/2025/11/Aluminium-and-Aluminium-Alloys-Quality-Control-Order-2023-Withdrawal-Order.pdf,2026-09-03
Copper,Metals and Alloys,Scheme I (ISI Mark),IS 191:2007,,S.O. 3847(E),,31st August 2023,,,https://bis.gov.in/wp-content/uploads/2023/09/Copper-QCO-2023.pdf | https://bis.gov.in/wp-content/uploads/2023/11/Copper-Quality-Control-Amendment-Order-2023.pdf | https://bis.gov.in/wp-content/uploads/2024/05/Copper-QCOAmendment-2024.pdf | https://www.bis.gov.in/wp-content/uploads/2025/11/Copper-Quality-Control-Order-2023-Withdrawal-Order.pdf,2026-09-03
Nickel Powder,Metals and Alloys,Scheme I (ISI Mark),IS 7506:1987,,S.O. 3848(E),,31st August 2023,,,https://bis.gov.in/wp-content/uploads/2023/09/Nickle-QCO-2023.pdf | https://bis.gov.in/wp-content/uploads/2023/12/Nickle-QCO-Amnd-Order-2023.pdf | https://bis.gov.in/wp-content/uploads/2024/05/Nickel-QCO-Amendment2024.pdf | https://www.bis.gov.in/wp-content/uploads/2025/11/Nickel-Quality-Control-Order-2023-Withdrawal-Order.pdf,2026-09-03
Plywood for general purposes,Plywood and Wooden flush door shutters,Scheme I (ISI Mark),IS 303 : 1989,,S.O. 3841(E),,29th August 2023,,,https://bis.gov.in/wp-content/uploads/2023/09/Notified-Plywood-and-Wooden-flush-door-shutters-Quality-Control-Order-2023-in-e-Gazette.pdf | https://bis.gov.in/wp-content/uploads/2024/03/Plywood-and-Wooden-flush-door-shutters-QCO-2024.pdf | https://www.bis.gov.in/wp-content/uploads/2026/02/Goods-Articles-Exemption-Order-against-Import-Order.pdf | https://www.bis.gov.in/wp-content/uploads/2026/02/Goods-Articles-Exemption-Order-against-Purchase-Order.pdf,2026-09-03
Wooden flush door shutters (solid core type) – Plywood face panels,Plywood and Wooden flush door shutters,Scheme I (ISI Mark),IS 2202 (Part 1) : 1999,,S.O. 3841(E),,29th August 2023,,,https://bis.gov.in/wp-content/uploads/2023/09/Notified-Plywood-and-Wooden-flush-door-shutters-Quality-Control-Order-2023-in-e-Gazette.pdf | https://bis.gov.in/wp-content/uploads/2024/03/Plywood-and-Wooden-flush-door-shutters-QCO-2024.pdf | https://www.bis.gov.in/wp-content/uploads/2026/02/Goods-Articles-Exemption-Order-against-Import-Order.pdf | https://www.bis.gov.in/wp-content/uploads/2026/02/Goods-Articles-Exemption-Order-against-Purchase-Order.pdf,2026-09-03
Marine plywood,Plywood and Wooden flush door shutters,Scheme I (ISI Mark),IS 710 : 2010,,S.O. 3841(E),,29th August 2023,,,https://bis.gov.in/wp-content/uploads/2023/09/Notified-Plywood-and-Wooden-flush-door-shutters-Quality-Control-Order-2023-in-e-Gazette.pdf | https://bis.gov.in/wp-content/uploads/2024/03/Plywood-and-Wooden-flush-door-shutters-QCO-2024.pdf | https://www.bis.gov.in/wp-content/uploads/2026/02/Goods-Articles-Exemption-Order-against-Import-Order.pdf | https://www.bis.gov.in/wp-content/uploads/2026/02/Goods-Articles-Exemption-Order-against-Purchase-Order.pdf,2026-09-03
Fire retardant plywood,Plywood and Wooden flush door shutters,Scheme I (ISI Mark),IS 5509 : 2021,,S.O. 3841(E),,29th August 2023,,,https://bis.gov.in/wp-content/uploads/2023/09/Notified-Plywood-and-Wooden-flush-door-shutters-Quality-Control-Order-2023-in-e-Gazette.pdf | https://bis.gov.in/wp-content/uploads/2024/03/Plywood-and-Wooden-flush-door-shutters-QCO-2024.pdf | https://www.bis.gov.in/wp-content/uploads/2026/02/Goods-Articles-Exemption-Order-against-Import-Order.pdf | https://www.bis.gov.in/wp-content/uploads/2026/02/Goods-Articles-Exemption-Order-against-Purchase-Order.pdf,2026-09-03
Veneered decorative plywood,Plywood and Wooden flush door shutters,Scheme I (ISI Mark),IS 1328 : 1996,,S.O. 3841(E),,29th August 2023,,,https://bis.gov.in/wp-content/uploads/2023/09/Notified-Plywood-and-Wooden-flush-door-shutters-Quality-Control-Order-2023-in-e-Gazette.pdf | https://bis.gov.in/wp-content/uploads/2024/03/Plywood-and-Wooden-flush-door-shutters-QCO-2024.pdf | https://www.bis.gov.in/wp-content/uploads/2026/02/Goods-Articles-Exemption-Order-against-Import-Order.pdf | https://www.bis.gov.in/wp-content/uploads/2026/02/Goods-Articles-Exemption-Order-against-Purchase-Order.pdf,2026-09-03
Wooden flush door shutters (cellular and hollow core type) – Particle board and hardboard face panels,Plywood and Wooden flush door shutters,Scheme I (ISI Mark),IS 2191 (Part 2): 2022,,S.O. 3841(E),,29th August 2023,,,https://bis.gov.in/wp-content/uploads/2023/09/Notified-Plywood-and-Wooden-flush-door-shutters-Quality-Control-Order-2023-in-e-Gazette.pdf | https://bis.gov.in/wp-content/uploads/2024/03/Plywood-and-Wooden-flush-door-shutters-QCO-2024.pdf | https://www.bis.gov.in/wp-content/uploads/2026/02/Goods-Articles-Exemption-Order-against-Import-Order.pdf | https://www.bis.gov.in/wp-content/uploads/2026/02/Goods-Articles-Exemption-Order-against-Purchase-Order.pdf,2026-09-03
Wooden flush door shutters (cellular and hollow core type) – Plywood face panels,Plywood and Wooden flush door shutters,Scheme I (ISI Mark),IS 2191 (Part 1): 2022,,S.O. 3841(E),,29th August 2023,,,https://bis.gov.in/wp-content/uploads/2023/09/Notified-Plywood-and-Wooden-flush-door-shutters-Quality-Control-Order-2023-in-e-Gazette.pdf | https://bis.gov.in/wp-content/uploads/2024/03/Plywood-and-Wooden-flush-door-shutters-QCO-2024.pdf | https://www.bis.gov.in/wp-content/uploads/2026/02/Goods-Articles-Exemption-Order-against-Import-Order.pdf | https://www.bis.gov.in/wp-content/uploads/2026/02/Goods-Articles-Exemption-Order-against-Purchase-Order.pdf,2026-09-03
"Wooden Flush Door Shutters (Solid core type) – Particle board, High Density Fibre Board, Medium Density Fibre Board and Fibre Hardboard Face Panels",Plywood and Wooden flush door shutters,Scheme I (ISI Mark),IS 2202 (Part 2): 2022,,S.O. 3841(E),,29th August 2023,,,https://bis.gov.in/wp-content/uploads/2023/09/Notified-Plywood-and-Wooden-flush-door-shutters-Quality-Control-Order-2023-in-e-Gazette.pdf | https://bis.gov.in/wp-content/uploads/2024/03/Plywood-and-Wooden-flush-door-shutters-QCO-2024.pdf | https://www.bis.gov.in/wp-content/uploads/2026/02/Goods-Articles-Exemption-Order-against-Import-Order.pdf | https://www.bis.gov.in/wp-content/uploads/2026/02/Goods-Articles-Exemption-Order-against-Purchase-Order.pdf,2026-09-03
Plywood for concrete shuttering works – Specification,Plywood and Wooden flush door shutters,Scheme I (ISI Mark),IS 4990 : 2011,,S.O. 3841(E),,29th August 2023,,,https://bis.gov.in/wp-content/uploads/2023/09/Notified-Plywood-and-Wooden-flush-door-shutters-Quality-Control-Order-2023-in-e-Gazette.pdf | https://bis.gov.in/wp-content/uploads/2024/03/Plywood-and-Wooden-flush-door-shutters-QCO-2024.pdf | https://www.bis.gov.in/wp-content/uploads/2026/02/Goods-Articles-Exemption-Order-against-Import-Order.pdf | https://www.bis.gov.in/wp-content/uploads/2026/02/Goods-Articles-Exemption-Order-against-Purchase-Order.pdf,2026-09-03
Structural plywood – Specification,Plywood and Wooden flush door shutters,Scheme I (ISI Mark),IS 10701 : 2012,,S.O. 3841(E),,29th August 2023,,,https://bis.gov.in/wp-content/uploads/2023/09/Notified-Plywood-and-Wooden-flush-door-shutters-Quality-Control-Order-2023-in-e-Gazette.pdf | https://bis.gov.in/wp-content/uploads/2024/03/Plywood-and-Wooden-flush-door-shutters-QCO-2024.pdf | https://www.bis.gov.in/wp-content/uploads/2026/02/Goods-Articles-Exemption-Order-against-Import-Order.pdf | https://www.bis.gov.in/wp-content/uploads/2026/02/Goods-Articles-Exemption-Order-against-Purchase-Order.pdf,2026-09-03
Flux Cored Solder Wire,Flux Cored Solder Wire,Scheme I (ISI Mark),IS 1921: 2005,,S.O. 4092(E),,18th September 2023,,,https://bis.gov.in/wp-content/uploads/2023/09/QCO-for-Flux-Cored-Solder-Wire-2023.pdf | https://www.bis.gov.in/wp-content/uploads/2026/01/Rescind-Flux-Cored-Solder-Wire-Quality-Control-Order.pdf,2026-09-03
Bar or wire Wrapped Steel Cylinder Pipes with Mortar Lining and Coating Including Specials,Miscellaneous Steel Products,Scheme I (ISI Mark),IS 15155 : 2020,,S.O. 4240(E),,25th September 2023,,,https://bis.gov.in/wp-content/uploads/2023/10/QCO-for-Miscellaneous-Steel-Products.pdf,2026-09-03
High Strength deformed stainless steel bars and wires for concrete reinforcement,Miscellaneous Steel Products,Scheme I (ISI Mark),IS 16651 : 2017,,S.O. 4240(E),,25th September 2023,,,https://bis.gov.in/wp-content/uploads/2023/10/QCO-for-Miscellaneous-Steel-Products.pdf,2026-09-03
Steel Pipe Flanges,Miscellaneous Steel Products,Scheme I (ISI Mark),IS 6392 : 2020,,S.O. 4240(E),,25th September 2023,,,https://bis.gov.in/wp-content/uploads/2023/10/QCO-for-Miscellaneous-Steel-Products.pdf,2026-09-03
Stainless steel tubes for the food and beverage industry,Miscellaneous Steel Products,Scheme I (ISI Mark),IS 6913 : 1973,,S.O. 4240(E),,25th September 2023,,,https://bis.gov.in/wp-content/uploads/2023/10/QCO-for-Miscellaneous-Steel-Products.pdf,2026-09-03
Aluminium alloy tubes for irrigation purposes -welded tubes,Aluminium and Aluminium Alloy Products,Scheme I (ISI Mark),IS 7092 (Part 1):1992,,S.O. 4241(E),,25th September 2023,,,https://bis.gov.in/wp-content/uploads/2023/10/Aluminum-and-Aluminum-alloy-products-QCO.pdf | https://bis.gov.in/wp-content/uploads/2024/03/Aluminum-and-Aluminium-Products-QC-Amend-Order-2024.pdf | https://bis.gov.in/wp-content/uploads/2024/10/Al-and-Al-Alloys-QCO-2024.pdf | https://bis.gov.in/wp-content/uploads/2025/05/Aluminum-and-Aluminum-alloy-products-Quality-Control-Order-2025.pdf | https://bis.gov.in/wp-content/uploads/2025/06/Corrigendum-.pdf | https://www.bis.gov.in/wp-content/uploads/2026/02/corrigendum.pdf | https://www.bis.gov.in/wp-content/uploads/2026/02/Goods-Articles-Exemption-Order-against-Import-Order.pdf | https://www.bis.gov.in/wp-content/uploads/2026/02/Goods-Articles-Exemption-Order-against-Purchase-Order.pdf | https://www.bis.gov.in/wp-content/uploads/2026/03/Aluminium-Aluminium-Alloy-Products-Quality-Control-Order-2026.pdf,2026-09-03
Aluminium alloy tube for irrigation purposes – extruded tube,Aluminium and Aluminium Alloy Products,Scheme I (ISI Mark),IS 7092 (Part 2):1987,,S.O. 4241(E),,25th September 2023,,,https://bis.gov.in/wp-content/uploads/2023/10/Aluminum-and-Aluminum-alloy-products-QCO.pdf | https://bis.gov.in/wp-content/uploads/2024/03/Aluminum-and-Aluminium-Products-QC-Amend-Order-2024.pdf | https://bis.gov.in/wp-content/uploads/2024/10/Al-and-Al-Alloys-QCO-2024.pdf | https://bis.gov.in/wp-content/uploads/2025/05/Aluminum-and-Aluminum-alloy-products-Quality-Control-Order-2025.pdf | https://bis.gov.in/wp-content/uploads/2025/06/Corrigendum-.pdf | https://www.bis.gov.in/wp-content/uploads/2026/02/corrigendum.pdf | https://www.bis.gov.in/wp-content/uploads/2026/02/Goods-Articles-Exemption-Order-against-Import-Order.pdf | https://www.bis.gov.in/wp-content/uploads/2026/02/Goods-Articles-Exemption-Order-against-Purchase-Order.pdf | https://www.bis.gov.in/wp-content/uploads/2026/03/Aluminium-Aluminium-Alloy-Products-Quality-Control-Order-2026.pdf,2026-09-03
EC Grade Aluminium Rod produced by Continuous Casting and Rolling,Aluminium and Aluminium Alloy Products,Scheme I (ISI Mark),IS 5484:1997,,S.O. 4241(E),,25th September 2023,,,https://bis.gov.in/wp-content/uploads/2023/10/Aluminum-and-Aluminum-alloy-products-QCO.pdf | https://bis.gov.in/wp-content/uploads/2024/03/Aluminum-and-Aluminium-Products-QC-Amend-Order-2024.pdf | https://bis.gov.in/wp-content/uploads/2024/10/Al-and-Al-Alloys-QCO-2024.pdf | https://bis.gov.in/wp-content/uploads/2025/05/Aluminum-and-Aluminum-alloy-products-Quality-Control-Order-2025.pdf | https://bis.gov.in/wp-content/uploads/2025/06/Corrigendum-.pdf | https://www.bis.gov.in/wp-content/uploads/2026/02/corrigendum.pdf | https://www.bis.gov.in/wp-content/uploads/2026/02/Goods-Articles-Exemption-Order-against-Import-Order.pdf | https://www.bis.gov.in/wp-content/uploads/2026/02/Goods-Articles-Exemption-Order-against-Purchase-Order.pdf | https://www.bis.gov.in/wp-content/uploads/2026/03/Aluminium-Aluminium-Alloy-Products-Quality-Control-Order-2026.pdf,2026-09-03
"Wrought aluminium and aluminium alloy bars, rods and sections (For General Engineering Purposes)",Aluminium and Aluminium Alloy Products,Scheme I (ISI Mark),IS 733:1983,,S.O. 4241(E),,25th September 2023,,,https://bis.gov.in/wp-content/uploads/2023/10/Aluminum-and-Aluminum-alloy-products-QCO.pdf | https://bis.gov.in/wp-content/uploads/2024/03/Aluminum-and-Aluminium-Products-QC-Amend-Order-2024.pdf | https://bis.gov.in/wp-content/uploads/2024/10/Al-and-Al-Alloys-QCO-2024.pdf | https://bis.gov.in/wp-content/uploads/2025/05/Aluminum-and-Aluminum-alloy-products-Quality-Control-Order-2025.pdf | https://bis.gov.in/wp-content/uploads/2025/06/Corrigendum-.pdf | https://www.bis.gov.in/wp-content/uploads/2026/02/corrigendum.pdf | https://www.bis.gov.in/wp-content/uploads/2026/02/Goods-Articles-Exemption-Order-against-Import-Order.pdf | https://www.bis.gov.in/wp-content/uploads/2026/02/Goods-Articles-Exemption-Order-against-Purchase-Order.pdf | https://www.bis.gov.in/wp-content/uploads/2026/03/Aluminium-Aluminium-Alloy-Products-Quality-Control-Order-2026.pdf,2026-09-03
"Wrought aluminium and aluminium alloys, forging stock and forgings for general engineering purposes",Aluminium and Aluminium Alloy Products,Scheme I (ISI Mark),IS 734:1975,,S.O. 4241(E),,25th September 2023,,,https://bis.gov.in/wp-content/uploads/2023/10/Aluminum-and-Aluminum-alloy-products-QCO.pdf | https://bis.gov.in/wp-content/uploads/2024/03/Aluminum-and-Aluminium-Products-QC-Amend-Order-2024.pdf | https://bis.gov.in/wp-content/uploads/2024/10/Al-and-Al-Alloys-QCO-2024.pdf | https://bis.gov.in/wp-content/uploads/2025/05/Aluminum-and-Aluminum-alloy-products-Quality-Control-Order-2025.pdf | https://bis.gov.in/wp-content/uploads/2025/06/Corrigendum-.pdf | https://www.bis.gov.in/wp-content/uploads/2026/02/corrigendum.pdf | https://www.bis.gov.in/wp-content/uploads/2026/02/Goods-Articles-Exemption-Order-against-Import-Order.pdf | https://www.bis.gov.in/wp-content/uploads/2026/02/Goods-Articles-Exemption-Order-against-Purchase-Order.pdf | https://www.bis.gov.in/wp-content/uploads/2026/03/Aluminium-Aluminium-Alloy-Products-Quality-Control-Order-2026.pdf,2026-09-03
Wrought aluminium and aluminium alloy plate for general engineering purposes,Aluminium and Aluminium Alloy Products,Scheme I (ISI Mark),IS 736:1986,,S.O. 4241(E),,25th September 2023,,,https://bis.gov.in/wp-content/uploads/2023/10/Aluminum-and-Aluminum-alloy-products-QCO.pdf | https://bis.gov.in/wp-content/uploads/2024/03/Aluminum-and-Aluminium-Products-QC-Amend-Order-2024.pdf | https://bis.gov.in/wp-content/uploads/2024/10/Al-and-Al-Alloys-QCO-2024.pdf | https://bis.gov.in/wp-content/uploads/2025/05/Aluminum-and-Aluminum-alloy-products-Quality-Control-Order-2025.pdf | https://bis.gov.in/wp-content/uploads/2025/06/Corrigendum-.pdf | https://www.bis.gov.in/wp-content/uploads/2026/02/corrigendum.pdf | https://www.bis.gov.in/wp-content/uploads/2026/02/Goods-Articles-Exemption-Order-against-Import-Order.pdf | https://www.bis.gov.in/wp-content/uploads/2026/02/Goods-Articles-Exemption-Order-against-Purchase-Order.pdf | https://www.bis.gov.in/wp-content/uploads/2026/03/Aluminium-Aluminium-Alloy-Products-Quality-Control-Order-2026.pdf,2026-09-03
Wrought aluminium and aluminium alloy sheet and strip for general engineering purposes,Aluminium and Aluminium Alloy Products,Scheme I (ISI Mark),IS 737:2008,,S.O. 4241(E),,25th September 2023,,,https://bis.gov.in/wp-content/uploads/2023/10/Aluminum-and-Aluminum-alloy-products-QCO.pdf | https://bis.gov.in/wp-content/uploads/2024/03/Aluminum-and-Aluminium-Products-QC-Amend-Order-2024.pdf | https://bis.gov.in/wp-content/uploads/2024/10/Al-and-Al-Alloys-QCO-2024.pdf | https://bis.gov.in/wp-content/uploads/2025/05/Aluminum-and-Aluminum-alloy-products-Quality-Control-Order-2025.pdf | https://bis.gov.in/wp-content/uploads/2025/06/Corrigendum-.pdf | https://www.bis.gov.in/wp-content/uploads/2026/02/corrigendum.pdf | https://www.bis.gov.in/wp-content/uploads/2026/02/Goods-Articles-Exemption-Order-against-Import-Order.pdf | https://www.bis.gov.in/wp-content/uploads/2026/02/Goods-Articles-Exemption-Order-against-Purchase-Order.pdf | https://www.bis.gov.in/wp-content/uploads/2026/03/Aluminium-Aluminium-Alloy-Products-Quality-Control-Order-2026.pdf,2026-09-03
Wrought aluminium and aluminium alloy wire for general engineering purposes,Aluminium and Aluminium Alloy Products,Scheme I (ISI Mark),IS 739:1992,,S.O. 4241(E),,25th September 2023,,,https://bis.gov.in/wp-content/uploads/2023/10/Aluminum-and-Aluminum-alloy-products-QCO.pdf | https://bis.gov.in/wp-content/uploads/2024/03/Aluminum-and-Aluminium-Products-QC-Amend-Order-2024.pdf | https://bis.gov.in/wp-content/uploads/2024/10/Al-and-Al-Alloys-QCO-2024.pdf | https://bis.gov.in/wp-content/uploads/2025/05/Aluminum-and-Aluminum-alloy-products-Quality-Control-Order-2025.pdf | https://bis.gov.in/wp-content/uploads/2025/06/Corrigendum-.pdf | https://www.bis.gov.in/wp-content/uploads/2026/02/corrigendum.pdf | https://www.bis.gov.in/wp-content/uploads/2026/02/Goods-Articles-Exemption-Order-against-Import-Order.pdf | https://www.bis.gov.in/wp-content/uploads/2026/02/Goods-Articles-Exemption-Order-against-Purchase-Order.pdf | https://www.bis.gov.in/wp-content/uploads/2026/03/Aluminium-Aluminium-Alloy-Products-Quality-Control-Order-2026.pdf,2026-09-03
Wrought aluminium and aluminium alloy rivet stock for general engineering purposes,Aluminium and Aluminium Alloy Products,Scheme I (ISI Mark),IS 740:1977,,S.O. 4241(E),,25th September 2023,,,https://bis.gov.in/wp-content/uploads/2023/10/Aluminum-and-Aluminum-alloy-products-QCO.pdf | https://bis.gov.in/wp-content/uploads/2024/03/Aluminum-and-Aluminium-Products-QC-Amend-Order-2024.pdf | https://bis.gov.in/wp-content/uploads/2024/10/Al-and-Al-Alloys-QCO-2024.pdf | https://bis.gov.in/wp-content/uploads/2025/05/Aluminum-and-Aluminum-alloy-products-Quality-Control-Order-2025.pdf | https://bis.gov.in/wp-content/uploads/2025/06/Corrigendum-.pdf | https://www.bis.gov.in/wp-content/uploads/2026/02/corrigendum.pdf | https://www.bis.gov.in/wp-content/uploads/2026/02/Goods-Articles-Exemption-Order-against-Import-Order.pdf | https://www.bis.gov.in/wp-content/uploads/2026/02/Goods-Articles-Exemption-Order-against-Purchase-Order.pdf | https://www.bis.gov.in/wp-content/uploads/2026/03/Aluminium-Aluminium-Alloy-Products-Quality-Control-Order-2026.pdf,2026-09-03
"Wrought aluminium and aluminium alloy bars, rods, tubes, sections, plates and sheets for electrical applications",Aluminium and Aluminium Alloy Products,Scheme I (ISI Mark),IS 5082:1998,,S.O. 4241(E),,25th September 2023,,,https://bis.gov.in/wp-content/uploads/2023/10/Aluminum-and-Aluminum-alloy-products-QCO.pdf | https://bis.gov.in/wp-content/uploads/2024/03/Aluminum-and-Aluminium-Products-QC-Amend-Order-2024.pdf | https://bis.gov.in/wp-content/uploads/2024/10/Al-and-Al-Alloys-QCO-2024.pdf | https://bis.gov.in/wp-content/uploads/2025/05/Aluminum-and-Aluminum-alloy-products-Quality-Control-Order-2025.pdf | https://bis.gov.in/wp-content/uploads/2025/06/Corrigendum-.pdf | https://www.bis.gov.in/wp-content/uploads/2026/02/corrigendum.pdf | https://www.bis.gov.in/wp-content/uploads/2026/02/Goods-Articles-Exemption-Order-against-Import-Order.pdf | https://www.bis.gov.in/wp-content/uploads/2026/02/Goods-Articles-Exemption-Order-against-Purchase-Order.pdf | https://www.bis.gov.in/wp-content/uploads/2026/03/Aluminium-Aluminium-Alloy-Products-Quality-Control-Order-2026.pdf,2026-09-03
Aluminium and aluminium alloy foil for pharmaceutical packaging,Aluminium and Aluminium Alloy Products,Scheme I (ISI Mark),IS 16011:2012,,S.O. 4241(E),,25th September 2023,,,https://bis.gov.in/wp-content/uploads/2023/10/Aluminum-and-Aluminum-alloy-products-QCO.pdf | https://bis.gov.in/wp-content/uploads/2024/03/Aluminum-and-Aluminium-Products-QC-Amend-Order-2024.pdf | https://bis.gov.in/wp-content/uploads/2024/10/Al-and-Al-Alloys-QCO-2024.pdf | https://bis.gov.in/wp-content/uploads/2025/05/Aluminum-and-Aluminum-alloy-products-Quality-Control-Order-2025.pdf | https://bis.gov.in/wp-content/uploads/2025/06/Corrigendum-.pdf | https://www.bis.gov.in/wp-content/uploads/2026/02/corrigendum.pdf | https://www.bis.gov.in/wp-content/uploads/2026/02/Goods-Articles-Exemption-Order-against-Import-Order.pdf | https://www.bis.gov.in/wp-content/uploads/2026/02/Goods-Articles-Exemption-Order-against-Purchase-Order.pdf | https://www.bis.gov.in/wp-content/uploads/2026/03/Aluminium-Aluminium-Alloy-Products-Quality-Control-Order-2026.pdf,2026-09-03
Aluminium composite panel,Aluminium and Aluminium Alloy Products,Scheme I (ISI Mark),IS 17682:2021,,S.O. 4241(E),,25th September 2023,,,https://bis.gov.in/wp-content/uploads/2023/10/Aluminum-and-Aluminum-alloy-products-QCO.pdf | https://bis.gov.in/wp-content/uploads/2024/03/Aluminum-and-Aluminium-Products-QC-Amend-Order-2024.pdf | https://bis.gov.in/wp-content/uploads/2024/10/Al-and-Al-Alloys-QCO-2024.pdf | https://bis.gov.in/wp-content/uploads/2025/05/Aluminum-and-Aluminum-alloy-products-Quality-Control-Order-2025.pdf | https://bis.gov.in/wp-content/uploads/2025/06/Corrigendum-.pdf | https://www.bis.gov.in/wp-content/uploads/2026/02/corrigendum.pdf | https://www.bis.gov.in/wp-content/uploads/2026/02/Goods-Articles-Exemption-Order-against-Import-Order.pdf | https://www.bis.gov.in/wp-content/uploads/2026/02/Goods-Articles-Exemption-Order-against-Purchase-Order.pdf | https://www.bis.gov.in/wp-content/uploads/2026/03/Aluminium-Aluminium-Alloy-Products-Quality-Control-Order-2026.pdf,2026-09-03
Wrought aluminium  and aluminium alloys- Extruded round tube and hollow sections for general engineering purposes,Aluminium and Aluminium Alloy Products,Scheme I (ISI Mark),IS 1285:2002,,S.O. 4241(E),,25th September 2023,,,https://bis.gov.in/wp-content/uploads/2023/10/Aluminum-and-Aluminum-alloy-products-QCO.pdf | https://bis.gov.in/wp-content/uploads/2024/03/Aluminum-and-Aluminium-Products-QC-Amend-Order-2024.pdf | https://bis.gov.in/wp-content/uploads/2024/10/Al-and-Al-Alloys-QCO-2024.pdf | https://bis.gov.in/wp-content/uploads/2025/05/Aluminum-and-Aluminum-alloy-products-Quality-Control-Order-2025.pdf | https://bis.gov.in/wp-content/uploads/2025/06/Corrigendum-.pdf | https://www.bis.gov.in/wp-content/uploads/2026/02/corrigendum.pdf | https://www.bis.gov.in/wp-content/uploads/2026/02/Goods-Articles-Exemption-Order-against-Import-Order.pdf | https://www.bis.gov.in/wp-content/uploads/2026/02/Goods-Articles-Exemption-Order-against-Purchase-Order.pdf | https://www.bis.gov.in/wp-content/uploads/2026/03/Aluminium-Aluminium-Alloy-Products-Quality-Control-Order-2026.pdf,2026-09-03
Wrought Aluminium Wire for Electrical Purposes,Aluminium and Aluminium Alloy Products,Scheme I (ISI Mark),IS 2067:1975,,S.O. 4241(E),,25th September 2023,,,https://bis.gov.in/wp-content/uploads/2023/10/Aluminum-and-Aluminum-alloy-products-QCO.pdf | https://bis.gov.in/wp-content/uploads/2024/03/Aluminum-and-Aluminium-Products-QC-Amend-Order-2024.pdf | https://bis.gov.in/wp-content/uploads/2024/10/Al-and-Al-Alloys-QCO-2024.pdf | https://bis.gov.in/wp-content/uploads/2025/05/Aluminum-and-Aluminum-alloy-products-Quality-Control-Order-2025.pdf | https://bis.gov.in/wp-content/uploads/2025/06/Corrigendum-.pdf | https://www.bis.gov.in/wp-content/uploads/2026/02/corrigendum.pdf | https://www.bis.gov.in/wp-content/uploads/2026/02/Goods-Articles-Exemption-Order-against-Import-Order.pdf | https://www.bis.gov.in/wp-content/uploads/2026/02/Goods-Articles-Exemption-Order-against-Purchase-Order.pdf | https://www.bis.gov.in/wp-content/uploads/2026/03/Aluminium-Aluminium-Alloy-Products-Quality-Control-Order-2026.pdf,2026-09-03
Wrought aluminium and aluminium alloys for manufacture of utensils,Aluminium and Aluminium Alloy Products,Scheme I (ISI Mark),IS 21:1992,,S.O. 4241(E),,25th September 2023,,,https://bis.gov.in/wp-content/uploads/2023/10/Aluminum-and-Aluminum-alloy-products-QCO.pdf | https://bis.gov.in/wp-content/uploads/2024/03/Aluminum-and-Aluminium-Products-QC-Amend-Order-2024.pdf | https://bis.gov.in/wp-content/uploads/2024/10/Al-and-Al-Alloys-QCO-2024.pdf | https://bis.gov.in/wp-content/uploads/2025/05/Aluminum-and-Aluminum-alloy-products-Quality-Control-Order-2025.pdf | https://bis.gov.in/wp-content/uploads/2025/06/Corrigendum-.pdf | https://www.bis.gov.in/wp-content/uploads/2026/02/corrigendum.pdf | https://www.bis.gov.in/wp-content/uploads/2026/02/Goods-Articles-Exemption-Order-against-Import-Order.pdf | https://www.bis.gov.in/wp-content/uploads/2026/02/Goods-Articles-Exemption-Order-against-Purchase-Order.pdf | https://www.bis.gov.in/wp-content/uploads/2026/03/Aluminium-Aluminium-Alloy-Products-Quality-Control-Order-2026.pdf,2026-09-03
Corrugated Aluminium Sheet,Aluminium and Aluminium Alloy Products,Scheme I (ISI Mark),IS 1254:2007,,S.O. 4241(E),,25th September 2023,,,https://bis.gov.in/wp-content/uploads/2023/10/Aluminum-and-Aluminum-alloy-products-QCO.pdf | https://bis.gov.in/wp-content/uploads/2024/03/Aluminum-and-Aluminium-Products-QC-Amend-Order-2024.pdf | https://bis.gov.in/wp-content/uploads/2024/10/Al-and-Al-Alloys-QCO-2024.pdf | https://bis.gov.in/wp-content/uploads/2025/05/Aluminum-and-Aluminum-alloy-products-Quality-Control-Order-2025.pdf | https://bis.gov.in/wp-content/uploads/2025/06/Corrigendum-.pdf | https://www.bis.gov.in/wp-content/uploads/2026/02/corrigendum.pdf | https://www.bis.gov.in/wp-content/uploads/2026/02/Goods-Articles-Exemption-Order-against-Import-Order.pdf | https://www.bis.gov.in/wp-content/uploads/2026/02/Goods-Articles-Exemption-Order-against-Purchase-Order.pdf | https://www.bis.gov.in/wp-content/uploads/2026/03/Aluminium-Aluminium-Alloy-Products-Quality-Control-Order-2026.pdf,2026-09-03
Aluminium alloy forging stock and forgings (Alloy 24345) for aerospace applications,Aluminium and Aluminium Alloy Products,Scheme I (ISI Mark),IS 7902:2001,,S.O. 4241(E),,25th September 2023,,,https://bis.gov.in/wp-content/uploads/2023/10/Aluminum-and-Aluminum-alloy-products-QCO.pdf | https://bis.gov.in/wp-content/uploads/2024/03/Aluminum-and-Aluminium-Products-QC-Amend-Order-2024.pdf | https://bis.gov.in/wp-content/uploads/2024/10/Al-and-Al-Alloys-QCO-2024.pdf | https://bis.gov.in/wp-content/uploads/2025/05/Aluminum-and-Aluminum-alloy-products-Quality-Control-Order-2025.pdf | https://bis.gov.in/wp-content/uploads/2025/06/Corrigendum-.pdf | https://www.bis.gov.in/wp-content/uploads/2026/02/corrigendum.pdf | https://www.bis.gov.in/wp-content/uploads/2026/02/Goods-Articles-Exemption-Order-against-Import-Order.pdf | https://www.bis.gov.in/wp-content/uploads/2026/02/Goods-Articles-Exemption-Order-against-Purchase-Order.pdf | https://www.bis.gov.in/wp-content/uploads/2026/03/Aluminium-Aluminium-Alloy-Products-Quality-Control-Order-2026.pdf,2026-09-03
"Short – Pitch Transmission Precision Roller and Bush Chains, Attachments and Associated Chain Sprockets","Precision Roller and Bush Chains, attachments and associated chain sprockets",Scheme I (ISI Mark),IS 2403 :2014 / ISO 606 : 2004,,S.O. 4242(E),,25th September 2023,,,https://bis.gov.in/wp-content/uploads/2023/10/Precision-Roller-and-Bush-Chains-attachments-QCO.pdf | https://bis.gov.in/wp-content/uploads/2024/06/Precision-Roller-and-Bush-ChainsAttachments-and-Associated-Chains-Sprockets-QCO-2024.pdf,2026-09-03
Self- Contained Drinking Water Coolers – Energy Consumption and Performance,Self- Contained Drinking Water Coolers,Scheme I (ISI Mark),IS 1475 (Part 1) : 2001,,S.O. 4243(E),,25th September 2023,,,https://bis.gov.in/wp-content/uploads/2023/10/Drinking-Water-Cooler-QCO.pdf | https://bis.gov.in/wp-content/uploads/2024/05/Self-Contained-Drinking-Water-Cooler-QCO-2024.pdf | https://www.bis.gov.in/wp-content/uploads/2026/02/Goods-Articles-Exemption-Order-against-Import-Order.pdf | https://www.bis.gov.in/wp-content/uploads/2026/02/Goods-Articles-Exemption-Order-against-Purchase-Order.pdf,2026-09-03
Sanitary napkins,Medical Textiles,Scheme I (ISI Mark),IS 5405 : 2019,,S.O. 4247(E),,27th September 2023,,,https://bis.gov.in/wp-content/uploads/2023/10/Medical-Textiles-QCO-2023.pdf | https://bis.gov.in/wp-content/uploads/2024/03/Medical-Textiles-Quality-Control-Amendment-Order-2024.pdf | https://bis.gov.in/wp-content/uploads/2024/10/Medical-Textiles-QCO-2024.pdf | https://bis.gov.in/wp-content/uploads/2025/01/Medical-Textiles-Quality-Control-Amendment-Order-2025.pdf | https://www.bis.gov.in/wp-content/uploads/2025/07/MEDICAL-TEXTILES-QUALITY-CONTROL-SECOND-AMENDMENT-ORDER-2025.pdf,2026-09-03
Disposable baby diaper,Medical Textiles,Scheme I (ISI Mark),IS 17509 : 2021,,S.O. 4247(E),,27th September 2023,,,https://bis.gov.in/wp-content/uploads/2023/10/Medical-Textiles-QCO-2023.pdf | https://bis.gov.in/wp-content/uploads/2024/03/Medical-Textiles-Quality-Control-Amendment-Order-2024.pdf | https://bis.gov.in/wp-content/uploads/2024/10/Medical-Textiles-QCO-2024.pdf | https://bis.gov.in/wp-content/uploads/2025/01/Medical-Textiles-Quality-Control-Amendment-Order-2025.pdf | https://www.bis.gov.in/wp-content/uploads/2025/07/MEDICAL-TEXTILES-QUALITY-CONTROL-SECOND-AMENDMENT-ORDER-2025.pdf,2026-09-03
Reusable Sanitary pad/ Sanitary Napkin/ Period Panties,Medical Textiles,Scheme I (ISI Mark),IS 17514 : 2021,,S.O. 4247(E),,27th September 2023,,,https://bis.gov.in/wp-content/uploads/2023/10/Medical-Textiles-QCO-2023.pdf | https://bis.gov.in/wp-content/uploads/2024/03/Medical-Textiles-Quality-Control-Amendment-Order-2024.pdf | https://bis.gov.in/wp-content/uploads/2024/10/Medical-Textiles-QCO-2024.pdf | https://bis.gov.in/wp-content/uploads/2025/01/Medical-Textiles-Quality-Control-Amendment-Order-2025.pdf | https://www.bis.gov.in/wp-content/uploads/2025/07/MEDICAL-TEXTILES-QUALITY-CONTROL-SECOND-AMENDMENT-ORDER-2025.pdf,2026-09-03
Shoe covers,Medical Textiles,Scheme I (ISI Mark),IS 17349 : 2020,,S.O. 4247(E),,27th September 2023,,,https://bis.gov.in/wp-content/uploads/2023/10/Medical-Textiles-QCO-2023.pdf | https://bis.gov.in/wp-content/uploads/2024/03/Medical-Textiles-Quality-Control-Amendment-Order-2024.pdf | https://bis.gov.in/wp-content/uploads/2024/10/Medical-Textiles-QCO-2024.pdf | https://bis.gov.in/wp-content/uploads/2025/01/Medical-Textiles-Quality-Control-Amendment-Order-2025.pdf | https://www.bis.gov.in/wp-content/uploads/2025/07/MEDICAL-TEXTILES-QUALITY-CONTROL-SECOND-AMENDMENT-ORDER-2025.pdf,2026-09-03
Dental Bib or Napkins,Medical Textiles,Scheme I (ISI Mark),IS 17354 : 2020,,S.O. 4247(E),,27th September 2023,,,https://bis.gov.in/wp-content/uploads/2023/10/Medical-Textiles-QCO-2023.pdf | https://bis.gov.in/wp-content/uploads/2024/03/Medical-Textiles-Quality-Control-Amendment-Order-2024.pdf | https://bis.gov.in/wp-content/uploads/2024/10/Medical-Textiles-QCO-2024.pdf | https://bis.gov.in/wp-content/uploads/2025/01/Medical-Textiles-Quality-Control-Amendment-Order-2025.pdf | https://www.bis.gov.in/wp-content/uploads/2025/07/MEDICAL-TEXTILES-QUALITY-CONTROL-SECOND-AMENDMENT-ORDER-2025.pdf,2026-09-03
Bed sheet and Pillow Cover,Medical Textiles,Scheme I (ISI Mark),IS 17630 : 2021,,S.O. 4247(E),,27th September 2023,,,https://bis.gov.in/wp-content/uploads/2023/10/Medical-Textiles-QCO-2023.pdf | https://bis.gov.in/wp-content/uploads/2024/03/Medical-Textiles-Quality-Control-Amendment-Order-2024.pdf | https://bis.gov.in/wp-content/uploads/2024/10/Medical-Textiles-QCO-2024.pdf | https://bis.gov.in/wp-content/uploads/2025/01/Medical-Textiles-Quality-Control-Amendment-Order-2025.pdf | https://www.bis.gov.in/wp-content/uploads/2025/07/MEDICAL-TEXTILES-QUALITY-CONTROL-SECOND-AMENDMENT-ORDER-2025.pdf,2026-09-03
Polypropylene Spun Bonded Non—Woven Crop Cover and Fruit Skirting Bags for Agriculture and Horticulture Applications,Agro Textiles,Scheme I (ISI Mark),IS 16718 : 2021,,S.O. 4248(E),,27th September 2023,,,https://bis.gov.in/wp-content/uploads/2023/10/Agro-Textiles-QCO-2023.pdf | https://bis.gov.in/wp-content/uploads/2024/04/Agro-Textiles.pdf,2026-09-03
Insect nets for Agriculture and Horticulture purpose,Agro Textiles,Scheme I (ISI Mark),IS 16513 : 2016,,S.O. 4248(E),,27th September 2023,,,https://bis.gov.in/wp-content/uploads/2023/10/Agro-Textiles-QCO-2023.pdf | https://bis.gov.in/wp-content/uploads/2024/04/Agro-Textiles.pdf,2026-09-03
Woven Ground covers for Horticulture Application,Agro Textiles,Scheme I (ISI Mark),IS 16202 : 2014,,S.O. 4248(E),,27th September 2023,,,https://bis.gov.in/wp-content/uploads/2023/10/Agro-Textiles-QCO-2023.pdf | https://bis.gov.in/wp-content/uploads/2024/04/Agro-Textiles.pdf,2026-09-03
Jute Agro textiles for Growth of Plants and Suppression of Weeds,Agro Textiles,Scheme I (ISI Mark),IS 17070 : 2019,,S.O. 4248(E),,27th September 2023,,,https://bis.gov.in/wp-content/uploads/2023/10/Agro-Textiles-QCO-2023.pdf | https://bis.gov.in/wp-content/uploads/2024/04/Agro-Textiles.pdf,2026-09-03
High Density Polyethylene (HDPE) woven beds for vermiculture,Agro Textiles,Scheme I (ISI Mark),IS 15907 : 2010,,S.O. 4248(E),,27th September 2023,,,https://bis.gov.in/wp-content/uploads/2023/10/Agro-Textiles-QCO-2023.pdf | https://bis.gov.in/wp-content/uploads/2024/04/Agro-Textiles.pdf,2026-09-03
Sapling bags for growth of seedling /sapling,Agro Textiles,Scheme I (ISI Mark),IS 16089 : 2013,,S.O. 4248(E),,27th September 2023,,,https://bis.gov.in/wp-content/uploads/2023/10/Agro-Textiles-QCO-2023.pdf | https://bis.gov.in/wp-content/uploads/2024/04/Agro-Textiles.pdf,2026-09-03
High Density Polyethylene (HDPE) laminated woven lay flat tube for irrigation purpose,Agro Textiles,Scheme I (ISI Mark),IS 16190 : 2014,,S.O. 4248(E),,27th September 2023,,,https://bis.gov.in/wp-content/uploads/2023/10/Agro-Textiles-QCO-2023.pdf | https://bis.gov.in/wp-content/uploads/2024/04/Agro-Textiles.pdf,2026-09-03
Nylon Knitted seamless gloves for tobacco harvesters,Agro Textiles,Scheme I (ISI Mark),IS 16390 : 2015,,S.O. 4248(E),,27th September 2023,,,https://bis.gov.in/wp-content/uploads/2023/10/Agro-Textiles-QCO-2023.pdf | https://bis.gov.in/wp-content/uploads/2024/04/Agro-Textiles.pdf,2026-09-03
High density polyethylene (HDPE) laminated woven lay flat tube for use in mains and submains of drip irrigation system,Agro Textiles,Scheme I (ISI Mark),IS 16627 : 2017,,S.O. 4248(E),,27th September 2023,,,https://bis.gov.in/wp-content/uploads/2023/10/Agro-Textiles-QCO-2023.pdf | https://bis.gov.in/wp-content/uploads/2024/04/Agro-Textiles.pdf,2026-09-03
Propylene Spun bonded non—woven mulch mat for agriculture and horticulture applications,Agro Textiles,Scheme I (ISI Mark),IS 17355 : 2020,,S.O. 4248(E),,27th September 2023,,,https://bis.gov.in/wp-content/uploads/2023/10/Agro-Textiles-QCO-2023.pdf | https://bis.gov.in/wp-content/uploads/2024/04/Agro-Textiles.pdf,2026-09-03
Windshield nets for agriculture and horticulture purpose,Agro Textiles,Scheme I (ISI Mark),IS 17356 : 2020,,S.O. 4248(E),,27th September 2023,,,https://bis.gov.in/wp-content/uploads/2023/10/Agro-Textiles-QCO-2023.pdf | https://bis.gov.in/wp-content/uploads/2024/04/Agro-Textiles.pdf,2026-09-03
Harvest nets for agriculture and horticulture purposes,Agro Textiles,Scheme I (ISI Mark),IS 17357 : 2020,,S.O. 4248(E),,27th September 2023,,,https://bis.gov.in/wp-content/uploads/2023/10/Agro-Textiles-QCO-2023.pdf | https://bis.gov.in/wp-content/uploads/2024/04/Agro-Textiles.pdf,2026-09-03
Fencing nets for agriculture and horticulture purposes – made from  extruded polymer mesh,Agro Textiles,Scheme I (ISI Mark),IS 17358 (Part 1) : 2020,,S.O. 4248(E),,27th September 2023,,,https://bis.gov.in/wp-content/uploads/2023/10/Agro-Textiles-QCO-2023.pdf | https://bis.gov.in/wp-content/uploads/2024/04/Agro-Textiles.pdf,2026-09-03
Fencing nets for agriculture and horticulture purposes -made from mono filament yarns and combination of tape and mono filament yarns,Agro Textiles,Scheme I (ISI Mark),IS 17358 (Part 2) : 2020,,S.O. 4248(E),,27th September 2023,,,https://bis.gov.in/wp-content/uploads/2023/10/Agro-Textiles-QCO-2023.pdf | https://bis.gov.in/wp-content/uploads/2024/04/Agro-Textiles.pdf,2026-09-03
Plant Support Nets for Agriculture and Horticulture Purposes,Agro Textiles,Scheme I (ISI Mark),IS 17513 : 2020,,S.O. 4248(E),,27th September 2023,,,https://bis.gov.in/wp-content/uploads/2023/10/Agro-Textiles-QCO-2023.pdf | https://bis.gov.in/wp-content/uploads/2024/04/Agro-Textiles.pdf,2026-09-03
High Density Polyethylene (HDPE) Laminated Woven Lay Flat Tube and Fittings for use in Rain Irrigation System,Agro Textiles,Scheme I (ISI Mark),IS 17728 : 2021,,S.O. 4248(E),,27th September 2023,,,https://bis.gov.in/wp-content/uploads/2023/10/Agro-Textiles-QCO-2023.pdf | https://bis.gov.in/wp-content/uploads/2024/04/Agro-Textiles.pdf,2026-09-03
Flexible Water Storage Tank for Agriculture and Horticulture Purposes,Agro Textiles,Scheme I (ISI Mark),IS 17729 : 2021,,S.O. 4248(E),,27th September 2023,,,https://bis.gov.in/wp-content/uploads/2023/10/Agro-Textiles-QCO-2023.pdf | https://bis.gov.in/wp-content/uploads/2024/04/Agro-Textiles.pdf,2026-09-03
Hail Protection Nets for Agriculture and Horticulture Purposes-  Warp Knitted Hail Protection Nets,Agro Textiles,Scheme I (ISI Mark),IS 17730 (Part 1) : 2021,,S.O. 4248(E),,27th September 2023,,,https://bis.gov.in/wp-content/uploads/2023/10/Agro-Textiles-QCO-2023.pdf | https://bis.gov.in/wp-content/uploads/2024/04/Agro-Textiles.pdf,2026-09-03
Hail Protection Nets for Agriculture and Horticulture Purposes – Woven Hail Protection Nets,Agro Textiles,Scheme I (ISI Mark),IS 17730 (Part 2) : 2021,,S.O. 4248(E),,27th September 2023,,,https://bis.gov.in/wp-content/uploads/2023/10/Agro-Textiles-QCO-2023.pdf | https://bis.gov.in/wp-content/uploads/2024/04/Agro-Textiles.pdf,2026-09-03
Laminated Woven Orchard Protection Covers,Agro Textiles,Scheme I (ISI Mark),IS 17731 : 2021,,S.O. 4248(E),,27th September 2023,,,https://bis.gov.in/wp-content/uploads/2023/10/Agro-Textiles-QCO-2023.pdf | https://bis.gov.in/wp-content/uploads/2024/04/Agro-Textiles.pdf,2026-09-03
Copper Wire Rods for Electrical Applications,Copper Products,Scheme I (ISI Mark),IS 12444:2020,,S.O. 4595(E),,17th October 2023,,,https://bis.gov.in/wp-content/uploads/2023/10/Copper-Products-QCO-2023.pdf | https://bis.gov.in/wp-content/uploads/2024/04/Copper-Products-Quality-Control-2024.pdf | https://bis.gov.in/wp-content/uploads/2025/02/Copper-Product-Quality-Control-Amendment-Order-2025.pdf | https://www.bis.gov.in/wp-content/uploads/2026/02/Goods-Articles-Exemption-Order-against-Import-Order.pdf | https://www.bis.gov.in/wp-content/uploads/2026/02/Goods-Articles-Exemption-Order-against-Purchase-Order.pdf | https://www.bis.gov.in/wp-content/uploads/2026/07/Copper-product-quality-control-amendment-order-2026.pdf,2026-09-03
Copper Rods and Bars for Electrical Purposes,Copper Products,Scheme I (ISI Mark),IS 613:2000,,S.O. 4595(E),,17th October 2023,,,https://bis.gov.in/wp-content/uploads/2023/10/Copper-Products-QCO-2023.pdf | https://bis.gov.in/wp-content/uploads/2024/04/Copper-Products-Quality-Control-2024.pdf | https://bis.gov.in/wp-content/uploads/2025/02/Copper-Product-Quality-Control-Amendment-Order-2025.pdf | https://www.bis.gov.in/wp-content/uploads/2026/02/Goods-Articles-Exemption-Order-against-Import-Order.pdf | https://www.bis.gov.in/wp-content/uploads/2026/02/Goods-Articles-Exemption-Order-against-Purchase-Order.pdf | https://www.bis.gov.in/wp-content/uploads/2026/07/Copper-product-quality-control-amendment-order-2026.pdf,2026-09-03
Copper strip for electrical purposes,Copper Products,Scheme I (ISI Mark),IS 1897:2008,,S.O. 4595(E),,17th October 2023,,,https://bis.gov.in/wp-content/uploads/2023/10/Copper-Products-QCO-2023.pdf | https://bis.gov.in/wp-content/uploads/2024/04/Copper-Products-Quality-Control-2024.pdf | https://bis.gov.in/wp-content/uploads/2025/02/Copper-Product-Quality-Control-Amendment-Order-2025.pdf | https://www.bis.gov.in/wp-content/uploads/2026/02/Goods-Articles-Exemption-Order-against-Import-Order.pdf | https://www.bis.gov.in/wp-content/uploads/2026/02/Goods-Articles-Exemption-Order-against-Purchase-Order.pdf | https://www.bis.gov.in/wp-content/uploads/2026/07/Copper-product-quality-control-amendment-order-2026.pdf,2026-09-03
Copper rods and bars for general engineering purposes,Copper Products,Scheme I (ISI Mark),IS 4171:1983,,S.O. 4595(E),,17th October 2023,,,https://bis.gov.in/wp-content/uploads/2023/10/Copper-Products-QCO-2023.pdf | https://bis.gov.in/wp-content/uploads/2024/04/Copper-Products-Quality-Control-2024.pdf | https://bis.gov.in/wp-content/uploads/2025/02/Copper-Product-Quality-Control-Amendment-Order-2025.pdf | https://www.bis.gov.in/wp-content/uploads/2026/02/Goods-Articles-Exemption-Order-against-Import-Order.pdf | https://www.bis.gov.in/wp-content/uploads/2026/02/Goods-Articles-Exemption-Order-against-Purchase-Order.pdf | https://www.bis.gov.in/wp-content/uploads/2026/07/Copper-product-quality-control-amendment-order-2026.pdf,2026-09-03
Solid drawn copper and copper alloy tubes for condensers and heat exchangers,Copper Products,Scheme I (ISI Mark),IS 1545: 1994,,S.O. 4595(E),,17th October 2023,,,https://bis.gov.in/wp-content/uploads/2023/10/Copper-Products-QCO-2023.pdf | https://bis.gov.in/wp-content/uploads/2024/04/Copper-Products-Quality-Control-2024.pdf | https://bis.gov.in/wp-content/uploads/2025/02/Copper-Product-Quality-Control-Amendment-Order-2025.pdf | https://www.bis.gov.in/wp-content/uploads/2026/02/Goods-Articles-Exemption-Order-against-Import-Order.pdf | https://www.bis.gov.in/wp-content/uploads/2026/02/Goods-Articles-Exemption-Order-against-Purchase-Order.pdf | https://www.bis.gov.in/wp-content/uploads/2026/07/Copper-product-quality-control-amendment-order-2026.pdf,2026-09-03
Solid drawn copper tubes for general engineering purposes,Copper Products,Scheme I (ISI Mark),IS 2501: 1995,,S.O. 4595(E),,17th October 2023,,,https://bis.gov.in/wp-content/uploads/2023/10/Copper-Products-QCO-2023.pdf | https://bis.gov.in/wp-content/uploads/2024/04/Copper-Products-Quality-Control-2024.pdf | https://bis.gov.in/wp-content/uploads/2025/02/Copper-Product-Quality-Control-Amendment-Order-2025.pdf | https://www.bis.gov.in/wp-content/uploads/2026/02/Goods-Articles-Exemption-Order-against-Import-Order.pdf | https://www.bis.gov.in/wp-content/uploads/2026/02/Goods-Articles-Exemption-Order-against-Purchase-Order.pdf | https://www.bis.gov.in/wp-content/uploads/2026/07/Copper-product-quality-control-amendment-order-2026.pdf,2026-09-03
Copper Tubes for plumbing- Specification,Copper Products,Scheme I (ISI Mark),IS 14810: 2000,,S.O. 4595(E),,17th October 2023,,,https://bis.gov.in/wp-content/uploads/2023/10/Copper-Products-QCO-2023.pdf | https://bis.gov.in/wp-content/uploads/2024/04/Copper-Products-Quality-Control-2024.pdf | https://bis.gov.in/wp-content/uploads/2025/02/Copper-Product-Quality-Control-Amendment-Order-2025.pdf | https://www.bis.gov.in/wp-content/uploads/2026/02/Goods-Articles-Exemption-Order-against-Import-Order.pdf | https://www.bis.gov.in/wp-content/uploads/2026/02/Goods-Articles-Exemption-Order-against-Purchase-Order.pdf | https://www.bis.gov.in/wp-content/uploads/2026/07/Copper-product-quality-control-amendment-order-2026.pdf,2026-09-03
Wrought Copper Tubes for Refrigeration and Air- Conditioning Purpose,Copper Products,Scheme I (ISI Mark),IS 10773:1995,,S.O. 4595(E),,17th October 2023,,,https://bis.gov.in/wp-content/uploads/2023/10/Copper-Products-QCO-2023.pdf | https://bis.gov.in/wp-content/uploads/2024/04/Copper-Products-Quality-Control-2024.pdf | https://bis.gov.in/wp-content/uploads/2025/02/Copper-Product-Quality-Control-Amendment-Order-2025.pdf | https://www.bis.gov.in/wp-content/uploads/2026/02/Goods-Articles-Exemption-Order-against-Import-Order.pdf | https://www.bis.gov.in/wp-content/uploads/2026/02/Goods-Articles-Exemption-Order-against-Purchase-Order.pdf | https://www.bis.gov.in/wp-content/uploads/2026/07/Copper-product-quality-control-amendment-order-2026.pdf,2026-09-03
Copper wires for general engineering purposes,Copper Products,Scheme I (ISI Mark),IS 4412:1981,,S.O. 4595(E),,17th October 2023,,,https://bis.gov.in/wp-content/uploads/2023/10/Copper-Products-QCO-2023.pdf | https://bis.gov.in/wp-content/uploads/2024/04/Copper-Products-Quality-Control-2024.pdf | https://bis.gov.in/wp-content/uploads/2025/02/Copper-Product-Quality-Control-Amendment-Order-2025.pdf | https://www.bis.gov.in/wp-content/uploads/2026/02/Goods-Articles-Exemption-Order-against-Import-Order.pdf | https://www.bis.gov.in/wp-content/uploads/2026/02/Goods-Articles-Exemption-Order-against-Purchase-Order.pdf | https://www.bis.gov.in/wp-content/uploads/2026/07/Copper-product-quality-control-amendment-order-2026.pdf,2026-09-03
"Drums, Large Open Top",Drums and Tins,Scheme I (ISI Mark),IS 13997:2014,,S.O. 4596(E),,17th October 2023,,,https://bis.gov.in/wp-content/uploads/2023/10/Drums-Tins-QCO-2023.pdf,2026-09-03
"Drums Large, Fixed Ends – Grade A",Drums and Tins,Scheme I (ISI Mark),IS 1783 (Part 1) :2014,,S.O. 4596(E),,17th October 2023,,,https://bis.gov.in/wp-content/uploads/2023/10/Drums-Tins-QCO-2023.pdf,2026-09-03
"Drums, Large, Fixed Ends – Grade",Drums and Tins,Scheme I (ISI Mark),IS 1783 (Part 2) :2014,,S.O. 4596(E),,17th October 2023,,,https://bis.gov.in/wp-content/uploads/2023/10/Drums-Tins-QCO-2023.pdf,2026-09-03
Steel Drums (Galvanized and Ungalvanized),Drums and Tins,Scheme I (ISI Mark),IS 2552:1989,,S.O. 4596(E),,17th October 2023,,,https://bis.gov.in/wp-content/uploads/2023/10/Drums-Tins-QCO-2023.pdf,2026-09-03
Bitumen Drums,Drums and Tins,Scheme I (ISI Mark),IS 3575:1993,,S.O. 4596(E),,17th October 2023,,,https://bis.gov.in/wp-content/uploads/2023/10/Drums-Tins-QCO-2023.pdf,2026-09-03
Square Tins for Solid Products,Drums and Tins,Scheme I (ISI Mark),IS 916:2000,,S.O. 4596(E),,17th October 2023,,,https://bis.gov.in/wp-content/uploads/2023/10/Drums-Tins-QCO-2023.pdf,2026-09-03
"Square Tins – 15 Kilograms or litre for Ghee, Vanaspati, Edible Oils and Bakery",Drums and Tins,Scheme I (ISI Mark),IS 10325:2000,,S.O. 4596(E),,17th October 2023,,,https://bis.gov.in/wp-content/uploads/2023/10/Drums-Tins-QCO-2023.pdf,2026-09-03
Door closers (pneumatically regulated) for light doors weighing up to 40 kg,Door Fittings,Scheme I (ISI Mark),IS 6343:1982,,S.O. 4646(E),,23rd  October 2023,,,https://bis.gov.in/wp-content/uploads/2023/10/Door-Fittings-QCO-2023.pdf,2026-09-03
"Door closers, concealed type (hydraulically regulated)",Door Fittings,Scheme I (ISI Mark),IS 14912:2001,,S.O. 4646(E),,23rd  October 2023,,,https://bis.gov.in/wp-content/uploads/2023/10/Door-Fittings-QCO-2023.pdf,2026-09-03
Hydraulically Regulated Door Closers,Door Fittings,Scheme I (ISI Mark),IS 3564:1995,,S.O. 4646(E),,23rd  October 2023,,,https://bis.gov.in/wp-content/uploads/2023/10/Door-Fittings-QCO-2023.pdf,2026-09-03
Floor springs (hydraulically regulated) for heavy doors,Door Fittings,Scheme I (ISI Mark),IS 6315:1992,,S.O. 4646(E),,23rd  October 2023,,,https://bis.gov.in/wp-content/uploads/2023/10/Door-Fittings-QCO-2023.pdf,2026-09-03
Rim Latches,Door Fittings,Scheme I (ISI Mark),IS 1019:1974,,S.O. 4646(E),,23rd  October 2023,,,https://bis.gov.in/wp-content/uploads/2023/10/Door-Fittings-QCO-2023.pdf,2026-09-03
Door Handles,Door Fittings,Scheme I (ISI Mark),IS 208:2020,,S.O. 4646(E),,23rd  October 2023,,,https://bis.gov.in/wp-content/uploads/2023/10/Door-Fittings-QCO-2023.pdf,2026-09-03
Door handles for mortice lock (vertical type),Door Fittings,Scheme I (ISI Mark),IS 4992:1975,,S.O. 4646(E),,23rd  October 2023,,,https://bis.gov.in/wp-content/uploads/2023/10/Door-Fittings-QCO-2023.pdf,2026-09-03
Bottled water dispensers,Bottled Water Dispenser,Scheme I (ISI Mark),IS 17681:2022,,S.O. 4647(E),,23rd  October 2023,,,https://bis.gov.in/wp-content/uploads/2023/10/Bottled-Water-Dispenser-QCO-2023.pdf | https://bis.gov.in/wp-content/uploads/2024/06/Bottled-Water-Dispensers-Quality-ControlOrder2024.pdf | https://www.bis.gov.in/wp-content/uploads/2026/03/Goods-Articles-Exemption-Order-against-Import-Order.pdf | https://www.bis.gov.in/wp-content/uploads/2026/03/Goods-Articles-Exemption-Order-against-Purchase-Order.pdf,2026-09-03
Non-metal helmet for firemen and civil defence personnel,"Helmet for Police Force, Civil Defence and Personal Protection",Scheme I (ISI Mark),IS 2745:1983,,S.O. 4649(E),,23rd  October 2023,,,https://bis.gov.in/wp-content/uploads/2023/10/Helmet-for-Police-Force-Civil-Defence-Personal-Protection-QCO-2023.pdf,2026-09-03
Industrial safety helmets,"Helmet for Police Force, Civil Defence and Personal Protection",Scheme I (ISI Mark),IS 2925:1984,,S.O. 4649(E),,23rd  October 2023,,,https://bis.gov.in/wp-content/uploads/2023/10/Helmet-for-Police-Force-Civil-Defence-Personal-Protection-QCO-2023.pdf,2026-09-03
Non- metal helmet for Police Force,"Helmet for Police Force, Civil Defence and Personal Protection",Scheme I (ISI Mark),IS 9562:1980,,S.O. 4649(E),,23rd  October 2023,,,https://bis.gov.in/wp-content/uploads/2023/10/Helmet-for-Police-Force-Civil-Defence-Personal-Protection-QCO-2023.pdf,2026-09-03
Steel Wire Ropes for General Engineering Purposes,"Steel Wires or Strands, Nylon or Wire Ropes and Wire mesh",Scheme I (ISI Mark),IS 2266 : 2019,,S.O. 5022(E),,21st November 2023,,,https://bis.gov.in/wp-content/uploads/2023/11/Steel-Wires-or-Strands-Nylon-or-Wire-Ropes-QCO-2023.pdf | https://bis.gov.in/wp-content/uploads/2024/07/Steel-Wires-or-Strands-Nylon-or-Wire-Ropes-and-wire-mesh-QCO-2024.pdf,2026-09-03
"Steel Wire Suspension Ropes for Lifts, Elevators and Hoists","Steel Wires or Strands, Nylon or Wire Ropes and Wire mesh",Scheme I (ISI Mark),IS 2365 : 2018,,S.O. 5022(E),,21st November 2023,,,https://bis.gov.in/wp-content/uploads/2023/11/Steel-Wires-or-Strands-Nylon-or-Wire-Ropes-QCO-2023.pdf | https://bis.gov.in/wp-content/uploads/2024/07/Steel-Wires-or-Strands-Nylon-or-Wire-Ropes-and-wire-mesh-QCO-2024.pdf,2026-09-03
Stranded steel wire ropes for winding and man –riding haulages in mines,"Steel Wires or Strands, Nylon or Wire Ropes and Wire mesh",Scheme I (ISI Mark),IS 1855:2022,,S.O. 5022(E),,21st November 2023,,,https://bis.gov.in/wp-content/uploads/2023/11/Steel-Wires-or-Strands-Nylon-or-Wire-Ropes-QCO-2023.pdf | https://bis.gov.in/wp-content/uploads/2024/07/Steel-Wires-or-Strands-Nylon-or-Wire-Ropes-and-wire-mesh-QCO-2024.pdf,2026-09-03
Steel Wire Rope forhaulage,"Steel Wires or Strands, Nylon or Wire Ropes and Wire mesh",Scheme I (ISI Mark),IS 1856:2005,,S.O. 5022(E),,21st November 2023,,,https://bis.gov.in/wp-content/uploads/2023/11/Steel-Wires-or-Strands-Nylon-or-Wire-Ropes-QCO-2023.pdf | https://bis.gov.in/wp-content/uploads/2024/07/Steel-Wires-or-Strands-Nylon-or-Wire-Ropes-and-wire-mesh-QCO-2024.pdf,2026-09-03
Hot Dip Galvanized Stay Strand,"Steel Wires or Strands, Nylon or Wire Ropes and Wire mesh",Scheme I (ISI Mark),IS 2141:20005,,S.O. 5022(E),,21st November 2023,,,https://bis.gov.in/wp-content/uploads/2023/11/Steel-Wires-or-Strands-Nylon-or-Wire-Ropes-QCO-2023.pdf | https://bis.gov.in/wp-content/uploads/2024/07/Steel-Wires-or-Strands-Nylon-or-Wire-Ropes-and-wire-mesh-QCO-2024.pdf,2026-09-03
Wire Ropes Used in Oil Wells and Oil Well Drilling,"Steel Wires or Strands, Nylon or Wire Ropes and Wire mesh",Scheme I (ISI Mark),IS 4521:2001,,S.O. 5022(E),,21st November 2023,,,https://bis.gov.in/wp-content/uploads/2023/11/Steel-Wires-or-Strands-Nylon-or-Wire-Ropes-QCO-2023.pdf | https://bis.gov.in/wp-content/uploads/2024/07/Steel-Wires-or-Strands-Nylon-or-Wire-Ropes-and-wire-mesh-QCO-2024.pdf,2026-09-03
Braided Nylon Ropes for Mountaineering Purposes,"Steel Wires or Strands, Nylon or Wire Ropes and Wire mesh",Scheme I (ISI Mark),IS 6590:1972,,S.O. 5022(E),,21st November 2023,,,https://bis.gov.in/wp-content/uploads/2023/11/Steel-Wires-or-Strands-Nylon-or-Wire-Ropes-QCO-2023.pdf | https://bis.gov.in/wp-content/uploads/2024/07/Steel-Wires-or-Strands-Nylon-or-Wire-Ropes-and-wire-mesh-QCO-2024.pdf,2026-09-03
Galvanized Steel Barbed Wire for Fencing,"Steel Wires or Strands, Nylon or Wire Ropes and Wire mesh",Scheme I (ISI Mark),IS 278:2009,,S.O. 5022(E),,21st November 2023,,,https://bis.gov.in/wp-content/uploads/2023/11/Steel-Wires-or-Strands-Nylon-or-Wire-Ropes-QCO-2023.pdf | https://bis.gov.in/wp-content/uploads/2024/07/Steel-Wires-or-Strands-Nylon-or-Wire-Ropes-and-wire-mesh-QCO-2024.pdf,2026-09-03
"Mechanically Woven, Double- Twisted, Hexagonal Wire Mesh Gabions, Revet Mattresses and Rock Fall Netting and Other Rock Fall Netting and Other Products for Civil Engineering Purposes (Galvanized Steel Wire or Galvanized Steel Wire with polymer coating)","Steel Wires or Strands, Nylon or Wire Ropes and Wire mesh",Scheme I (ISI Mark),IS 16014:2018,,S.O. 5022(E),,21st November 2023,,,https://bis.gov.in/wp-content/uploads/2023/11/Steel-Wires-or-Strands-Nylon-or-Wire-Ropes-QCO-2023.pdf | https://bis.gov.in/wp-content/uploads/2024/07/Steel-Wires-or-Strands-Nylon-or-Wire-Ropes-and-wire-mesh-QCO-2024.pdf,2026-09-03
Legal Metrology – Material Measure of length – Woven metallic and glass fibre tape measures,Material Measure of length,Scheme I (ISI Mark),IS 1269(Part 1) : 1997,,S.O. 5029(E),,21st November 2023,,,https://bis.gov.in/wp-content/uploads/2023/11/Legal-Metrology-Material-Measures-of-Length-QCO-2023.pdf,2026-09-03
Legal Metrology – Material Measure of length – Steel tape measures,Material Measure of length,Scheme I (ISI Mark),IS 1269(Part 2) : 1997,,S.O. 5029(E),,21st November 2023,,,https://bis.gov.in/wp-content/uploads/2023/11/Legal-Metrology-Material-Measures-of-Length-QCO-2023.pdf,2026-09-03
Textiles—High Density Polyethylene (HDPE) /Polypropylene (PP) Woven Sacks for Packaging Fertilizers,Polyethylene Woven Sacks,Scheme I (ISI Mark),IS 9755 : 2021,,S.O. 5177(E),,06th December 2023,,,https://bis.gov.in/wp-content/uploads/2023/12/Polyethylene-woven-Sacks-QCO.pdf | https://bis.gov.in/wp-content/uploads/2024/06/Textiles%E2%80%94High-Density-Polyethylene-HDPEPolypropylenePP-Woven-sacks-Amendment-Order2024.pdf,2026-09-03
Textiles — High Density Polyethylene (HDPE)/ Polypropylene (PP) Woven Sacks for Packaging of 50 kg Cement,Polyethylene Woven Sacks,Scheme I (ISI Mark),IS 11652 : 2017,,S.O. 5178(E),,06th December 2023,,,https://bis.gov.in/wp-content/uploads/2023/12/Polyethylene-woven-Sacks-QCO.pdf | https://bis.gov.in/wp-content/uploads/2024/06/Textiles%E2%80%94High-Density-Polyethylene-HDPEPolypropylenePP-Woven-sacks-Amendment-Order2024.pdf | https://bis.gov.in/wp-content/uploads/2024/09/Textiles-Woven-sacks-QCO.pdf | https://bis.gov.in/wp-content/uploads/2024/12/3-different-types-of-Woven-sacks-QCO-2024.pdf | https://bis.gov.in/wp-content/uploads/2025/06/Textiles-%E2%80%94-Polypropylene-PPHigh-Density-Polyethylene-HDPE-Laminated-Woven-Sacks-for-Mail-Sorting-Storage-Transport-and-Distribution-Quality-Control-Amendment-Order-2025.pdf | https://www.bis.gov.in/wp-content/uploads/2025/09/Textiles-%E2%80%94Polypropylene-Pp-Woven-Laminated-Block-Bottom-Valve-Sacks-For-Packaging-50-Kg-Cement-Quality-Control-Amendment-Order-2025.pdf | https://www.bis.gov.in/wp-content/uploads/2026/01/Textiles-High-Density-Polyethylene-HDPE-Polypropylene-PP-Woven-Sacks-for-Packaging-of-50-kg-Cement-Quality-Control-Amendment-Order-2026.pdf,2026-09-03
"Textiles — Polypropylene (PP) Woven, Laminated, Block Bottom Valve Sacks for Packaging of 50 kg Cement",Polyethylene Woven Sacks,Scheme I (ISI Mark),IS 16709 : 2017,,S.O. 5179(E),,06th December 2023,,,https://bis.gov.in/wp-content/uploads/2023/12/Polyethylene-woven-Sacks-QCO.pdf | https://bis.gov.in/wp-content/uploads/2024/06/Textiles%E2%80%94High-Density-Polyethylene-HDPEPolypropylenePP-Woven-sacks-Amendment-Order2024.pdf | https://bis.gov.in/wp-content/uploads/2024/09/Textiles-Woven-sacks-QCO.pdf | https://bis.gov.in/wp-content/uploads/2024/12/3-different-types-of-Woven-sacks-QCO-2024.pdf | https://bis.gov.in/wp-content/uploads/2025/06/Textiles-%E2%80%94-High-Density-Polyethylene-HDPE-Polypropylene-PP-Woven-Sacks-for-Packaging-of-50-kg-Cement-Quality-Control-Order-2025.pdf | https://www.bis.gov.in/wp-content/uploads/2025/09/Textiles-High-Density-Polyethylene-Hdpe-Polypropylene-Pp-Woven-Sacks-For-Packaging-Of-50-Kg-Cement-Quality-Control-Amendment-Order-2025.pdf | https://www.bis.gov.in/wp-content/uploads/2026/01/Textiles-Polypropylene-PP-Woven-Laminated-Block-Bottom-Valve-Sacks-for-Packaging-50-kg-Cement-Quality-Control-Amendment-Order-2026.pdf,2026-09-03
Textiles — High Density Polyethylene (HDPE) Polypropylene (PP) Woven Sacks for Packaging of 25 kg Polymer Materials,Polyethylene Woven Sacks,Scheme I (ISI Mark),IS 16703 : 2017,,S.O. 5180(E),,06th December 2023,,,https://bis.gov.in/wp-content/uploads/2023/12/Polyethylene-woven-Sacks-QCO.pdf,2026-09-03
"Textiles — Polypropylene (PP)/ High Density Polyethylene (HDPE) Laminated Woven Sacks for Mail Sorting, Storage, Transport and Distribution",Polyethylene Woven Sacks,Scheme I (ISI Mark),IS 17399 : 2020,,S.O. 5181(E),,06th December 2023,,,https://bis.gov.in/wp-content/uploads/2023/12/Polyethylene-woven-Sacks-QCO.pdf | https://bis.gov.in/wp-content/uploads/2024/06/Textiles%E2%80%94High-Density-Polyethylene-HDPEPolypropylenePP-Woven-sacks-Amendment-Order2024.pdf | https://bis.gov.in/wp-content/uploads/2024/09/Textiles-Woven-sacks-QCO.pdf | https://bis.gov.in/wp-content/uploads/2024/12/3-different-types-of-Woven-sacks-QCO-2024.pdf | https://bis.gov.in/wp-content/uploads/2025/06/Textiles-%E2%80%94-Polypropylene-PP-Woven-Laminated-Block-Bottom-Valve-Sacks-for-Packaging-of-50-kg-Cement-Quality-Control-Order-2025.pdf | https://www.bis.gov.in/wp-content/uploads/2025/09/Textiles-Polypropylene-Pp-High-Density-Polyethylene-Hdpe-Laminated-Woven-Sacks-For-Mail-Sorting-Storage-Transport-And-Distribution-Quality-Control.pdf | https://www.bis.gov.in/wp-content/uploads/2026/01/Textiles-Polypropylene-PP-High-Density-Polyethylene-HDPE-Laminated-Woven-Sacks-for-Mail-Sorting-Storage-Transport-and-Distribution-Quality-Control-Amendment-Order-2026.pdf,2026-09-03
Safes,"Safes, Safe Deposit Locker Cabinets and key locks",Scheme I (ISI Mark),IS 550 (Part 1) : 2014,,S.O. 5293(E),,08th December 2023,,,https://bis.gov.in/wp-content/uploads/2023/12/Safes-Safe-Deposit-locker-cabinets-and-key-locks-QCO.pdf,2026-09-03
Safe deposit locker cabinets,"Safes, Safe Deposit Locker Cabinets and key locks",Scheme I (ISI Mark),IS 5244 : 2020,,S.O. 5293(E),,08th December 2023,,,https://bis.gov.in/wp-content/uploads/2023/12/Safes-Safe-Deposit-locker-cabinets-and-key-locks-QCO.pdf,2026-09-03
Key locks for security equipment,"Safes, Safe Deposit Locker Cabinets and key locks",Scheme I (ISI Mark),IS 17566 : 2021,,S.O. 5293(E),,08th December 2023,,,https://bis.gov.in/wp-content/uploads/2023/12/Safes-Safe-Deposit-locker-cabinets-and-key-locks-QCO.pdf,2026-09-03
Stainless steel butt hinges,Hinges,Scheme I (ISI Mark),IS 12817:2020,,S.O. 5294(E),,08th December 2023,,,https://bis.gov.in/wp-content/uploads/2023/12/Hinges-QCO.pdf | https://bis.gov.in/wp-content/uploads/2024/07/Hinges-QCO.pdf-26-July.pdf | https://bis.gov.in/wp-content/uploads/2025/03/Hinges-Quality-Control-Order-2025.pdf | https://www.bis.gov.in/wp-content/uploads/2026/02/Goods-Articles-Exemption-Order-against-Import-Order.pdf | https://www.bis.gov.in/wp-content/uploads/2026/02/Goods-Articles-Exemption-Order-against-Purchase-Order.pdf | https://www.bis.gov.in/wp-content/uploads/2026/06/Notification-of-Transition-Facilitation-Quality-Control-Order-2026.pdf,2026-09-03
Steel Butt Hinges,Hinges,Scheme I (ISI Mark),IS 1341:2018,,S.O. 5294(E),,08th December 2023,,,https://bis.gov.in/wp-content/uploads/2023/12/Hinges-QCO.pdf | https://bis.gov.in/wp-content/uploads/2024/07/Hinges-QCO.pdf-26-July.pdf | https://bis.gov.in/wp-content/uploads/2025/03/Hinges-Quality-Control-Order-2025.pdf | https://www.bis.gov.in/wp-content/uploads/2026/02/Goods-Articles-Exemption-Order-against-Import-Order.pdf | https://www.bis.gov.in/wp-content/uploads/2026/02/Goods-Articles-Exemption-Order-against-Purchase-Order.pdf | https://www.bis.gov.in/wp-content/uploads/2026/06/Notification-of-Transition-Facilitation-Quality-Control-Order-2026.pdf,2026-09-03
Non-ferrous metal butt hinges,Hinges,Scheme I (ISI Mark),IS 205:1992,,S.O. 5294(E),,08th December 2023,,,https://bis.gov.in/wp-content/uploads/2023/12/Hinges-QCO.pdf | https://bis.gov.in/wp-content/uploads/2024/07/Hinges-QCO.pdf-26-July.pdf | https://bis.gov.in/wp-content/uploads/2025/03/Hinges-Quality-Control-Order-2025.pdf | https://www.bis.gov.in/wp-content/uploads/2026/02/Goods-Articles-Exemption-Order-against-Import-Order.pdf | https://www.bis.gov.in/wp-content/uploads/2026/02/Goods-Articles-Exemption-Order-against-Purchase-Order.pdf | https://www.bis.gov.in/wp-content/uploads/2026/06/Notification-of-Transition-Facilitation-Quality-Control-Order-2026.pdf,2026-09-03
Tee and strap hinges,Hinges,Scheme I (ISI Mark),IS 206:2010,,S.O. 5294(E),,08th December 2023,,,https://bis.gov.in/wp-content/uploads/2023/12/Hinges-QCO.pdf | https://bis.gov.in/wp-content/uploads/2024/07/Hinges-QCO.pdf-26-July.pdf | https://bis.gov.in/wp-content/uploads/2025/03/Hinges-Quality-Control-Order-2025.pdf | https://www.bis.gov.in/wp-content/uploads/2026/02/Goods-Articles-Exemption-Order-against-Import-Order.pdf | https://www.bis.gov.in/wp-content/uploads/2026/02/Goods-Articles-Exemption-Order-against-Purchase-Order.pdf | https://www.bis.gov.in/wp-content/uploads/2026/06/Notification-of-Transition-Facilitation-Quality-Control-Order-2026.pdf,2026-09-03
Parliament hinges,Hinges,Scheme I (ISI Mark),IS 362:1991,,S.O. 5294(E),,08th December 2023,,,https://bis.gov.in/wp-content/uploads/2023/12/Hinges-QCO.pdf | https://bis.gov.in/wp-content/uploads/2024/07/Hinges-QCO.pdf-26-July.pdf | https://bis.gov.in/wp-content/uploads/2025/03/Hinges-Quality-Control-Order-2025.pdf | https://www.bis.gov.in/wp-content/uploads/2026/02/Goods-Articles-Exemption-Order-against-Import-Order.pdf | https://www.bis.gov.in/wp-content/uploads/2026/02/Goods-Articles-Exemption-Order-against-Purchase-Order.pdf | https://www.bis.gov.in/wp-content/uploads/2026/06/Notification-of-Transition-Facilitation-Quality-Control-Order-2026.pdf,2026-09-03
Continuous (Piano) hinges,Hinges,Scheme I (ISI Mark),IS 3818:1992,,S.O. 5294(E),,08th December 2023,,,https://bis.gov.in/wp-content/uploads/2023/12/Hinges-QCO.pdf | https://bis.gov.in/wp-content/uploads/2024/07/Hinges-QCO.pdf-26-July.pdf | https://bis.gov.in/wp-content/uploads/2025/03/Hinges-Quality-Control-Order-2025.pdf | https://www.bis.gov.in/wp-content/uploads/2026/02/Goods-Articles-Exemption-Order-against-Import-Order.pdf | https://www.bis.gov.in/wp-content/uploads/2026/02/Goods-Articles-Exemption-Order-against-Purchase-Order.pdf | https://www.bis.gov.in/wp-content/uploads/2026/06/Notification-of-Transition-Facilitation-Quality-Control-Order-2026.pdf,2026-09-03
Steel back flap hinges,Hinges,Scheme I (ISI Mark),IS 3843:1995,,S.O. 5294(E),,08th December 2023,,,https://bis.gov.in/wp-content/uploads/2023/12/Hinges-QCO.pdf | https://bis.gov.in/wp-content/uploads/2024/07/Hinges-QCO.pdf-26-July.pdf | https://bis.gov.in/wp-content/uploads/2025/03/Hinges-Quality-Control-Order-2025.pdf | https://www.bis.gov.in/wp-content/uploads/2026/02/Goods-Articles-Exemption-Order-against-Import-Order.pdf | https://www.bis.gov.in/wp-content/uploads/2026/02/Goods-Articles-Exemption-Order-against-Purchase-Order.pdf | https://www.bis.gov.in/wp-content/uploads/2026/06/Notification-of-Transition-Facilitation-Quality-Control-Order-2026.pdf,2026-09-03
Double-acting spring hinges,Hinges,Scheme I (ISI Mark),IS 453:1993,,S.O. 5294(E),,08th December 2023,,,https://bis.gov.in/wp-content/uploads/2023/12/Hinges-QCO.pdf | https://bis.gov.in/wp-content/uploads/2024/07/Hinges-QCO.pdf-26-July.pdf | https://bis.gov.in/wp-content/uploads/2025/03/Hinges-Quality-Control-Order-2025.pdf | https://www.bis.gov.in/wp-content/uploads/2026/02/Goods-Articles-Exemption-Order-against-Import-Order.pdf | https://www.bis.gov.in/wp-content/uploads/2026/02/Goods-Articles-Exemption-Order-against-Purchase-Order.pdf | https://www.bis.gov.in/wp-content/uploads/2026/06/Notification-of-Transition-Facilitation-Quality-Control-Order-2026.pdf,2026-09-03
Cabinet hinges,Hinges,Scheme I (ISI Mark),IS 18297:2023,,S.O. 5294(E),,08th December 2023,,,https://bis.gov.in/wp-content/uploads/2023/12/Hinges-QCO.pdf | https://bis.gov.in/wp-content/uploads/2024/07/Hinges-QCO.pdf-26-July.pdf | https://bis.gov.in/wp-content/uploads/2025/03/Hinges-Quality-Control-Order-2025.pdf | https://www.bis.gov.in/wp-content/uploads/2026/02/Goods-Articles-Exemption-Order-against-Import-Order.pdf | https://www.bis.gov.in/wp-content/uploads/2026/02/Goods-Articles-Exemption-Order-against-Purchase-Order.pdf | https://www.bis.gov.in/wp-content/uploads/2026/06/Notification-of-Transition-Facilitation-Quality-Control-Order-2026.pdf,2026-09-03
Cycle and Rickshaw Pneumatic Tyres,Cycle and Rickshaw Tyres and Tubes,Scheme I (ISI Mark),IS 2414:2005,,S.O. 5323(E),,11th December 2023,,,https://bis.gov.in/wp-content/uploads/2023/12/Cycle-and-Rickshaw-tyres-and-Tubes.pdf,2026-09-03
Cycle – Rubber Tubes (Moulded or Jointed),Cycle and Rickshaw Tyres and Tubes,Scheme I (ISI Mark),IS 2415 :2015,,S.O. 5323(E),,11th December 2023,,,https://bis.gov.in/wp-content/uploads/2023/12/Cycle-and-Rickshaw-tyres-and-Tubes.pdf,2026-09-03
Rubber Gaskets for Pressure Cookers,Rubber Gaskets for Pressure Cookers,Scheme I (ISI Mark),IS 7466 :1994,,S.O. 5371(E),,14th December 2023,,,https://bis.gov.in/wp-content/uploads/2023/12/Rubber-Gaskets-for-Pressure-Cookers.pdf,2026-09-03
Laboratory glassware – Graduated measuring cylinders,Laboratory Glassware,Scheme I (ISI Mark),IS 878 :2008,,S.O. 44(E),,1st January 2024,,,https://bis.gov.in/wp-content/uploads/2024/01/Laboratory-Glassware.pdf | https://bis.gov.in/wp-content/uploads/2024/12/Laboratory-Glassware-Quality-Control-Amendment-Order-2024.pdf | https://www.bis.gov.in/wp-content/uploads/2026/03/Goods-Articles-Exemption-Order-against-Import-Order.pdf | https://www.bis.gov.in/wp-content/uploads/2026/03/Goods-Articles-Exemption-Order-against-Purchase-Order.pdf | https://www.bis.gov.in/wp-content/uploads/2026/02/Amendments-in-Quality-Control-Order.pdf,2026-09-03
Laboratory glassware – One – Mark volumetric flasks,Laboratory Glassware,Scheme I (ISI Mark),IS 915:2012,,S.O. 44(E),,1st January 2024,,,https://bis.gov.in/wp-content/uploads/2024/01/Laboratory-Glassware.pdf | https://bis.gov.in/wp-content/uploads/2024/12/Laboratory-Glassware-Quality-Control-Amendment-Order-2024.pdf | https://www.bis.gov.in/wp-content/uploads/2026/03/Goods-Articles-Exemption-Order-against-Import-Order.pdf | https://www.bis.gov.in/wp-content/uploads/2026/03/Goods-Articles-Exemption-Order-against-Purchase-Order.pdf | https://www.bis.gov.in/wp-content/uploads/2026/02/Amendments-in-Quality-Control-Order.pdf,2026-09-03
Laboratory glassware – Narrow-necked boiling flasks,Laboratory Glassware,Scheme I (ISI Mark),IS 1381 (Part 1):2003,,S.O. 44(E),,1st January 2024,,,https://bis.gov.in/wp-content/uploads/2024/01/Laboratory-Glassware.pdf | https://bis.gov.in/wp-content/uploads/2024/12/Laboratory-Glassware-Quality-Control-Amendment-Order-2024.pdf | https://www.bis.gov.in/wp-content/uploads/2026/03/Goods-Articles-Exemption-Order-against-Import-Order.pdf | https://www.bis.gov.in/wp-content/uploads/2026/03/Goods-Articles-Exemption-Order-against-Purchase-Order.pdf | https://www.bis.gov.in/wp-content/uploads/2026/02/Amendments-in-Quality-Control-Order.pdf,2026-09-03
Laboratory glassware – Single volume pipettes,Laboratory Glassware,Scheme I (ISI Mark),IS 1117:2018,,S.O. 44(E),,1st January 2024,,,https://bis.gov.in/wp-content/uploads/2024/01/Laboratory-Glassware.pdf | https://bis.gov.in/wp-content/uploads/2024/12/Laboratory-Glassware-Quality-Control-Amendment-Order-2024.pdf | https://www.bis.gov.in/wp-content/uploads/2026/03/Goods-Articles-Exemption-Order-against-Import-Order.pdf | https://www.bis.gov.in/wp-content/uploads/2026/03/Goods-Articles-Exemption-Order-against-Purchase-Order.pdf | https://www.bis.gov.in/wp-content/uploads/2026/02/Amendments-in-Quality-Control-Order.pdf,2026-09-03
Glass beakers,Laboratory Glassware,Scheme I (ISI Mark),IS 2619:2018,,S.O. 44(E),,1st January 2024,,,https://bis.gov.in/wp-content/uploads/2024/01/Laboratory-Glassware.pdf | https://bis.gov.in/wp-content/uploads/2024/12/Laboratory-Glassware-Quality-Control-Amendment-Order-2024.pdf | https://www.bis.gov.in/wp-content/uploads/2026/03/Goods-Articles-Exemption-Order-against-Import-Order.pdf | https://www.bis.gov.in/wp-content/uploads/2026/03/Goods-Articles-Exemption-Order-against-Purchase-Order.pdf | https://www.bis.gov.in/wp-content/uploads/2026/02/Amendments-in-Quality-Control-Order.pdf,2026-09-03
Boxes and Enclosures for Electrical Accessories for Household and Similar Fixed Electrical Installations,Electrical Accessories,Scheme I (ISI Mark),IS 14772: 2020,,S.O. 43(E),,1st January 2024,,,https://bis.gov.in/wp-content/uploads/2024/01/Electrical-Accessories1.pdf | https://www.bis.gov.in/wp-content/uploads/2026/01/Electrical-Accessories-Quality-Control-Amendment-order-2026.pdf | https://www.bis.gov.in/wp-content/uploads/2026/03/Goods-Articles-Exemption-Order-against-Import-Order.pdf | https://www.bis.gov.in/wp-content/uploads/2026/03/Goods-Articles-Exemption-Order-against-Purchase-Order.pdf,2026-09-03
Cable Trunking and Ducting Systems for Electrical Installations – Cable Trunking and Ducting Systems Intended for Mounting on Walls or Ceiling,Electrical Accessories,Scheme I (ISI Mark),IS 14927 (Part 2): 2001,,S.O. 43(E),,1st January 2024,,,https://bis.gov.in/wp-content/uploads/2024/01/Electrical-Accessories1.pdf | https://www.bis.gov.in/wp-content/uploads/2026/01/Electrical-Accessories-Quality-Control-Amendment-order-2026.pdf | https://www.bis.gov.in/wp-content/uploads/2026/03/Goods-Articles-Exemption-Order-against-Import-Order.pdf | https://www.bis.gov.in/wp-content/uploads/2026/03/Goods-Articles-Exemption-Order-against-Purchase-Order.pdf,2026-09-03
Bayonet Lamp Holders,Electrical Accessories,Scheme I (ISI Mark),IS 1258: 2005,,S.O. 43(E),,1st January 2024,,,https://bis.gov.in/wp-content/uploads/2024/01/Electrical-Accessories1.pdf | https://www.bis.gov.in/wp-content/uploads/2026/01/Electrical-Accessories-Quality-Control-Amendment-order-2026.pdf | https://www.bis.gov.in/wp-content/uploads/2026/03/Goods-Articles-Exemption-Order-against-Import-Order.pdf | https://www.bis.gov.in/wp-content/uploads/2026/03/Goods-Articles-Exemption-Order-against-Purchase-Order.pdf,2026-09-03
Switch-socket-outlets (non-interlock type),Electrical Accessories,Scheme I (ISI Mark),IS 15787: 2008,,S.O. 43(E),,1st January 2024,,,https://bis.gov.in/wp-content/uploads/2024/01/Electrical-Accessories1.pdf | https://www.bis.gov.in/wp-content/uploads/2026/01/Electrical-Accessories-Quality-Control-Amendment-order-2026.pdf | https://www.bis.gov.in/wp-content/uploads/2026/03/Goods-Articles-Exemption-Order-against-Import-Order.pdf | https://www.bis.gov.in/wp-content/uploads/2026/03/Goods-Articles-Exemption-Order-against-Purchase-Order.pdf,2026-09-03
Live Working Gloves of Insulating Material,Electrical Accessories,Scheme I (ISI Mark),IS 13774:2021,,S.O. 43(E),,1st January 2024,,,https://bis.gov.in/wp-content/uploads/2024/01/Electrical-Accessories1.pdf | https://www.bis.gov.in/wp-content/uploads/2026/01/Electrical-Accessories-Quality-Control-Amendment-order-2026.pdf | https://www.bis.gov.in/wp-content/uploads/2026/03/Goods-Articles-Exemption-Order-against-Import-Order.pdf | https://www.bis.gov.in/wp-content/uploads/2026/03/Goods-Articles-Exemption-Order-against-Purchase-Order.pdf,2026-09-03
Insulating Mats for Electrical Purposes,Electrical Accessories,Scheme I (ISI Mark),IS 15652:2006,,S.O. 43(E),,1st January 2024,,,https://bis.gov.in/wp-content/uploads/2024/01/Electrical-Accessories1.pdf | https://www.bis.gov.in/wp-content/uploads/2026/01/Electrical-Accessories-Quality-Control-Amendment-order-2026.pdf | https://www.bis.gov.in/wp-content/uploads/2026/03/Goods-Articles-Exemption-Order-against-Import-Order.pdf | https://www.bis.gov.in/wp-content/uploads/2026/03/Goods-Articles-Exemption-Order-against-Purchase-Order.pdf,2026-09-03
,Electrical Accessories,Scheme I (ISI Mark),IS 7809 (Part3/ Sec1): 1986,,S.O. 43(E),,1st January 2024,,,https://bis.gov.in/wp-content/uploads/2024/01/Electrical-Accessories1.pdf | https://www.bis.gov.in/wp-content/uploads/2026/01/Electrical-Accessories-Quality-Control-Amendment-order-2026.pdf | https://www.bis.gov.in/wp-content/uploads/2026/03/Goods-Articles-Exemption-Order-against-Import-Order.pdf | https://www.bis.gov.in/wp-content/uploads/2026/03/Goods-Articles-Exemption-Order-against-Purchase-Order.pdf,2026-09-03
Poly- Laminated aluminium cable wrap,Electrical Accessories,Scheme I (ISI Mark),IS 16012: 2012,,S.O. 43(E),,1st January 2024,,,https://bis.gov.in/wp-content/uploads/2024/01/Electrical-Accessories1.pdf | https://www.bis.gov.in/wp-content/uploads/2026/01/Electrical-Accessories-Quality-Control-Amendment-order-2026.pdf | https://www.bis.gov.in/wp-content/uploads/2026/03/Goods-Articles-Exemption-Order-against-Import-Order.pdf | https://www.bis.gov.in/wp-content/uploads/2026/03/Goods-Articles-Exemption-Order-against-Purchase-Order.pdf,2026-09-03
Poly Vinyl Chloride (PVC) Homopolymers,Poly Vinyl Chloride (PVC) Homopolymers,Scheme I (ISI Mark),IS 17658:2021,,S.O. 920(E),,26th  February 2024,,,https://bis.gov.in/wp-content/uploads/2024/03/PVC-Homopolymers-PP-Materials-for-Moulding-and-Extrusion-and-Diesel-Engine-NOx-Reduction-agent-AUS-32-QCO.pdf | https://bis.gov.in/wp-content/uploads/2024/08/Poly-Vinyl-Chloride-PVC-Homopolymers-Quality-Control-Amendment-Order-2024.pdf | https://bis.gov.in/wp-content/uploads/2024/12/Poly-Vinyl-Chloride-PVC-Homopolymers-QCO-2024.pdf | https://bis.gov.in/wp-content/uploads/2025/06/Poly-Vinyl-Chloride-PVC-Homopolymers-Quality-Control-Amendment-Order-2025.pdf | https://www.bis.gov.in/wp-content/uploads/2025/11/Polyvinyl-Chloride-PVC-Homopolymers-Rescind-Order-2025.pdf,2026-09-03
Polypropylene (PP) Materials for Moulding and Extrusion,Polypropylene (PP) Materials for Moulding and Extrusion,Scheme I (ISI Mark),IS 10951: 2020,,S.O. 921(E),,26th  February 2024,,,https://bis.gov.in/wp-content/uploads/2024/03/PVC-Homopolymers-PP-Materials-for-Moulding-and-Extrusion-and-Diesel-Engine-NOx-Reduction-agent-AUS-32-QCO.pdf | https://bis.gov.in/wp-content/uploads/2024/08/Polypropylene-PP-Materials-for-moulding-and-extrusion-Quality-Control-Amendment-Order-2024.pdf | https://bis.gov.in/wp-content/uploads/2024/12/Polypropylene-PP-Materials-for-Moulding-and-Extrusion-QCO-2024.pdf | https://bis.gov.in/wp-content/uploads/2025/06/Polypropylene-PP-Materials-for-Moulding-and-Extrusion-Quality-Control-Amendment-Order-2025.pdf | https://www.bis.gov.in/wp-content/uploads/2025/10/Polypropylene-PP-Materials-for-Moulding-and-Extrusion-Quality-Control-Second-Amendment-Order-2025.pdf | https://www.bis.gov.in/wp-content/uploads/2025/11/Polypropylene-PP-Materials-for-Moulding-and-Extrusion-Rescind-Order-2025.pdf,2026-09-03
Diesel Engines – NOx Reduction Agent AUS 32,Diesel Engines – NOx Reduction Agent AUS 32,Scheme I (ISI Mark),IS 17042 (Part-1): 2018,,S.O. 922(E),,26th  February 2024,,,https://bis.gov.in/wp-content/uploads/2024/03/PVC-Homopolymers-PP-Materials-for-Moulding-and-Extrusion-and-Diesel-Engine-NOx-Reduction-agent-AUS-32-QCO.pdf,2026-09-03
Evaporative Air Coolers (Desert Coolers),Air Cooler and Air Filters,Scheme I (ISI Mark),IS 3315:2019,,S.O. 1114(E),,05th  March 2024,,,https://bis.gov.in/wp-content/uploads/2024/03/Air-Cooler-and-Air-Filters-Quality-Control-2023.pdf | https://bis.gov.in/wp-content/uploads/2025/01/Air-Cooler-and-Air-Filters-Quality-Control-2025.pdf | https://www.bis.gov.in/wp-content/uploads/2026/02/Amendments-in-Quality-Control-Order.pdf | https://www.bis.gov.in/wp-content/uploads/2026/02/Goods-Articles-Exemption-Order-against-Import-Order.pdf | https://www.bis.gov.in/wp-content/uploads/2026/02/Goods-Articles-Exemption-Order-against-Purchase-Order.pdf | https://www.bis.gov.in/wp-content/uploads/2026/03/Amendments-in-Quality-Control-Order-2.pdf,2026-09-03
Air Filters for general ventilation – Technical specifications requirements and classification system based upon particulate matter efficiency (ePM),Air Cooler and Air Filters,Scheme I (ISI Mark),IS 17570 (Part 1): 2021 ISO 16890-2: 2016,,S.O. 1114(E),,05th  March 2024,,,https://bis.gov.in/wp-content/uploads/2024/03/Air-Cooler-and-Air-Filters-Quality-Control-2023.pdf | https://bis.gov.in/wp-content/uploads/2025/01/Air-Cooler-and-Air-Filters-Quality-Control-2025.pdf | https://www.bis.gov.in/wp-content/uploads/2026/02/Amendments-in-Quality-Control-Order.pdf | https://www.bis.gov.in/wp-content/uploads/2026/02/Goods-Articles-Exemption-Order-against-Import-Order.pdf | https://www.bis.gov.in/wp-content/uploads/2026/02/Goods-Articles-Exemption-Order-against-Purchase-Order.pdf | https://www.bis.gov.in/wp-content/uploads/2026/03/Amendments-in-Quality-Control-Order-2.pdf,2026-09-03
"Safety of household and similar electrical appliances – particular requirements – toasters, grills, roasters and similar appliances",Electrical Appliances,Scheme I (ISI Mark),IS 302 (Part 2/Sec 9): 2009,,S.O. 1128(E),,05th  March 2024,,,https://bis.gov.in/wp-content/uploads/2024/03/Electrical-Appliances-for-Kitchen-QCO-2023.pdf | https://www.bis.gov.in/wp-content/uploads/2026/03/Goods-Articles-Exemption-Order-against-Import-Order.pdf | https://www.bis.gov.in/wp-content/uploads/2026/03/Goods-Articles-Exemption-Order-against-Purchase-Order.pdf,2026-09-03
Safety of household and similar electrical appliances – particular requirements – range hoods,Electrical Appliances,Scheme I (ISI Mark),IS 302 (Part 2/Sec 31): 2009,,S.O. 1128(E),,05th  March 2024,,,https://bis.gov.in/wp-content/uploads/2024/03/Electrical-Appliances-for-Kitchen-QCO-2023.pdf | https://www.bis.gov.in/wp-content/uploads/2026/03/Goods-Articles-Exemption-Order-against-Import-Order.pdf | https://www.bis.gov.in/wp-content/uploads/2026/03/Goods-Articles-Exemption-Order-against-Purchase-Order.pdf,2026-09-03
Safety of household and similar electrical appliances – particular requirements – appliances for skin or hair care,Electrical Appliances,Scheme I (ISI Mark),IS 302 (Part 2/Sec 23): 2009,,S.O. 1125(E),,05th  March 2024,,,https://bis.gov.in/wp-content/uploads/2024/03/Electrical-Appliances-for-Skin-or-Hair-care-QCO-2023.pdf | https://www.bis.gov.in/wp-content/uploads/2026/02/Goods-Articles-Exemption-Order-against-Import-Order.pdf | https://www.bis.gov.in/wp-content/uploads/2026/02/Goods-Articles-Exemption-Order-against-Purchase-Order.pdf,2026-09-03
Household and similar electrical appliances – Safety – particular requirements for fans,Electrical Appliances,Scheme I (ISI Mark),IS 302 (Part 2/ Sec 80): 2017,,S.O. 1124(E),,05th  March 2024,,,https://bis.gov.in/wp-content/uploads/2024/03/Electrical-appliance-fans-QCO-2023.pdf | https://www.bis.gov.in/wp-content/uploads/2026/03/Goods-Articles-Exemption-Order-against-Import-Order.pdf | https://www.bis.gov.in/wp-content/uploads/2026/03/Goods-Articles-Exemption-Order-against-Purchase-Order.pdf,2026-09-03
Safety of Household and Similar Electrical Appliances – Particular Requirements – Commercial Dispensing Appliances and Vending Machines,Electrical Appliances,Scheme I (ISI Mark),IS 302 (Part 2/Sec 75): 2018,,S.O. 1127(E),,05th  March 2024,,,https://bis.gov.in/wp-content/uploads/2024/03/Electrical-appliance-for-commercial-dispensing-and-vending-QCO-2023.pdf | https://bis.gov.in/wp-content/uploads/2024/10/Electrical-Appliances-for-Commercial-Dispensing-and-Vending-QCO-2024.pdf | https://bis.gov.in/wp-content/uploads/2025/05/Electrical-Appliances-for-Commercial-Dispensing-and-Vending-QCO-2025.pdf | https://www.bis.gov.in/wp-content/uploads/2026/02/Goods-Articles-Exemption-Order-against-Import-Order.pdf | https://www.bis.gov.in/wp-content/uploads/2026/02/Goods-Articles-Exemption-Order-against-Purchase-Order.pdf,2026-09-03
Safety of household and similar electrical appliances – particular requirements – domestic electric clothes washing machines,Electrical Appliances,Scheme I (ISI Mark),IS 302 (Part 2/Sec 7): 2010,,S.O. 1126(E),,05th  March 2024,,,https://bis.gov.in/wp-content/uploads/2024/03/Electrical-appliance-for-domestic-clothes-washing-QCO-2023.pdf | https://bis.gov.in/wp-content/uploads/2024/11/Electrical-appliance-for-domestic-clothes-washing-QCO-2024.pdf | https://www.bis.gov.in/wp-content/uploads/2026/02/Goods-Articles-Exemption-Order-against-Import-Order.pdf | https://www.bis.gov.in/wp-content/uploads/2026/02/Goods-Articles-Exemption-Order-against-Purchase-Order.pdf | https://www.bis.gov.in/wp-content/uploads/2026/06/Notification-of-Transition-Facilitation-Quality-Control-Order-2026.pdf,2026-09-03
Corrugated and Semi – Corrugated Asbestos Cement Sheets,Asbestos or Fibre Cement based Products,Scheme I (ISI Mark),IS 459:1992,,S.O. 1152(E),,06th  March 2024,,,https://bis.gov.in/wp-content/uploads/2024/03/Asbestos-or-Fibre-Cement-based-products-QCO-2024.pdf | https://www.bis.gov.in/wp-content/uploads/2026/03/Goods-Articles-Exemption-Order-against-Import-Order.pdf | https://www.bis.gov.in/wp-content/uploads/2026/03/Goods-Articles-Exemption-Order-against-Purchase-Order.pdf,2026-09-03
Asbestos Cement Pressure Pipes and Joints,Asbestos or Fibre Cement based Products,Scheme I (ISI Mark),IS 1592:2003,,S.O. 1152(E),,06th  March 2024,,,https://bis.gov.in/wp-content/uploads/2024/03/Asbestos-or-Fibre-Cement-based-products-QCO-2024.pdf | https://www.bis.gov.in/wp-content/uploads/2026/03/Goods-Articles-Exemption-Order-against-Import-Order.pdf | https://www.bis.gov.in/wp-content/uploads/2026/03/Goods-Articles-Exemption-Order-against-Purchase-Order.pdf,2026-09-03
Asbestos Cement Flat Sheets,Asbestos or Fibre Cement based Products,Scheme I (ISI Mark),IS 2096:1992,,S.O. 1152(E),,06th  March 2024,,,https://bis.gov.in/wp-content/uploads/2024/03/Asbestos-or-Fibre-Cement-based-products-QCO-2024.pdf | https://www.bis.gov.in/wp-content/uploads/2026/03/Goods-Articles-Exemption-Order-against-Import-Order.pdf | https://www.bis.gov.in/wp-content/uploads/2026/03/Goods-Articles-Exemption-Order-against-Purchase-Order.pdf,2026-09-03
Asbestos Cement Building Boards,Asbestos or Fibre Cement based Products,Scheme I (ISI Mark),IS 2098:1997,,S.O. 1152(E),,06th  March 2024,,,https://bis.gov.in/wp-content/uploads/2024/03/Asbestos-or-Fibre-Cement-based-products-QCO-2024.pdf | https://www.bis.gov.in/wp-content/uploads/2026/03/Goods-Articles-Exemption-Order-against-Import-Order.pdf | https://www.bis.gov.in/wp-content/uploads/2026/03/Goods-Articles-Exemption-Order-against-Purchase-Order.pdf,2026-09-03
Asbestos – Cement Pipes and Fittings for Sewerage and Drainage,Asbestos or Fibre Cement based Products,Scheme I (ISI Mark),IS 6908:1991,,S.O. 1152(E),,06th  March 2024,,,https://bis.gov.in/wp-content/uploads/2024/03/Asbestos-or-Fibre-Cement-based-products-QCO-2024.pdf | https://www.bis.gov.in/wp-content/uploads/2026/03/Goods-Articles-Exemption-Order-against-Import-Order.pdf | https://www.bis.gov.in/wp-content/uploads/2026/03/Goods-Articles-Exemption-Order-against-Purchase-Order.pdf,2026-09-03
Silica-Asbestos-Cement Flat Sheets,Asbestos or Fibre Cement based Products,Scheme I (ISI Mark),IS 13000:1990,,S.O. 1152(E),,06th  March 2024,,,https://bis.gov.in/wp-content/uploads/2024/03/Asbestos-or-Fibre-Cement-based-products-QCO-2024.pdf | https://www.bis.gov.in/wp-content/uploads/2026/03/Goods-Articles-Exemption-Order-against-Import-Order.pdf | https://www.bis.gov.in/wp-content/uploads/2026/03/Goods-Articles-Exemption-Order-against-Purchase-Order.pdf,2026-09-03
Asbestos Cement Cable Conduits and Troughs,Asbestos or Fibre Cement based Products,Scheme I (ISI Mark),IS 8870:1978,,S.O. 1152(E),,06th  March 2024,,,https://bis.gov.in/wp-content/uploads/2024/03/Asbestos-or-Fibre-Cement-based-products-QCO-2024.pdf | https://www.bis.gov.in/wp-content/uploads/2026/03/Goods-Articles-Exemption-Order-against-Import-Order.pdf | https://www.bis.gov.in/wp-content/uploads/2026/03/Goods-Articles-Exemption-Order-against-Purchase-Order.pdf,2026-09-03
Asbestos Cement Pressure Pipes (Light Duty),Asbestos or Fibre Cement based Products,Scheme I (ISI Mark),IS 9627:1980,,S.O. 1152(E),,06th  March 2024,,,https://bis.gov.in/wp-content/uploads/2024/03/Asbestos-or-Fibre-Cement-based-products-QCO-2024.pdf | https://www.bis.gov.in/wp-content/uploads/2026/03/Goods-Articles-Exemption-Order-against-Import-Order.pdf | https://www.bis.gov.in/wp-content/uploads/2026/03/Goods-Articles-Exemption-Order-against-Purchase-Order.pdf,2026-09-03
Shallow Corrugated Asbestos Cement Sheets,Asbestos or Fibre Cement based Products,Scheme I (ISI Mark),IS 13008:1990,,S.O. 1152(E),,06th  March 2024,,,https://bis.gov.in/wp-content/uploads/2024/03/Asbestos-or-Fibre-Cement-based-products-QCO-2024.pdf | https://www.bis.gov.in/wp-content/uploads/2026/03/Goods-Articles-Exemption-Order-against-Import-Order.pdf | https://www.bis.gov.in/wp-content/uploads/2026/03/Goods-Articles-Exemption-Order-against-Purchase-Order.pdf,2026-09-03
Fibre Cement Flat Sheets,Asbestos or Fibre Cement based Products,Scheme I (ISI Mark),IS 14862:2000,,S.O. 1152(E),,06th  March 2024,,,https://bis.gov.in/wp-content/uploads/2024/03/Asbestos-or-Fibre-Cement-based-products-QCO-2024.pdf | https://www.bis.gov.in/wp-content/uploads/2026/03/Goods-Articles-Exemption-Order-against-Import-Order.pdf | https://www.bis.gov.in/wp-content/uploads/2026/03/Goods-Articles-Exemption-Order-against-Purchase-Order.pdf,2026-09-03
Fibre Reinforced Cement Products – Long Corrugated or Asymmetrical Section Sheets and Fittings for Roofing and Cladding,Asbestos or Fibre Cement based Products,Scheme I (ISI Mark),IS 14871:2000,,S.O. 1152(E),,06th  March 2024,,,https://bis.gov.in/wp-content/uploads/2024/03/Asbestos-or-Fibre-Cement-based-products-QCO-2024.pdf | https://www.bis.gov.in/wp-content/uploads/2026/03/Goods-Articles-Exemption-Order-against-Import-Order.pdf | https://www.bis.gov.in/wp-content/uploads/2026/03/Goods-Articles-Exemption-Order-against-Purchase-Order.pdf,2026-09-03
Water meters (bulk type),Water meters and accessories,Scheme I (ISI Mark),IS 2373:1981,,S.O. 1142(E),,05th  March 2024,,,https://bis.gov.in/wp-content/uploads/2024/03/Water-meters-and-accessories-QCO-2023.pdf | https://www.bis.gov.in/wp-content/uploads/2026/02/Goods-Articles-Exemption-Order-against-Import-Order.pdf | https://www.bis.gov.in/wp-content/uploads/2026/02/Goods-Articles-Exemption-Order-against-Purchase-Order.pdf,2026-09-03
Water meters (domestic type),Water meters and accessories,Scheme I (ISI Mark),IS 779: 1994,,S.O. 1142(E),,05th  March 2024,,,https://bis.gov.in/wp-content/uploads/2024/03/Water-meters-and-accessories-QCO-2023.pdf | https://www.bis.gov.in/wp-content/uploads/2026/02/Goods-Articles-Exemption-Order-against-Import-Order.pdf | https://www.bis.gov.in/wp-content/uploads/2026/02/Goods-Articles-Exemption-Order-against-Purchase-Order.pdf,2026-09-03
Ferrules for water services,Water meters and accessories,Scheme I (ISI Mark),IS 2692: 1989,,S.O. 1142(E),,05th  March 2024,,,https://bis.gov.in/wp-content/uploads/2024/03/Water-meters-and-accessories-QCO-2023.pdf | https://www.bis.gov.in/wp-content/uploads/2026/02/Goods-Articles-Exemption-Order-against-Import-Order.pdf | https://www.bis.gov.in/wp-content/uploads/2026/02/Goods-Articles-Exemption-Order-against-Purchase-Order.pdf,2026-09-03
Gypsum plaster boards – Specification: Part 1 plain gypsum plaster boards,Gypsum based Building Materials,Scheme I (ISI Mark),IS 2095 (Part 1):2011,,S.O. 1153(E),,06th  March 2024,,,https://bis.gov.in/wp-content/uploads/2024/03/Gypsum-based-Building-Materials-QCO-2024.pdf | https://bis.gov.in/wp-content/uploads/2024/05/Corrigendum-of-Gypsum-based-Building-Materials-Quality-Control-Order-2024.pdf | https://bis.gov.in/wp-content/uploads/2024/11/Gypsum-based-Building-Materials-Amendment-QCO-2024.pdf | https://www.bis.gov.in/wp-content/uploads/2026/03/Goods-Articles-Exemption-Order-against-Import-Order.pdf | https://www.bis.gov.in/wp-content/uploads/2026/03/Goods-Articles-Exemption-Order-against-Purchase-Order.pdf,2026-09-03
Glass Fibre Reinforced Gypsum Panels,Gypsum based Building Materials,Scheme I (ISI Mark),IS 17400:2021,,S.O. 1153(E),,06th  March 2024,,,https://bis.gov.in/wp-content/uploads/2024/03/Gypsum-based-Building-Materials-QCO-2024.pdf | https://bis.gov.in/wp-content/uploads/2024/05/Corrigendum-of-Gypsum-based-Building-Materials-Quality-Control-Order-2024.pdf | https://bis.gov.in/wp-content/uploads/2024/11/Gypsum-based-Building-Materials-Amendment-QCO-2024.pdf | https://www.bis.gov.in/wp-content/uploads/2026/03/Goods-Articles-Exemption-Order-against-Import-Order.pdf | https://www.bis.gov.in/wp-content/uploads/2026/03/Goods-Articles-Exemption-Order-against-Purchase-Order.pdf,2026-09-03
Gypsum Plaster Boards – Coated/ Laminated Gypsum Plaster Boards,Gypsum based Building Materials,Scheme I (ISI Mark),IS 2095 (Part 2): 2022,,S.O. 1153(E),,06th  March 2024,,,https://bis.gov.in/wp-content/uploads/2024/03/Gypsum-based-Building-Materials-QCO-2024.pdf | https://bis.gov.in/wp-content/uploads/2024/05/Corrigendum-of-Gypsum-based-Building-Materials-Quality-Control-Order-2024.pdf | https://bis.gov.in/wp-content/uploads/2024/11/Gypsum-based-Building-Materials-Amendment-QCO-2024.pdf | https://www.bis.gov.in/wp-content/uploads/2026/03/Goods-Articles-Exemption-Order-against-Import-Order.pdf | https://www.bis.gov.in/wp-content/uploads/2026/03/Goods-Articles-Exemption-Order-against-Purchase-Order.pdf,2026-09-03
Gypsum Plaster Boards – Reinforced Gypsum Plaster Boards and Ceiling Tiles,Gypsum based Building Materials,Scheme I (ISI Mark),IS 2095 (Part 3):2022,,S.O. 1153(E),,06th  March 2024,,,https://bis.gov.in/wp-content/uploads/2024/03/Gypsum-based-Building-Materials-QCO-2024.pdf | https://bis.gov.in/wp-content/uploads/2024/05/Corrigendum-of-Gypsum-based-Building-Materials-Quality-Control-Order-2024.pdf | https://bis.gov.in/wp-content/uploads/2024/11/Gypsum-based-Building-Materials-Amendment-QCO-2024.pdf | https://www.bis.gov.in/wp-content/uploads/2026/03/Goods-Articles-Exemption-Order-against-Import-Order.pdf | https://www.bis.gov.in/wp-content/uploads/2026/03/Goods-Articles-Exemption-Order-against-Purchase-Order.pdf,2026-09-03
Appliances for stationary storage type electric water heaters,Electrical Appliances for domestic water heating,Scheme I (ISI Mark),IS 302 (Part 2/Sec 21): 2018,,S.O. 1253(E),,05th March 2024,,,https://bis.gov.in/wp-content/uploads/2024/03/Electrical-Appliances-for-domestic-water-heating-Quality-Control-Order-2023.pdf | https://bis.gov.in/wp-content/uploads/2025/01/Electrical-Appliances-for-domestic-water-heating-QCO-2025.pdf | https://www.bis.gov.in/wp-content/uploads/2026/02/Goods-Articles-Exemption-Order-against-Import-Order.pdf | https://www.bis.gov.in/wp-content/uploads/2026/02/Goods-Articles-Exemption-Order-against-Purchase-Order.pdf | https://www.bis.gov.in/wp-content/uploads/2026/06/Notification-of-Transition-Facilitation-Quality-Control-Order-2026.pdf,2026-09-03
Appliances for electric instantaneous water heaters,Electrical Appliances for domestic water heating,Scheme I (ISI Mark),IS 302 (Part 2/Sec 35): 2017,,S.O. 1253(E),,05th March 2024,,,https://bis.gov.in/wp-content/uploads/2024/03/Electrical-Appliances-for-domestic-water-heating-Quality-Control-Order-2023.pdf | https://bis.gov.in/wp-content/uploads/2025/01/Electrical-Appliances-for-domestic-water-heating-QCO-2025.pdf | https://www.bis.gov.in/wp-content/uploads/2026/02/Goods-Articles-Exemption-Order-against-Import-Order.pdf | https://www.bis.gov.in/wp-content/uploads/2026/02/Goods-Articles-Exemption-Order-against-Purchase-Order.pdf | https://www.bis.gov.in/wp-content/uploads/2026/06/Notification-of-Transition-Facilitation-Quality-Control-Order-2026.pdf,2026-09-03
Electric Immersion Water Heaters,Electrical Appliances for domestic water heating,Scheme I (ISI Mark),IS 368: 2014,,S.O. 1253(E),,05th March 2024,,,https://bis.gov.in/wp-content/uploads/2024/03/Electrical-Appliances-for-domestic-water-heating-Quality-Control-Order-2023.pdf | https://bis.gov.in/wp-content/uploads/2025/01/Electrical-Appliances-for-domestic-water-heating-QCO-2025.pdf | https://www.bis.gov.in/wp-content/uploads/2026/02/Goods-Articles-Exemption-Order-against-Import-Order.pdf | https://www.bis.gov.in/wp-content/uploads/2026/02/Goods-Articles-Exemption-Order-against-Purchase-Order.pdf | https://www.bis.gov.in/wp-content/uploads/2026/06/Notification-of-Transition-Facilitation-Quality-Control-Order-2026.pdf,2026-09-03
Stationary storage type electric water heaters,Electrical Appliances for domestic water heating,Scheme I (ISI Mark),IS 2082: 2018,,S.O. 1253(E),,05th March 2024,,,https://bis.gov.in/wp-content/uploads/2024/03/Electrical-Appliances-for-domestic-water-heating-Quality-Control-Order-2023.pdf | https://bis.gov.in/wp-content/uploads/2025/01/Electrical-Appliances-for-domestic-water-heating-QCO-2025.pdf | https://www.bis.gov.in/wp-content/uploads/2026/02/Goods-Articles-Exemption-Order-against-Import-Order.pdf | https://www.bis.gov.in/wp-content/uploads/2026/02/Goods-Articles-Exemption-Order-against-Purchase-Order.pdf | https://www.bis.gov.in/wp-content/uploads/2026/06/Notification-of-Transition-Facilitation-Quality-Control-Order-2026.pdf,2026-09-03
Mini domestic water heater for use with piped natural gas (PNG)s,Electrical Appliances for domestic water heating,Scheme I (ISI Mark),IS 17150: 2019,,S.O. 1253(E),,05th March 2024,,,https://bis.gov.in/wp-content/uploads/2024/03/Electrical-Appliances-for-domestic-water-heating-Quality-Control-Order-2023.pdf | https://bis.gov.in/wp-content/uploads/2025/01/Electrical-Appliances-for-domestic-water-heating-QCO-2025.pdf | https://www.bis.gov.in/wp-content/uploads/2026/02/Goods-Articles-Exemption-Order-against-Import-Order.pdf | https://www.bis.gov.in/wp-content/uploads/2026/02/Goods-Articles-Exemption-Order-against-Purchase-Order.pdf | https://www.bis.gov.in/wp-content/uploads/2026/06/Notification-of-Transition-Facilitation-Quality-Control-Order-2026.pdf,2026-09-03
V-Belts – Endless V-Belts for Industrial Purposes – General Purpose,V-Belt,Scheme I (ISI Mark),IS 2494 (Part 1): 1994,,S.O. 1252(E),,06th March 2024,,,https://bis.gov.in/wp-content/uploads/2024/03/V-Belt-Quality-Control-Order-2024.pdf | https://bis.gov.in/wp-content/uploads/2024/11/V-Belt-QCO-2024.pdf | https://www.bis.gov.in/wp-content/uploads/2026/02/Goods-Articles-Exemption-Order-against-Import-Order.pdf | https://www.bis.gov.in/wp-content/uploads/2026/02/Goods-Articles-Exemption-Order-against-Purchase-Order.pdf,2026-09-03
V-Belts – Endless V-Belts for Industrial Purposes – fire resistant and antistatic V-Belts,V-Belt,Scheme I (ISI Mark),IS 2494 (Part 2): 1993,,S.O. 1252(E),,06th March 2024,,,https://bis.gov.in/wp-content/uploads/2024/03/V-Belt-Quality-Control-Order-2024.pdf | https://bis.gov.in/wp-content/uploads/2024/11/V-Belt-QCO-2024.pdf | https://www.bis.gov.in/wp-content/uploads/2026/02/Goods-Articles-Exemption-Order-against-Import-Order.pdf | https://www.bis.gov.in/wp-content/uploads/2026/02/Goods-Articles-Exemption-Order-against-Purchase-Order.pdf,2026-09-03
Transmission Devices – V – Belts endless narrow V-Belts for industrial use,V-Belt,Scheme I (ISI Mark),IS 14261: 1995,,S.O. 1252(E),,06th March 2024,,,https://bis.gov.in/wp-content/uploads/2024/03/V-Belt-Quality-Control-Order-2024.pdf | https://bis.gov.in/wp-content/uploads/2024/11/V-Belt-QCO-2024.pdf | https://www.bis.gov.in/wp-content/uploads/2026/02/Goods-Articles-Exemption-Order-against-Import-Order.pdf | https://www.bis.gov.in/wp-content/uploads/2026/02/Goods-Articles-Exemption-Order-against-Purchase-Order.pdf,2026-09-03
Telescopic Ball Bearing Drawer Slide,Telescopic Ball Bearing Drawer Slide,Scheme I (ISI Mark),IS 17954:2023,,S.O. 1962(E),,02nd  May 2024,,,https://bis.gov.in/wp-content/uploads/2024/05/Telescopic-Ball-Bearing-Drawer-Slide-Quality-Control-Order-2024.pdf | https://www.bis.gov.in/wp-content/uploads/2026/02/Goods-Articles-Exemption-Order-against-Import-Order.pdf | https://www.bis.gov.in/wp-content/uploads/2026/02/Goods-Articles-Exemption-Order-against-Purchase-Order.pdf,2026-09-03
Fasteners – Cross Recessed Drilling Screws with Tapping Screw Thread Part 1 Pan Head,Cross Recessed Screws,Scheme I (ISI Mark),IS 18471 (Part 1) : 2023/ ISO 15481:1999,,S.O. 4099(E),,20th  September 2024,,,https://bis.gov.in/wp-content/uploads/2024/09/Cross-Recessed-Screws-Quality-Control-Order2024.pdf | https://www.bis.gov.in/wp-content/uploads/2025/08/Cross-Recessed-Screws-Quality-Control-Order-2025.pdf | https://www.bis.gov.in/wp-content/uploads/2026/06/Cross-Recessed-Screws-Quality-Control-Amendment-Order-2026.pdf,2026-09-03
Fasteners – Cross Recessed Drilling Screws with Tapping Screw Thread Part 2 Countersunk Head,Cross Recessed Screws,Scheme I (ISI Mark),IS 18471 (Part 2) :2023/ ISO 15482:1999,,S.O. 4099(E),,20th  September 2024,,,https://bis.gov.in/wp-content/uploads/2024/09/Cross-Recessed-Screws-Quality-Control-Order2024.pdf | https://www.bis.gov.in/wp-content/uploads/2025/08/Cross-Recessed-Screws-Quality-Control-Order-2025.pdf | https://www.bis.gov.in/wp-content/uploads/2026/06/Cross-Recessed-Screws-Quality-Control-Amendment-Order-2026.pdf,2026-09-03
Fasteners – Cross Recessed Drilling Screws with Tapping Screw Thread Part 3 Raised Countersunk Head,Cross Recessed Screws,Scheme I (ISI Mark),IS 18471 (Part 3) :2023/ ISO 15483:1999,,S.O. 4099(E),,20th  September 2024,,,https://bis.gov.in/wp-content/uploads/2024/09/Cross-Recessed-Screws-Quality-Control-Order2024.pdf | https://www.bis.gov.in/wp-content/uploads/2025/08/Cross-Recessed-Screws-Quality-Control-Order-2025.pdf | https://www.bis.gov.in/wp-content/uploads/2026/06/Cross-Recessed-Screws-Quality-Control-Amendment-Order-2026.pdf,2026-09-03
Fasteners – Hexagon Washer Head Drilling Screws with Tapping Screw Thread,Cross Recessed Screws,Scheme I (ISI Mark),IS 18476 : 2023/ ISO 15480:2019,,S.O. 4099(E),,20th  September 2024,,,https://bis.gov.in/wp-content/uploads/2024/09/Cross-Recessed-Screws-Quality-Control-Order2024.pdf | https://www.bis.gov.in/wp-content/uploads/2025/08/Cross-Recessed-Screws-Quality-Control-Order-2025.pdf | https://www.bis.gov.in/wp-content/uploads/2026/06/Cross-Recessed-Screws-Quality-Control-Amendment-Order-2026.pdf,2026-09-03
Cross Recessed Tapping Screws: Part 1 Pan Head,Cross Recessed Screws,Scheme I (ISI Mark),IS 18480 (Part 1) :2023/ ISO 7049 : 2011,,S.O. 4099(E),,20th  September 2024,,,https://bis.gov.in/wp-content/uploads/2024/09/Cross-Recessed-Screws-Quality-Control-Order2024.pdf | https://www.bis.gov.in/wp-content/uploads/2025/08/Cross-Recessed-Screws-Quality-Control-Order-2025.pdf | https://www.bis.gov.in/wp-content/uploads/2026/06/Cross-Recessed-Screws-Quality-Control-Amendment-Order-2026.pdf,2026-09-03
Cross Recessed Tapping Screws Part 2 Countersunk Flat Head,Cross Recessed Screws,Scheme I (ISI Mark),IS 18480 (Part 2) :2023/ ISO 7050 : 2011,,S.O. 4099(E),,20th  September 2024,,,https://bis.gov.in/wp-content/uploads/2024/09/Cross-Recessed-Screws-Quality-Control-Order2024.pdf | https://www.bis.gov.in/wp-content/uploads/2025/08/Cross-Recessed-Screws-Quality-Control-Order-2025.pdf | https://www.bis.gov.in/wp-content/uploads/2026/06/Cross-Recessed-Screws-Quality-Control-Amendment-Order-2026.pdf,2026-09-03
Cross Recessed Tapping Screw Part 3 Raised Countersunk Oval Head,Cross Recessed Screws,Scheme I (ISI Mark),IS 18480 (Part 3) :2023/ ISO 7051 : 2011,,S.O. 4099(E),,20th  September 2024,,,https://bis.gov.in/wp-content/uploads/2024/09/Cross-Recessed-Screws-Quality-Control-Order2024.pdf | https://www.bis.gov.in/wp-content/uploads/2025/08/Cross-Recessed-Screws-Quality-Control-Order-2025.pdf | https://www.bis.gov.in/wp-content/uploads/2026/06/Cross-Recessed-Screws-Quality-Control-Amendment-Order-2026.pdf,2026-09-03
Pan Head Screws With Type H or Type Z Cross Recess – Product Grade A,Cross Recessed Screws,Scheme I (ISI Mark),IS 7483 : 2018/ ISO 7045 : 2011,,S.O. 4099(E),,20th  September 2024,,,https://bis.gov.in/wp-content/uploads/2024/09/Cross-Recessed-Screws-Quality-Control-Order2024.pdf | https://www.bis.gov.in/wp-content/uploads/2025/08/Cross-Recessed-Screws-Quality-Control-Order-2025.pdf | https://www.bis.gov.in/wp-content/uploads/2026/06/Cross-Recessed-Screws-Quality-Control-Amendment-Order-2026.pdf,2026-09-03
Countersunk Flat Head Screws (Common head Style) With Type H or Type Z Cross Recess – Product Grade A Part 1 Steel Screws of Property Class 4.8,Cross Recessed Screws,Scheme I (ISI Mark),IS 7485 (Part 1) : 2018/ ISO 7046 -1 : 2011,,S.O. 4099(E),,20th  September 2024,,,https://bis.gov.in/wp-content/uploads/2024/09/Cross-Recessed-Screws-Quality-Control-Order2024.pdf | https://www.bis.gov.in/wp-content/uploads/2025/08/Cross-Recessed-Screws-Quality-Control-Order-2025.pdf | https://www.bis.gov.in/wp-content/uploads/2026/06/Cross-Recessed-Screws-Quality-Control-Amendment-Order-2026.pdf,2026-09-03
"Countersunk flat head screws (common head style) with type H or Type Z Cross Recess – Product Grade A part 2 Steel Screws of Property Class 8.8, Stainless Steel Screws and Non – Ferrous Metal Screws",Cross Recessed Screws,Scheme I (ISI Mark),7485 (Part 2) : 2018/ISO 7046-2 : 2011,,S.O. 4099(E),,20th  September 2024,,,https://bis.gov.in/wp-content/uploads/2024/09/Cross-Recessed-Screws-Quality-Control-Order2024.pdf | https://www.bis.gov.in/wp-content/uploads/2025/08/Cross-Recessed-Screws-Quality-Control-Order-2025.pdf | https://www.bis.gov.in/wp-content/uploads/2026/06/Cross-Recessed-Screws-Quality-Control-Amendment-Order-2026.pdf,2026-09-03
Raised countersunk head screws (Common Head Style) with type H or type Z cross recess – Product grade A,Cross Recessed Screws,Scheme I (ISI Mark),IS 7486 : 2018/ ISO 7047 : 2011,,S.O. 4099(E),,20th  September 2024,,,https://bis.gov.in/wp-content/uploads/2024/09/Cross-Recessed-Screws-Quality-Control-Order2024.pdf | https://www.bis.gov.in/wp-content/uploads/2025/08/Cross-Recessed-Screws-Quality-Control-Order-2025.pdf | https://www.bis.gov.in/wp-content/uploads/2026/06/Cross-Recessed-Screws-Quality-Control-Amendment-Order-2026.pdf,2026-09-03
Drywall Screws – Specification,Cross Recessed Screws,Scheme I (ISI Mark),IS 18507 : 2024,,S.O. 4099(E),,20th  September 2024,,,https://bis.gov.in/wp-content/uploads/2024/09/Cross-Recessed-Screws-Quality-Control-Order2024.pdf | https://www.bis.gov.in/wp-content/uploads/2025/08/Cross-Recessed-Screws-Quality-Control-Order-2025.pdf | https://www.bis.gov.in/wp-content/uploads/2026/06/Cross-Recessed-Screws-Quality-Control-Amendment-Order-2026.pdf,2026-09-03
Chipboard Screws – Specification,Cross Recessed Screws,Scheme I (ISI Mark),IS 18508 : 2024,,S.O. 4099(E),,20th  September 2024,,,https://bis.gov.in/wp-content/uploads/2024/09/Cross-Recessed-Screws-Quality-Control-Order2024.pdf | https://www.bis.gov.in/wp-content/uploads/2025/08/Cross-Recessed-Screws-Quality-Control-Order-2025.pdf | https://www.bis.gov.in/wp-content/uploads/2026/06/Cross-Recessed-Screws-Quality-Control-Amendment-Order-2026.pdf,2026-09-03
Cross-recessed Countersunk Head Wood Screws – Specification,Cross Recessed Screws,Scheme I (ISI Mark),IS 18509 : 2023,,S.O. 4099(E),,20th  September 2024,,,https://bis.gov.in/wp-content/uploads/2024/09/Cross-Recessed-Screws-Quality-Control-Order2024.pdf | https://www.bis.gov.in/wp-content/uploads/2025/08/Cross-Recessed-Screws-Quality-Control-Order-2025.pdf | https://www.bis.gov.in/wp-content/uploads/2026/06/Cross-Recessed-Screws-Quality-Control-Amendment-Order-2026.pdf,2026-09-03
All Electrical Appliances   Vacuum Cleaners and Water Suction Cleaning Appliances,"Safety of Household, Commercial and Similar Electrical Appliances",Scheme I (ISI Mark),IS 302 (Part 1) : 2024 IEC 60335-1:2020,,S.O. 4098(E),,20th  September 2024,,,https://bis.gov.in/wp-content/uploads/2024/09/Safety-of-Household-Commercial-and-Similar-Electrical-Appliances-QCO-2024.pdf | https://bis.gov.in/wp-content/uploads/2025/05/Safety-of-Household-Commercial-and-Similar-Electrical-Appliances-Quality-Control-Order-2025-.pdf | https://www.bis.gov.in/wp-content/uploads/2026/04/Safety-of-Household-Commercial-and-Similar-Electrical-Appliances-Quality-Control-Order-2026.pdf | https://www.bis.gov.in/wp-content/uploads/2026/06/Notification-of-Transition-Facilitation-Quality-Control-Order-2026.pdf,2026-09-03
Chain Pipe Wrenches,Hand Tools,Scheme I (ISI Mark),IS 4123:1982,,S.O. 4183(E),,24th  September 2024,,,https://bis.gov.in/wp-content/uploads/2024/09/Hand-Tools-QCO-2024.pdf | https://bis.gov.in/wp-content/uploads/2025/07/Hand-Tools-Quality-Control-Order-2025.pdf | https://www.bis.gov.in/wp-content/uploads/2025/12/Hand-Tools-Quality-Control-Order-2025-1.pdf,2026-09-03
Open Ended Slugging Wrenches (Spanners),Hand Tools,Scheme I (ISI Mark),IS 4508:1992,,S.O. 4183(E),,24th  September 2024,,,https://bis.gov.in/wp-content/uploads/2024/09/Hand-Tools-QCO-2024.pdf | https://bis.gov.in/wp-content/uploads/2025/07/Hand-Tools-Quality-Control-Order-2025.pdf | https://www.bis.gov.in/wp-content/uploads/2025/12/Hand-Tools-Quality-Control-Order-2025-1.pdf,2026-09-03
Ring Slugging Wrenches (Spanners),Hand Tools,Scheme I (ISI Mark),IS 4509:1992,,S.O. 4183(E),,24th  September 2024,,,https://bis.gov.in/wp-content/uploads/2024/09/Hand-Tools-QCO-2024.pdf | https://bis.gov.in/wp-content/uploads/2025/07/Hand-Tools-Quality-Control-Order-2025.pdf | https://www.bis.gov.in/wp-content/uploads/2025/12/Hand-Tools-Quality-Control-Order-2025-1.pdf,2026-09-03
Single-ended Open-jaw Adjustable Wrenches,Hand Tools,Scheme I (ISI Mark),IS 6149:1984,,S.O. 4183(E),,24th  September 2024,,,https://bis.gov.in/wp-content/uploads/2024/09/Hand-Tools-QCO-2024.pdf | https://bis.gov.in/wp-content/uploads/2025/07/Hand-Tools-Quality-Control-Order-2025.pdf | https://www.bis.gov.in/wp-content/uploads/2025/12/Hand-Tools-Quality-Control-Order-2025-1.pdf,2026-09-03
Open-Jaw Wrenches (Spanners),Hand Tools,Scheme I (ISI Mark),IS 2028:2004,,S.O. 4183(E),,24th  September 2024,,,https://bis.gov.in/wp-content/uploads/2024/09/Hand-Tools-QCO-2024.pdf | https://bis.gov.in/wp-content/uploads/2025/07/Hand-Tools-Quality-Control-Order-2025.pdf | https://www.bis.gov.in/wp-content/uploads/2025/12/Hand-Tools-Quality-Control-Order-2025-1.pdf,2026-09-03
Ring Wrenches (Spanners),Hand Tools,Scheme I (ISI Mark),IS 2029:1998,,S.O. 4183(E),,24th  September 2024,,,https://bis.gov.in/wp-content/uploads/2024/09/Hand-Tools-QCO-2024.pdf | https://bis.gov.in/wp-content/uploads/2025/07/Hand-Tools-Quality-Control-Order-2025.pdf | https://www.bis.gov.in/wp-content/uploads/2025/12/Hand-Tools-Quality-Control-Order-2025-1.pdf,2026-09-03
Pipe Wrenches –General Purpose,Hand Tools,Scheme I (ISI Mark),IS 4003 (Part 1): 1978,,S.O. 4183(E),,24th  September 2024,,,https://bis.gov.in/wp-content/uploads/2024/09/Hand-Tools-QCO-2024.pdf | https://bis.gov.in/wp-content/uploads/2025/07/Hand-Tools-Quality-Control-Order-2025.pdf | https://www.bis.gov.in/wp-content/uploads/2025/12/Hand-Tools-Quality-Control-Order-2025-1.pdf,2026-09-03
Pipe Wrenches – Heavy Duty,Hand Tools,Scheme I (ISI Mark),IS 4003 (Part 2): 1986,,S.O. 4183(E),,24th  September 2024,,,https://bis.gov.in/wp-content/uploads/2024/09/Hand-Tools-QCO-2024.pdf | https://bis.gov.in/wp-content/uploads/2025/07/Hand-Tools-Quality-Control-Order-2025.pdf | https://www.bis.gov.in/wp-content/uploads/2025/12/Hand-Tools-Quality-Control-Order-2025-1.pdf,2026-09-03
Combination Side Cutting Pliers,Hand Tools,Scheme I (ISI Mark),IS 3650:1981,,S.O. 4183(E),,24th  September 2024,,,https://bis.gov.in/wp-content/uploads/2024/09/Hand-Tools-QCO-2024.pdf | https://bis.gov.in/wp-content/uploads/2025/07/Hand-Tools-Quality-Control-Order-2025.pdf | https://www.bis.gov.in/wp-content/uploads/2025/12/Hand-Tools-Quality-Control-Order-2025-1.pdf,2026-09-03
Textiles – Flat woven webbing slings made of man-made fibres for general services,Indutech,Scheme I (ISI Mark),IS 15041:2001,,S.O. 4326(E),,03rd  October 2024,,,https://bis.gov.in/wp-content/uploads/2024/10/Indutech-QCO-2024.pdf,2026-09-03
Textiles — Manila Ropes — Specification,Ropes and Cordages,Scheme I (ISI Mark),IS 1084:2005,,S.O. 4327(E),,03rd  October 2024,,,https://bis.gov.in/wp-content/uploads/2024/10/Ropes-and-Cordages-QCO-2024-1.pdf | https://www.bis.gov.in/wp-content/uploads/2026/06/ropes-and-cordagesquality-control-amendment-order-2026.pdf,2026-09-03
"Fibre Ropes — Polyester — 3-, 4-, 8- and 12- Strand Ropes",Ropes and Cordages,Scheme I (ISI Mark),IS 11066:2022,,S.O. 4327(E),,03rd  October 2024,,,https://bis.gov.in/wp-content/uploads/2024/10/Ropes-and-Cordages-QCO-2024-1.pdf | https://www.bis.gov.in/wp-content/uploads/2026/06/ropes-and-cordagesquality-control-amendment-order-2026.pdf,2026-09-03
Textiles — Composite Synthetic Fibre Ropes — Specification,Ropes and Cordages,Scheme I (ISI Mark),IS 14928:2001,,S.O. 4327(E),,03rd  October 2024,,,https://bis.gov.in/wp-content/uploads/2024/10/Ropes-and-Cordages-QCO-2024-1.pdf | https://www.bis.gov.in/wp-content/uploads/2026/06/ropes-and-cordagesquality-control-amendment-order-2026.pdf,2026-09-03
Mixed Polyolefin Fibre Ropes,Ropes and Cordages,Scheme I (ISI Mark),IS 14929: 2022,,S.O. 4327(E),,03rd  October 2024,,,https://bis.gov.in/wp-content/uploads/2024/10/Ropes-and-Cordages-QCO-2024-1.pdf | https://www.bis.gov.in/wp-content/uploads/2026/06/ropes-and-cordagesquality-control-amendment-order-2026.pdf,2026-09-03
Steel wire ropes – Fibre main cores – Specification,Ropes and Cordages,Scheme I (ISI Mark),IS 1804:2004,,S.O. 4327(E),,03rd  October 2024,,,https://bis.gov.in/wp-content/uploads/2024/10/Ropes-and-Cordages-QCO-2024-1.pdf | https://www.bis.gov.in/wp-content/uploads/2026/06/ropes-and-cordagesquality-control-amendment-order-2026.pdf,2026-09-03
"Fibre Ropes — Polyamide — 3-, 4-, 8- and 12- Strand Ropes",Ropes and Cordages,Scheme I (ISI Mark),IS 4572:2022,,S.O. 4327(E),,03rd  October 2024,,,https://bis.gov.in/wp-content/uploads/2024/10/Ropes-and-Cordages-QCO-2024-1.pdf | https://www.bis.gov.in/wp-content/uploads/2026/06/ropes-and-cordagesquality-control-amendment-order-2026.pdf,2026-09-03
"Fibre Ropes — Polypropylene Split Film, Monofilament And Multifilament ( PP2 ) and Polypropylene High-Tenacity Multifilament ( PP3 ) —3-, 4-, 8- and 12- Strand Ropes",Ropes and Cordages,Scheme I (ISI Mark),IS 5175:2022,,S.O. 4327(E),,03rd  October 2024,,,https://bis.gov.in/wp-content/uploads/2024/10/Ropes-and-Cordages-QCO-2024-1.pdf | https://www.bis.gov.in/wp-content/uploads/2026/06/ropes-and-cordagesquality-control-amendment-order-2026.pdf,2026-09-03
Fibre Ropes — Polyethylene —3- And 4-Strand Ropes,Ropes and Cordages,Scheme I (ISI Mark),IS 8674 : 2013,,S.O. 4327(E),,03rd  October 2024,,,https://bis.gov.in/wp-content/uploads/2024/10/Ropes-and-Cordages-QCO-2024-1.pdf | https://www.bis.gov.in/wp-content/uploads/2026/06/ropes-and-cordagesquality-control-amendment-order-2026.pdf,2026-09-03
Fibre Ropes Of Polyester / Polyolefin dual Fibres,Ropes and Cordages,Scheme I (ISI Mark),IS 17609 : 2021,,S.O. 4327(E),,03rd  October 2024,,,https://bis.gov.in/wp-content/uploads/2024/10/Ropes-and-Cordages-QCO-2024-1.pdf | https://www.bis.gov.in/wp-content/uploads/2026/06/ropes-and-cordagesquality-control-amendment-order-2026.pdf,2026-09-03
Solar Flat Plate Collector for Solar Water Heating Systems,"Solar Thermal Systems, Devices and Components",Scheme I (ISI Mark),IS 12933 (Part 1): 2003 IS 12933 (Part 2): 2003,,S.O. 4485(E),,14th  October 2024,,,https://bis.gov.in/wp-content/uploads/2024/10/Solar-Thermal-Systems-Devices-and-Components-QCO-2024.pdf,2026-09-03
All Glass Evacuated Tubes Solar Water Heating System,"Solar Thermal Systems, Devices and Components",Scheme I (ISI Mark),IS 16544: 2016,,S.O. 4485(E),,14th  October 2024,,,https://bis.gov.in/wp-content/uploads/2024/10/Solar-Thermal-Systems-Devices-and-Components-QCO-2024.pdf,2026-09-03
Storage Water Tank for All Glass Evacuated Tubes Solar Water Heating Systems,"Solar Thermal Systems, Devices and Components",Scheme I (ISI Mark),IS 16542: 2016,,S.O. 4485(E),,14th  October 2024,,,https://bis.gov.in/wp-content/uploads/2024/10/Solar-Thermal-Systems-Devices-and-Components-QCO-2024.pdf,2026-09-03
H Acid,"H Acid , K Acid & Vinyl Sulphone",Scheme I (ISI Mark),IS 8637 : 2020,,S.O. 4925(E),,14th  November 2024,,,https://bis.gov.in/wp-content/uploads/2024/11/Quality-Control-Order-of-03-Chemicals-viz.-i-H-Acid-ii-K-Acid-iii-Vinyl-Sulphone.pdf | https://bis.gov.in/wp-content/uploads/2025/05/H-Acid-Quality-Control-Amendment-2025.pdf | https://www.bis.gov.in/wp-content/uploads/2025/07/H-Acid-Quality-Control-Second-Amendment-Order-2025.pdf | https://www.bis.gov.in/wp-content/uploads/2025/11/H-Acid-QCO-2024-Rescind-Order.pdf,2026-09-03
K Acid,"H Acid , K Acid & Vinyl Sulphone",Scheme I (ISI Mark),IS 11557: 1986,,S.O. 4926(E),,14th  November 2024,,,https://bis.gov.in/wp-content/uploads/2024/11/Quality-Control-Order-of-03-Chemicals-viz.-i-H-Acid-ii-K-Acid-iii-Vinyl-Sulphone.pdf | https://bis.gov.in/wp-content/uploads/2025/05/K-Acid-Quality-Control-Amendment-2025.pdf | https://www.bis.gov.in/wp-content/uploads/2025/11/K-Acid-QCO-2024-Rescind-Order.pdf,2026-09-03
Vinyl Sulphone,"H Acid , K Acid & Vinyl Sulphone",Scheme I (ISI Mark),IS 18340 : 2023,,S.O. 4927(E),,14th  November 2024,,,https://bis.gov.in/wp-content/uploads/2024/11/Quality-Control-Order-of-03-Chemicals-viz.-i-H-Acid-ii-K-Acid-iii-Vinyl-Sulphone.pdf | https://bis.gov.in/wp-content/uploads/2025/05/Vinyl-Sulphone-Quality-Control-2025.pdf | https://www.bis.gov.in/wp-content/uploads/2025/07/Vinyl-Sulphone-Quality-Control-Second-Amendment-Order-2025.pdf | https://www.bis.gov.in/wp-content/uploads/2025/11/Vinyl-Sulphone-QCO-2024-Rescind-Order.pdf,2026-09-03
Safety of Household and similar electrical appliances – Part 2 particular requirement Sec 76 electric fence energizers,Electric Fence Energizers,Scheme I (ISI Mark),IS 302-2-76:1999,,S.O. 4958(E),,19th  November 2024,,,https://bis.gov.in/wp-content/uploads/2024/11/Electric-Fence-Energizer-QCO-2024.pdf | https://www.bis.gov.in/wp-content/uploads/2026/02/Goods-Articles-Exemption-Order-against-Import-Order.pdf | https://www.bis.gov.in/wp-content/uploads/2026/02/Goods-Articles-Exemption-Order-against-Purchase-Order.pdf,2026-09-03
Flashlight – Specification,Flashlight,Scheme I (ISI Mark),IS 2083:2024,,S.O. 501(E),,28th January 2025,,,https://bis.gov.in/wp-content/uploads/2025/01/Flashlight-Quality-Control-Order-2025.pdf | https://www.bis.gov.in/wp-content/uploads/2026/02/Goods-Articles-Exemption-Order-against-Import-Order.pdf | https://www.bis.gov.in/wp-content/uploads/2026/02/Goods-Articles-Exemption-Order-against-Purchase-Order.pdf,2026-09-03
Stainless Steel Seamless pipes and tubes for general service,Stainless Steel Pipes and Tubes,Scheme I (ISI Mark),IS 17875: 2022,,S.O. 693(E),,11th February 2025,,,https://bis.gov.in/wp-content/uploads/2025/02/Stainless-Steel-Pipes-and-Tubes-QCO-2025.pdf,2026-09-03
Stainless Steel Welded pipes and tubes for general service,Stainless Steel Pipes and Tubes,Scheme I (ISI Mark),IS 17876: 2022,,S.O. 693(E),,11th February 2025,,,https://bis.gov.in/wp-content/uploads/2025/02/Stainless-Steel-Pipes-and-Tubes-QCO-2025.pdf,2026-09-03
Work chairs,Furniture,Scheme I (ISI Mark),IS 17631: 2022,,S.O. 801 (E),,"14 February, 2025",,,https://bis.gov.in/wp-content/uploads/2025/02/Furniture-QCO-17-02-2025.pdf | https://www.bis.gov.in/wp-content/uploads/2026/02/Furniture-Quality-Control-Amendment-Order-2026.pdf | https://www.bis.gov.in/wp-content/uploads/2026/03/Amendments-in-Quality-Control-Order-2.pdf | https://www.bis.gov.in/wp-content/uploads/2026/03/Furniture-Quality-Control-Second-Amendment-Order-2026.pdf | https://www.bis.gov.in/wp-content/uploads/2026/06/Notification-of-Transition-Facilitation-Quality-Control-Order-2026.pdf,2026-09-03
General purpose chairs and stools,Furniture,Scheme I (ISI Mark),IS 17632: 2022,,S.O. 801 (E),,"14 February, 2025",,,https://bis.gov.in/wp-content/uploads/2025/02/Furniture-QCO-17-02-2025.pdf | https://www.bis.gov.in/wp-content/uploads/2026/02/Furniture-Quality-Control-Amendment-Order-2026.pdf | https://www.bis.gov.in/wp-content/uploads/2026/03/Amendments-in-Quality-Control-Order-2.pdf | https://www.bis.gov.in/wp-content/uploads/2026/03/Furniture-Quality-Control-Second-Amendment-Order-2026.pdf | https://www.bis.gov.in/wp-content/uploads/2026/06/Notification-of-Transition-Facilitation-Quality-Control-Order-2026.pdf,2026-09-03
Tables and desks,Furniture,Scheme I (ISI Mark),IS 17633: 2022,,S.O. 801 (E),,"14 February, 2025",,,https://bis.gov.in/wp-content/uploads/2025/02/Furniture-QCO-17-02-2025.pdf | https://www.bis.gov.in/wp-content/uploads/2026/02/Furniture-Quality-Control-Amendment-Order-2026.pdf | https://www.bis.gov.in/wp-content/uploads/2026/03/Amendments-in-Quality-Control-Order-2.pdf | https://www.bis.gov.in/wp-content/uploads/2026/03/Furniture-Quality-Control-Second-Amendment-Order-2026.pdf | https://www.bis.gov.in/wp-content/uploads/2026/06/Notification-of-Transition-Facilitation-Quality-Control-Order-2026.pdf,2026-09-03
Storage units,Furniture,Scheme I (ISI Mark),IS 17634: 2022,,S.O. 801 (E),,"14 February, 2025",,,https://bis.gov.in/wp-content/uploads/2025/02/Furniture-QCO-17-02-2025.pdf | https://www.bis.gov.in/wp-content/uploads/2026/02/Furniture-Quality-Control-Amendment-Order-2026.pdf | https://www.bis.gov.in/wp-content/uploads/2026/03/Amendments-in-Quality-Control-Order-2.pdf | https://www.bis.gov.in/wp-content/uploads/2026/03/Furniture-Quality-Control-Second-Amendment-Order-2026.pdf | https://www.bis.gov.in/wp-content/uploads/2026/06/Notification-of-Transition-Facilitation-Quality-Control-Order-2026.pdf,2026-09-03
Beds,Furniture,Scheme I (ISI Mark),IS 17635: 2022,,S.O. 801 (E),,"14 February, 2025",,,https://bis.gov.in/wp-content/uploads/2025/02/Furniture-QCO-17-02-2025.pdf | https://www.bis.gov.in/wp-content/uploads/2026/02/Furniture-Quality-Control-Amendment-Order-2026.pdf | https://www.bis.gov.in/wp-content/uploads/2026/03/Amendments-in-Quality-Control-Order-2.pdf | https://www.bis.gov.in/wp-content/uploads/2026/03/Furniture-Quality-Control-Second-Amendment-Order-2026.pdf | https://www.bis.gov.in/wp-content/uploads/2026/06/Notification-of-Transition-Facilitation-Quality-Control-Order-2026.pdf,2026-09-03
Bunk beds,Furniture,Scheme I (ISI Mark),IS 17636: 2022,,S.O. 801 (E),,"14 February, 2025",,,https://bis.gov.in/wp-content/uploads/2025/02/Furniture-QCO-17-02-2025.pdf | https://www.bis.gov.in/wp-content/uploads/2026/02/Furniture-Quality-Control-Amendment-Order-2026.pdf | https://www.bis.gov.in/wp-content/uploads/2026/03/Amendments-in-Quality-Control-Order-2.pdf | https://www.bis.gov.in/wp-content/uploads/2026/03/Furniture-Quality-Control-Second-Amendment-Order-2026.pdf | https://www.bis.gov.in/wp-content/uploads/2026/06/Notification-of-Transition-Facilitation-Quality-Control-Order-2026.pdf,2026-09-03
Refined Nickel,Non-ferrous refined metals,Scheme I (ISI Mark),IS 2782: 2023,,S.O. 1766 (E),,"17 April, 2025",,,https://bis.gov.in/wp-content/uploads/2025/04/Refined-Nickel-Quality-Control-Order-2025.pdf | https://www.bis.gov.in/wp-content/uploads/2025/09/Refined-Nickel-Quality-Control-Amendment-Order-2025.pdf | https://www.bis.gov.in/wp-content/uploads/2025/11/Refined-Nickel-Quality-Control-Order-2025-Withdrawal-Order.pdf,2026-09-03
Primary Lead,Non-ferrous refined metals,Scheme I (ISI Mark),IS 27: 2023,,S.O. 1767 (E),,"17 April, 2025",,,https://bis.gov.in/wp-content/uploads/2025/04/Primary-Lead-Quality-Control-Order-2025.pdf | https://www.bis.gov.in/wp-content/uploads/2025/09/Primary-Lead-Quality-Control-Amendment-Order-2025.pdf | https://www.bis.gov.in/wp-content/uploads/2025/11/Primary-Lead-Quality-Control-Order-2025-Withdrawal-Order.pdf,2026-09-03
Refined Zinc,Non-ferrous refined metals,Scheme I (ISI Mark),IS 209: 2024,,S.O. 1768 (E),,"17 April, 2025",,,https://bis.gov.in/wp-content/uploads/2025/04/Refined-Zinc-Quality-Control-Order-2025.pdf | https://www.bis.gov.in/wp-content/uploads/2025/09/Refined-Zinc-Quality-Control-Amendment-Order-2025.pdf | https://www.bis.gov.in/wp-content/uploads/2025/11/Refined-Zinc-Quality-Control-Order-2025-Withdrawal-Order.pdf,2026-09-03
Tin Ingot,Non-ferrous refined metals,Scheme I (ISI Mark),IS 26: 2024,,S.O. 1769 (E),,"17 April, 2025",,,https://bis.gov.in/wp-content/uploads/2025/04/Tin-Ingot-Quality-Control-Order-2025.pdf | https://www.bis.gov.in/wp-content/uploads/2025/09/Tin-Ingot-Quality-Control-Amendment-Order-2025.pdf | https://www.bis.gov.in/wp-content/uploads/2025/11/Tin-Ingot-Quality-Control-Order-2025-Withdrawal-Order.pdf,2026-09-03
Electronic Games (Video),,Scheme II (CRS),IS/IEC 62368: Part 1: 2023,"Audio/Video, Information and Communication Technology Equipment – Part 1 Safety Requirements",S.O. 2357(E),,03rd October 2012,,,http://crsbis.in/BIS/app_srv/tdc/gl/docs/gazette_notification_2012_10_03.pdf | https://www.bis.gov.in/MandatoryProducts/QCOrder/SO%20No%202357%20(E).pdf | https://www.bis.gov.in/MandatoryProducts/QCOrder/SO%20No%20822%20(E).pdf | https://www.bis.gov.in/MandatoryProducts/QCOrder/SO%20No%202033%20(E).pdf | https://www.bis.gov.in/MandatoryProducts/QCOrder/SO%20No%202034%20(E).pdf | https://www.bis.gov.in/wp-content/uploads/2021/11/Electronics-and-Information-Technology-Goods-Requirement-of-Compulsory-Registration-Order-2021-1.pdf | https://www.bis.gov.in/wp-content/uploads/2026/05/amendments-to-the-Electronics-and-Information-Technology-Goods-Requirements-for-Compulsory-Registration-2021-1.pdf,2026-09-03
Laptop/Notebook/Tablets,,Scheme II (CRS),IS/IEC 62368: Part 1: 2023,"Audio/Video, Information and Communication Technology Equipment – Part 1 Safety Requirements",S.O. 2357(E),,03rd October 2012,,,http://crsbis.in/BIS/app_srv/tdc/gl/docs/gazette_notification_2012_10_03.pdf | https://www.bis.gov.in/MandatoryProducts/QCOrder/SO%20No%202357%20(E).pdf | https://www.bis.gov.in/MandatoryProducts/QCOrder/SO%20No%20822%20(E).pdf | https://www.bis.gov.in/MandatoryProducts/QCOrder/SO%20No%202033%20(E).pdf | https://www.bis.gov.in/MandatoryProducts/QCOrder/SO%20No%202034%20(E).pdf | https://www.bis.gov.in/wp-content/uploads/2021/11/Electronics-and-Information-Technology-Goods-Requirement-of-Compulsory-Registration-Order-2021-1.pdf | https://www.bis.gov.in/wp-content/uploads/2026/05/amendments-to-the-Electronics-and-Information-Technology-Goods-Requirements-for-Compulsory-Registration-2021-1.pdf,2026-09-03
Plasma/ LCD/LED Televisions of screen size 32″ & above,,Scheme II (CRS),IS/IEC 62368: Part 1: 2023,"Audio/Video, Information and Communication Technology Equipment – Part 1 Safety Requirements",S.O. 2357(E),,03rd October 2012,,,http://crsbis.in/BIS/app_srv/tdc/gl/docs/gazette_notification_2012_10_03.pdf | https://www.bis.gov.in/MandatoryProducts/QCOrder/SO%20No%202357%20(E).pdf | https://www.bis.gov.in/MandatoryProducts/QCOrder/SO%20No%20822%20(E).pdf | https://www.bis.gov.in/MandatoryProducts/QCOrder/SO%20No%202033%20(E).pdf | https://www.bis.gov.in/MandatoryProducts/QCOrder/SO%20No%202034%20(E).pdf | https://www.bis.gov.in/wp-content/uploads/2021/11/Electronics-and-Information-Technology-Goods-Requirement-of-Compulsory-Registration-Order-2021-1.pdf | https://www.bis.gov.in/wp-content/uploads/2026/05/amendments-to-the-Electronics-and-Information-Technology-Goods-Requirements-for-Compulsory-Registration-2021-1.pdf,2026-09-03
Optical Disc Players with built in amplifiers of input power 200W and above,,Scheme II (CRS),IS/IEC 62368: Part 1: 2023,"Audio/Video, Information and Communication Technology Equipment – Part 1 Safety Requirements",S.O. 2357(E),,03rd October 2012,,,http://crsbis.in/BIS/app_srv/tdc/gl/docs/gazette_notification_2012_10_03.pdf | https://www.bis.gov.in/MandatoryProducts/QCOrder/SO%20No%202357%20(E).pdf | https://www.bis.gov.in/MandatoryProducts/QCOrder/SO%20No%20822%20(E).pdf | https://www.bis.gov.in/MandatoryProducts/QCOrder/SO%20No%202033%20(E).pdf | https://www.bis.gov.in/MandatoryProducts/QCOrder/SO%20No%202034%20(E).pdf | https://www.bis.gov.in/wp-content/uploads/2021/11/Electronics-and-Information-Technology-Goods-Requirement-of-Compulsory-Registration-Order-2021-1.pdf | https://www.bis.gov.in/wp-content/uploads/2026/05/amendments-to-the-Electronics-and-Information-Technology-Goods-Requirements-for-Compulsory-Registration-2021-1.pdf,2026-09-03
Microwave Ovens,,Scheme II (CRS),IS 302-2-25,Safety of household and similar electrical appliances: Part 2 Particular requirements: Section 25 Microwave ovens,S.O. 2357(E),,03rd October 2012,,,http://crsbis.in/BIS/app_srv/tdc/gl/docs/gazette_notification_2012_10_03.pdf | https://www.bis.gov.in/MandatoryProducts/QCOrder/SO%20No%202357%20(E).pdf | https://www.bis.gov.in/MandatoryProducts/QCOrder/SO%20No%20822%20(E).pdf | https://www.bis.gov.in/MandatoryProducts/QCOrder/SO%20No%202033%20(E).pdf | https://www.bis.gov.in/MandatoryProducts/QCOrder/SO%20No%202034%20(E).pdf | https://www.bis.gov.in/wp-content/uploads/2021/11/Electronics-and-Information-Technology-Goods-Requirement-of-Compulsory-Registration-Order-2021-1.pdf | https://www.bis.gov.in/wp-content/uploads/2026/05/amendments-to-the-Electronics-and-Information-Technology-Goods-Requirements-for-Compulsory-Registration-2021-1.pdf,2026-09-03
"Visual Display Units, Video Monitors of screen size 32″ & above",,Scheme II (CRS),IS/IEC 62368: Part 1: 2023,"Audio/Video, Information and Communication Technology Equipment – Part 1 Safety Requirements",S.O. 2357(E),,03rd October 2012,,,http://crsbis.in/BIS/app_srv/tdc/gl/docs/gazette_notification_2012_10_03.pdf | https://www.bis.gov.in/MandatoryProducts/QCOrder/SO%20No%202357%20(E).pdf | https://www.bis.gov.in/MandatoryProducts/QCOrder/SO%20No%20822%20(E).pdf | https://www.bis.gov.in/MandatoryProducts/QCOrder/SO%20No%202033%20(E).pdf | https://www.bis.gov.in/MandatoryProducts/QCOrder/SO%20No%202034%20(E).pdf | https://www.bis.gov.in/wp-content/uploads/2021/11/Electronics-and-Information-Technology-Goods-Requirement-of-Compulsory-Registration-Order-2021-1.pdf | https://www.bis.gov.in/wp-content/uploads/2026/05/amendments-to-the-Electronics-and-Information-Technology-Goods-Requirements-for-Compulsory-Registration-2021-1.pdf,2026-09-03
"Printers, Plotters",,Scheme II (CRS),IS/IEC 62368: Part 1: 2023,"Audio/Video, Information and Communication Technology Equipment – Part 1 Safety Requirements",S.O. 2357(E),,03rd October 2012,,,http://crsbis.in/BIS/app_srv/tdc/gl/docs/gazette_notification_2012_10_03.pdf | https://www.bis.gov.in/MandatoryProducts/QCOrder/SO%20No%202357%20(E).pdf | https://www.bis.gov.in/MandatoryProducts/QCOrder/SO%20No%20822%20(E).pdf | https://www.bis.gov.in/MandatoryProducts/QCOrder/SO%20No%202033%20(E).pdf | https://www.bis.gov.in/MandatoryProducts/QCOrder/SO%20No%202034%20(E).pdf | https://www.bis.gov.in/wp-content/uploads/2021/11/Electronics-and-Information-Technology-Goods-Requirement-of-Compulsory-Registration-Order-2021-1.pdf | https://www.bis.gov.in/wp-content/uploads/2026/05/amendments-to-the-Electronics-and-Information-Technology-Goods-Requirements-for-Compulsory-Registration-2021-1.pdf,2026-09-03
Scanners,,Scheme II (CRS),IS/IEC 62368: Part 1: 2023,"Audio/Video, Information and Communication Technology Equipment – Part 1 Safety Requirements",S.O. 2357(E),,03rd October 2012,,,http://crsbis.in/BIS/app_srv/tdc/gl/docs/gazette_notification_2012_10_03.pdf | https://www.bis.gov.in/MandatoryProducts/QCOrder/SO%20No%202357%20(E).pdf | https://www.bis.gov.in/MandatoryProducts/QCOrder/SO%20No%20822%20(E).pdf | https://www.bis.gov.in/MandatoryProducts/QCOrder/SO%20No%202033%20(E).pdf | https://www.bis.gov.in/MandatoryProducts/QCOrder/SO%20No%202034%20(E).pdf | https://www.bis.gov.in/wp-content/uploads/2021/11/Electronics-and-Information-Technology-Goods-Requirement-of-Compulsory-Registration-Order-2021-1.pdf | https://www.bis.gov.in/wp-content/uploads/2026/05/amendments-to-the-Electronics-and-Information-Technology-Goods-Requirements-for-Compulsory-Registration-2021-1.pdf,2026-09-03
Wireless Keyboards,,Scheme II (CRS),IS/IEC 62368: Part 1: 2023,"Audio/Video, Information and Communication Technology Equipment – Part 1 Safety Requirements",S.O. 2357(E),,03rd October 2012,,,http://crsbis.in/BIS/app_srv/tdc/gl/docs/gazette_notification_2012_10_03.pdf | https://www.bis.gov.in/MandatoryProducts/QCOrder/SO%20No%202357%20(E).pdf | https://www.bis.gov.in/MandatoryProducts/QCOrder/SO%20No%20822%20(E).pdf | https://www.bis.gov.in/MandatoryProducts/QCOrder/SO%20No%202033%20(E).pdf | https://www.bis.gov.in/MandatoryProducts/QCOrder/SO%20No%202034%20(E).pdf | https://www.bis.gov.in/wp-content/uploads/2021/11/Electronics-and-Information-Technology-Goods-Requirement-of-Compulsory-Registration-Order-2021-1.pdf | https://www.bis.gov.in/wp-content/uploads/2026/05/amendments-to-the-Electronics-and-Information-Technology-Goods-Requirements-for-Compulsory-Registration-2021-1.pdf,2026-09-03
Telephone Answering Machines,,Scheme II (CRS),IS/IEC 62368: Part 1: 2023,"Audio/Video, Information and Communication Technology Equipment – Part 1 Safety Requirements",S.O. 2357(E),,03rd October 2012,,,http://crsbis.in/BIS/app_srv/tdc/gl/docs/gazette_notification_2012_10_03.pdf | https://www.bis.gov.in/MandatoryProducts/QCOrder/SO%20No%202357%20(E).pdf | https://www.bis.gov.in/MandatoryProducts/QCOrder/SO%20No%20822%20(E).pdf | https://www.bis.gov.in/MandatoryProducts/QCOrder/SO%20No%202033%20(E).pdf | https://www.bis.gov.in/MandatoryProducts/QCOrder/SO%20No%202034%20(E).pdf | https://www.bis.gov.in/wp-content/uploads/2021/11/Electronics-and-Information-Technology-Goods-Requirement-of-Compulsory-Registration-Order-2021-1.pdf | https://www.bis.gov.in/wp-content/uploads/2026/05/amendments-to-the-Electronics-and-Information-Technology-Goods-Requirements-for-Compulsory-Registration-2021-1.pdf,2026-09-03
Amplifiers with input power 2000W and above,,Scheme II (CRS),IS/IEC 62368: Part 1: 2023,"Audio/Video, Information and Communication Technology Equipment – Part 1 Safety Requirements",S.O. 2357(E),,03rd October 2012,,,http://crsbis.in/BIS/app_srv/tdc/gl/docs/gazette_notification_2012_10_03.pdf | https://www.bis.gov.in/MandatoryProducts/QCOrder/SO%20No%202357%20(E).pdf | https://www.bis.gov.in/MandatoryProducts/QCOrder/SO%20No%20822%20(E).pdf | https://www.bis.gov.in/MandatoryProducts/QCOrder/SO%20No%202033%20(E).pdf | https://www.bis.gov.in/MandatoryProducts/QCOrder/SO%20No%202034%20(E).pdf | https://www.bis.gov.in/wp-content/uploads/2021/11/Electronics-and-Information-Technology-Goods-Requirement-of-Compulsory-Registration-Order-2021-1.pdf | https://www.bis.gov.in/wp-content/uploads/2026/05/amendments-to-the-Electronics-and-Information-Technology-Goods-Requirements-for-Compulsory-Registration-2021-1.pdf,2026-09-03
Electronic Musical Systems with input power 200W and above,,Scheme II (CRS),IS/IEC 62368: Part 1: 2023,"Audio/Video, Information and Communication Technology Equipment – Part 1 Safety Requirements",S.O. 2357(E),,03rd October 2012,,,http://crsbis.in/BIS/app_srv/tdc/gl/docs/gazette_notification_2012_10_03.pdf | https://www.bis.gov.in/MandatoryProducts/QCOrder/SO%20No%202357%20(E).pdf | https://www.bis.gov.in/MandatoryProducts/QCOrder/SO%20No%20822%20(E).pdf | https://www.bis.gov.in/MandatoryProducts/QCOrder/SO%20No%202033%20(E).pdf | https://www.bis.gov.in/MandatoryProducts/QCOrder/SO%20No%202034%20(E).pdf | https://www.bis.gov.in/wp-content/uploads/2021/11/Electronics-and-Information-Technology-Goods-Requirement-of-Compulsory-Registration-Order-2021-1.pdf | https://www.bis.gov.in/wp-content/uploads/2026/05/amendments-to-the-Electronics-and-Information-Technology-Goods-Requirements-for-Compulsory-Registration-2021-1.pdf,2026-09-03
Electronic Clocks with Mains Powers,,Scheme II (CRS),IS 302-2:26,Safety of household and similar electrical appliances: Part 2 Particular requirements: Section 26 Clocks,S.O. 2357(E),,03rd October 2012,,,http://crsbis.in/BIS/app_srv/tdc/gl/docs/gazette_notification_2012_10_03.pdf | https://www.bis.gov.in/MandatoryProducts/QCOrder/SO%20No%202357%20(E).pdf | https://www.bis.gov.in/MandatoryProducts/QCOrder/SO%20No%20822%20(E).pdf | https://www.bis.gov.in/MandatoryProducts/QCOrder/SO%20No%202033%20(E).pdf | https://www.bis.gov.in/MandatoryProducts/QCOrder/SO%20No%202034%20(E).pdf | https://www.bis.gov.in/wp-content/uploads/2021/11/Electronics-and-Information-Technology-Goods-Requirement-of-Compulsory-Registration-Order-2021-1.pdf | https://www.bis.gov.in/wp-content/uploads/2026/05/amendments-to-the-Electronics-and-Information-Technology-Goods-Requirements-for-Compulsory-Registration-2021-1.pdf,2026-09-03
Set Top Box,,Scheme II (CRS),IS/IEC 62368: Part 1: 2023,"Audio/Video, Information and Communication Technology Equipment – Part 1 Safety Requirements",S.O. 2357(E),,03rd October 2012,,,http://crsbis.in/BIS/app_srv/tdc/gl/docs/gazette_notification_2012_10_03.pdf | https://www.bis.gov.in/MandatoryProducts/QCOrder/SO%20No%202357%20(E).pdf | https://www.bis.gov.in/MandatoryProducts/QCOrder/SO%20No%20822%20(E).pdf | https://www.bis.gov.in/MandatoryProducts/QCOrder/SO%20No%202033%20(E).pdf | https://www.bis.gov.in/MandatoryProducts/QCOrder/SO%20No%202034%20(E).pdf | https://www.bis.gov.in/wp-content/uploads/2021/11/Electronics-and-Information-Technology-Goods-Requirement-of-Compulsory-Registration-Order-2021-1.pdf | https://www.bis.gov.in/wp-content/uploads/2026/05/amendments-to-the-Electronics-and-Information-Technology-Goods-Requirements-for-Compulsory-Registration-2021-1.pdf,2026-09-03
Automatic Data Processing Machine,,Scheme II (CRS),IS/IEC 62368: Part 1: 2023,"Audio/Video, Information and Communication Technology Equipment – Part 1 Safety Requirements",S.O. 2357(E),,03rd October 2012,,,http://crsbis.in/BIS/app_srv/tdc/gl/docs/gazette_notification_2012_10_03.pdf | https://www.bis.gov.in/MandatoryProducts/QCOrder/SO%20No%202357%20(E).pdf | https://www.bis.gov.in/MandatoryProducts/QCOrder/SO%20No%20822%20(E).pdf | https://www.bis.gov.in/MandatoryProducts/QCOrder/SO%20No%202033%20(E).pdf | https://www.bis.gov.in/MandatoryProducts/QCOrder/SO%20No%202034%20(E).pdf | https://www.bis.gov.in/wp-content/uploads/2021/11/Electronics-and-Information-Technology-Goods-Requirement-of-Compulsory-Registration-Order-2021-1.pdf | https://www.bis.gov.in/wp-content/uploads/2026/05/amendments-to-the-Electronics-and-Information-Technology-Goods-Requirements-for-Compulsory-Registration-2021-1.pdf,2026-09-03
Power Adaptors for IT Equipments,,Scheme II (CRS),IS/IEC 62368: Part 1: 2023,"Audio/Video, Information and Communication Technology Equipment – Part 1 Safety Requirements",S.O. 2905(E),,13th November 2012,,,http://crsbis.in/BIS/app_srv/tdc/gl/docs/gazette_notification_2012_10_03.pdf | https://www.bis.gov.in/MandatoryProducts/QCOrder/SO%20No%202905%20(E).pdf | http://crsbis.in/BIS/app_srv/tdc/gl/docs/extension_order.pdf | https://www.bis.gov.in/MandatoryProducts/QCOrder/SO%20No%20344%20(E).pdf | https://www.bis.gov.in/MandatoryProducts/QCOrder/SO%20No%202578%20(E).pdf | https://www.bis.gov.in/wp-content/uploads/2021/11/Electronics-and-Information-Technology-Goods-Requirement-of-Compulsory-Registration-Order-2021-1.pdf | https://www.bis.gov.in/wp-content/uploads/2026/05/amendments-to-the-Electronics-and-Information-Technology-Goods-Requirements-for-Compulsory-Registration-2021-1.pdf,2026-09-03
"Power Adaptors for Audio, Video & Similar Electronic Apparatus",,Scheme II (CRS),IS/IEC 62368: Part 1: 2023,"Audio/Video, Information and Communication Technology Equipment – Part 1 Safety Requirements",S.O. 2905(E),,13th November 2012,,,http://crsbis.in/BIS/app_srv/tdc/gl/docs/gazette_notification_2012_10_03.pdf | https://www.bis.gov.in/MandatoryProducts/QCOrder/SO%20No%202905%20(E).pdf | http://crsbis.in/BIS/app_srv/tdc/gl/docs/extension_order.pdf | https://www.bis.gov.in/MandatoryProducts/QCOrder/SO%20No%20344%20(E).pdf | https://www.bis.gov.in/MandatoryProducts/QCOrder/SO%20No%202578%20(E).pdf | https://www.bis.gov.in/wp-content/uploads/2021/11/Electronics-and-Information-Technology-Goods-Requirement-of-Compulsory-Registration-Order-2021-1.pdf | https://www.bis.gov.in/wp-content/uploads/2026/05/amendments-to-the-Electronics-and-Information-Technology-Goods-Requirements-for-Compulsory-Registration-2021-1.pdf,2026-09-03
UPS/Invertors of rating≤5kVA,,Scheme II (CRS),IS 16242 (Part 1),General and Safety Requirements for UPS,S.O. 2905(E),,13th November 2012,,,http://crsbis.in/BIS/app_srv/tdc/gl/docs/gazette_notification_2012_10_03.pdf | https://www.bis.gov.in/MandatoryProducts/QCOrder/SO%20No%202905%20(E).pdf | http://crsbis.in/BIS/app_srv/tdc/gl/docs/extension_order.pdf | https://www.bis.gov.in/MandatoryProducts/QCOrder/SO%20No%20344%20(E).pdf | https://www.bis.gov.in/MandatoryProducts/QCOrder/SO%20No%202578%20(E).pdf | https://www.bis.gov.in/wp-content/uploads/2021/11/Electronics-and-Information-Technology-Goods-Requirement-of-Compulsory-Registration-Order-2021-1.pdf | https://www.bis.gov.in/wp-content/uploads/2026/05/amendments-to-the-Electronics-and-Information-Technology-Goods-Requirements-for-Compulsory-Registration-2021-1.pdf,2026-09-03
DC or AC Supplied Electronic Control gear for LED Modules,,Scheme II (CRS),IS 15885 (Part 2/Sec 13),Safety of Lamp Control gear Part 2 Particular Requirements Section 13 d.c. or a.c. Supplied Electronic Control gear for LED Modules,S.O. 2905(E),,13th November 2012,,,http://crsbis.in/BIS/app_srv/tdc/gl/docs/gazette_notification_2012_10_03.pdf | https://www.bis.gov.in/MandatoryProducts/QCOrder/SO%20No%202905%20(E).pdf | http://crsbis.in/BIS/app_srv/tdc/gl/docs/extension_order.pdf | https://www.bis.gov.in/MandatoryProducts/QCOrder/SO%20No%20344%20(E).pdf | https://www.bis.gov.in/MandatoryProducts/QCOrder/SO%20No%202578%20(E).pdf | https://www.bis.gov.in/wp-content/uploads/2021/11/Electronics-and-Information-Technology-Goods-Requirement-of-Compulsory-Registration-Order-2021-1.pdf | https://www.bis.gov.in/wp-content/uploads/2026/05/amendments-to-the-Electronics-and-Information-Technology-Goods-Requirements-for-Compulsory-Registration-2021-1.pdf,2026-09-03
Sealed Secondary Cells/Batteries containing Alkaline or other non-acid Electrolytes for use in portable applications,,Scheme II (CRS),IS 16046,"Secondary Cells and Batteries containing Alkaline or other non-acid Electrolytes-Safety Requirements for Portable sealed secondary cells, and for Batteries made from them for use in portable applications",S.O. 2905(E),,13th November 2012,,,http://crsbis.in/BIS/app_srv/tdc/gl/docs/gazette_notification_2012_10_03.pdf | https://www.bis.gov.in/MandatoryProducts/QCOrder/SO%20No%202905%20(E).pdf | http://crsbis.in/BIS/app_srv/tdc/gl/docs/extension_order.pdf | https://www.bis.gov.in/MandatoryProducts/QCOrder/SO%20No%20344%20(E).pdf | https://www.bis.gov.in/MandatoryProducts/QCOrder/SO%20No%202578%20(E).pdf | https://www.bis.gov.in/wp-content/uploads/2021/11/Electronics-and-Information-Technology-Goods-Requirement-of-Compulsory-Registration-Order-2021-1.pdf | https://www.bis.gov.in/wp-content/uploads/2026/05/amendments-to-the-Electronics-and-Information-Technology-Goods-Requirements-for-Compulsory-Registration-2021-1.pdf,2026-09-03
Self-Ballasted LED Lamps for General Lighting Services,,Scheme II (CRS),IS 16102(Part 1),Self-Ballasted LED Lamps for General Lighting Services Part 1 Safety Requirements,S.O. 2905(E),,13th November 2012,,,http://crsbis.in/BIS/app_srv/tdc/gl/docs/gazette_notification_2012_10_03.pdf | https://www.bis.gov.in/MandatoryProducts/QCOrder/SO%20No%202905%20(E).pdf | http://crsbis.in/BIS/app_srv/tdc/gl/docs/extension_order.pdf | https://www.bis.gov.in/MandatoryProducts/QCOrder/SO%20No%20344%20(E).pdf | https://www.bis.gov.in/MandatoryProducts/QCOrder/SO%20No%202578%20(E).pdf | https://www.bis.gov.in/wp-content/uploads/2021/11/Electronics-and-Information-Technology-Goods-Requirement-of-Compulsory-Registration-Order-2021-1.pdf | https://www.bis.gov.in/wp-content/uploads/2026/05/amendments-to-the-Electronics-and-Information-Technology-Goods-Requirements-for-Compulsory-Registration-2021-1.pdf,2026-09-03
Fixed General Purpose LED Luminaries,,Scheme II (CRS),10322 (Part 5/Sec 1),Luminaries Part 5 Particular Requirements Sec 1 Fixed General purpose luminaries,S.O. 2905(E),,13th November 2012,,,http://crsbis.in/BIS/app_srv/tdc/gl/docs/gazette_notification_2012_10_03.pdf | https://www.bis.gov.in/MandatoryProducts/QCOrder/SO%20No%202905%20(E).pdf | http://crsbis.in/BIS/app_srv/tdc/gl/docs/extension_order.pdf | https://www.bis.gov.in/MandatoryProducts/QCOrder/SO%20No%20344%20(E).pdf | https://www.bis.gov.in/MandatoryProducts/QCOrder/SO%20No%202578%20(E).pdf | https://www.bis.gov.in/wp-content/uploads/2021/11/Electronics-and-Information-Technology-Goods-Requirement-of-Compulsory-Registration-Order-2021-1.pdf | https://www.bis.gov.in/wp-content/uploads/2026/05/amendments-to-the-Electronics-and-Information-Technology-Goods-Requirements-for-Compulsory-Registration-2021-1.pdf,2026-09-03
Mobile Phones,,Scheme II (CRS),IS/IEC 62368: Part 1: 2023,"Audio/Video, Information and Communication Technology Equipment – Part 1 Safety Requirements",S.O. 2905(E),,13th November 2012,,,http://crsbis.in/BIS/app_srv/tdc/gl/docs/gazette_notification_2012_10_03.pdf | https://www.bis.gov.in/MandatoryProducts/QCOrder/SO%20No%202905%20(E).pdf | http://crsbis.in/BIS/app_srv/tdc/gl/docs/extension_order.pdf | https://www.bis.gov.in/MandatoryProducts/QCOrder/SO%20No%20344%20(E).pdf | https://www.bis.gov.in/MandatoryProducts/QCOrder/SO%20No%202578%20(E).pdf | https://www.bis.gov.in/wp-content/uploads/2021/11/Electronics-and-Information-Technology-Goods-Requirement-of-Compulsory-Registration-Order-2021-1.pdf | https://www.bis.gov.in/wp-content/uploads/2026/05/amendments-to-the-Electronics-and-Information-Technology-Goods-Requirements-for-Compulsory-Registration-2021-1.pdf,2026-09-03
Cash Registers,,Scheme II (CRS),IS/IEC 62368: Part 1: 2023,"Audio/Video, Information and Communication Technology Equipment – Part 1 Safety Requirements",S.O. 2905(E),,13th November 2012,,,http://crsbis.in/BIS/app_srv/tdc/gl/docs/gazette_notification_2012_10_03.pdf | https://www.bis.gov.in/MandatoryProducts/QCOrder/SO%20No%202905%20(E).pdf | http://crsbis.in/BIS/app_srv/tdc/gl/docs/extension_order.pdf | https://www.bis.gov.in/MandatoryProducts/QCOrder/SO%20No%20344%20(E).pdf | https://www.bis.gov.in/MandatoryProducts/QCOrder/SO%20No%202578%20(E).pdf | https://www.bis.gov.in/wp-content/uploads/2021/11/Electronics-and-Information-Technology-Goods-Requirement-of-Compulsory-Registration-Order-2021-1.pdf | https://www.bis.gov.in/wp-content/uploads/2026/05/amendments-to-the-Electronics-and-Information-Technology-Goods-Requirements-for-Compulsory-Registration-2021-1.pdf,2026-09-03
Point of Sale Terminals,,Scheme II (CRS),IS/IEC 62368: Part 1: 2023,"Audio/Video, Information and Communication Technology Equipment – Part 1 Safety Requirements",S.O. 2905(E),,13th November 2012,,,http://crsbis.in/BIS/app_srv/tdc/gl/docs/gazette_notification_2012_10_03.pdf | https://www.bis.gov.in/MandatoryProducts/QCOrder/SO%20No%202905%20(E).pdf | http://crsbis.in/BIS/app_srv/tdc/gl/docs/extension_order.pdf | https://www.bis.gov.in/MandatoryProducts/QCOrder/SO%20No%20344%20(E).pdf | https://www.bis.gov.in/MandatoryProducts/QCOrder/SO%20No%202578%20(E).pdf | https://www.bis.gov.in/wp-content/uploads/2021/11/Electronics-and-Information-Technology-Goods-Requirement-of-Compulsory-Registration-Order-2021-1.pdf | https://www.bis.gov.in/wp-content/uploads/2026/05/amendments-to-the-Electronics-and-Information-Technology-Goods-Requirements-for-Compulsory-Registration-2021-1.pdf,2026-09-03
Copying Machines/Duplicators,,Scheme II (CRS),IS/IEC 62368: Part 1: 2023,"Audio/Video, Information and Communication Technology Equipment – Part 1 Safety Requirements",S.O. 2905(E),,13th November 2012,,,http://crsbis.in/BIS/app_srv/tdc/gl/docs/gazette_notification_2012_10_03.pdf | https://www.bis.gov.in/MandatoryProducts/QCOrder/SO%20No%202905%20(E).pdf | http://crsbis.in/BIS/app_srv/tdc/gl/docs/extension_order.pdf | https://www.bis.gov.in/MandatoryProducts/QCOrder/SO%20No%20344%20(E).pdf | https://www.bis.gov.in/MandatoryProducts/QCOrder/SO%20No%202578%20(E).pdf | https://www.bis.gov.in/wp-content/uploads/2021/11/Electronics-and-Information-Technology-Goods-Requirement-of-Compulsory-Registration-Order-2021-1.pdf | https://www.bis.gov.in/wp-content/uploads/2026/05/amendments-to-the-Electronics-and-Information-Technology-Goods-Requirements-for-Compulsory-Registration-2021-1.pdf,2026-09-03
Smart Card Readers,,Scheme II (CRS),IS/IEC 62368: Part 1: 2023,"Audio/Video, Information and Communication Technology Equipment – Part 1 Safety Requirements",S.O. 2905(E),,13th November 2012,,,http://crsbis.in/BIS/app_srv/tdc/gl/docs/gazette_notification_2012_10_03.pdf | https://www.bis.gov.in/MandatoryProducts/QCOrder/SO%20No%202905%20(E).pdf | http://crsbis.in/BIS/app_srv/tdc/gl/docs/extension_order.pdf | https://www.bis.gov.in/MandatoryProducts/QCOrder/SO%20No%20344%20(E).pdf | https://www.bis.gov.in/MandatoryProducts/QCOrder/SO%20No%202578%20(E).pdf | https://www.bis.gov.in/wp-content/uploads/2021/11/Electronics-and-Information-Technology-Goods-Requirement-of-Compulsory-Registration-Order-2021-1.pdf | https://www.bis.gov.in/wp-content/uploads/2026/05/amendments-to-the-Electronics-and-Information-Technology-Goods-Requirements-for-Compulsory-Registration-2021-1.pdf,2026-09-03
Mail Processing Machines/Postage Machines/Franking Machines,,Scheme II (CRS),IS/IEC 62368: Part 1: 2023,"Audio/Video, Information and Communication Technology Equipment – Part 1 Safety Requirements",S.O. 2905(E),,13th November 2012,,,http://crsbis.in/BIS/app_srv/tdc/gl/docs/gazette_notification_2012_10_03.pdf | https://www.bis.gov.in/MandatoryProducts/QCOrder/SO%20No%202905%20(E).pdf | http://crsbis.in/BIS/app_srv/tdc/gl/docs/extension_order.pdf | https://www.bis.gov.in/MandatoryProducts/QCOrder/SO%20No%20344%20(E).pdf | https://www.bis.gov.in/MandatoryProducts/QCOrder/SO%20No%202578%20(E).pdf | https://www.bis.gov.in/wp-content/uploads/2021/11/Electronics-and-Information-Technology-Goods-Requirement-of-Compulsory-Registration-Order-2021-1.pdf | https://www.bis.gov.in/wp-content/uploads/2026/05/amendments-to-the-Electronics-and-Information-Technology-Goods-Requirements-for-Compulsory-Registration-2021-1.pdf,2026-09-03
Passport Reader,,Scheme II (CRS),IS/IEC 62368: Part 1: 2023,"Audio/Video, Information and Communication Technology Equipment – Part 1 Safety Requirements",S.O. 2905(E),,13th November 2012,,,http://crsbis.in/BIS/app_srv/tdc/gl/docs/gazette_notification_2012_10_03.pdf | https://www.bis.gov.in/MandatoryProducts/QCOrder/SO%20No%202905%20(E).pdf | http://crsbis.in/BIS/app_srv/tdc/gl/docs/extension_order.pdf | https://www.bis.gov.in/MandatoryProducts/QCOrder/SO%20No%20344%20(E).pdf | https://www.bis.gov.in/MandatoryProducts/QCOrder/SO%20No%202578%20(E).pdf | https://www.bis.gov.in/wp-content/uploads/2021/11/Electronics-and-Information-Technology-Goods-Requirement-of-Compulsory-Registration-Order-2021-1.pdf | https://www.bis.gov.in/wp-content/uploads/2026/05/amendments-to-the-Electronics-and-Information-Technology-Goods-Requirements-for-Compulsory-Registration-2021-1.pdf,2026-09-03
Power Banks for use in portable applications,,Scheme II (CRS),IS/IEC 62368: Part 1: 2023,"Audio/Video, Information and Communication Technology Equipment – Part 1 Safety Requirements",S.O. 2905(E),,13th November 2012,,,http://crsbis.in/BIS/app_srv/tdc/gl/docs/gazette_notification_2012_10_03.pdf | https://www.bis.gov.in/MandatoryProducts/QCOrder/SO%20No%202905%20(E).pdf | http://crsbis.in/BIS/app_srv/tdc/gl/docs/extension_order.pdf | https://www.bis.gov.in/MandatoryProducts/QCOrder/SO%20No%20344%20(E).pdf | https://www.bis.gov.in/MandatoryProducts/QCOrder/SO%20No%202578%20(E).pdf | https://www.bis.gov.in/wp-content/uploads/2021/11/Electronics-and-Information-Technology-Goods-Requirement-of-Compulsory-Registration-Order-2021-1.pdf | https://www.bis.gov.in/wp-content/uploads/2026/05/amendments-to-the-Electronics-and-Information-Technology-Goods-Requirements-for-Compulsory-Registration-2021-1.pdf,2026-09-03
Mobile Phones,,Scheme II (CRS),IS 16333 (Part-3),Mobile Phone Handsets Part 3 Indian Language Support for Mobile Phone Handsets – Specific Requirements,S.O.1246 (E),,24th Oct 2016,,,https://www.bis.gov.in/MandatoryProducts/QCOrder/16333.pdf | https://www.bis.gov.in/wp-content/uploads/2021/11/Electronics-and-Information-Technology-Goods-Requirement-of-Compulsory-Registration-Order-2021-1.pdf | https://www.bis.gov.in/wp-content/uploads/2026/05/amendments-to-the-Electronics-and-Information-Technology-Goods-Requirements-for-Compulsory-Registration-2021-1.pdf,2026-09-03
Recessed LED Luminaries,,Scheme II (CRS),IS 10322 (Part 5/Section 2): 2012,Luminaires Part 5: Particular Requirements Section 2 Recessed Luminaires,SO 2742 (E),,17th August 2017,,,https://www.bis.gov.in/MandatoryProducts/QCOrder/2742.pdf | https://www.bis.gov.in/wp-content/uploads/2021/11/Electronics-and-Information-Technology-Goods-Requirement-of-Compulsory-Registration-Order-2021-1.pdf | https://www.bis.gov.in/wp-content/uploads/2024/04/CCTV-Camera-CRO-2021.pdf | https://www.bis.gov.in/wp-content/uploads/2026/05/amendments-to-the-Electronics-and-Information-Technology-Goods-Requirements-for-Compulsory-Registration-2021-1.pdf,2026-09-03
LED Luminaires for Road and Street lighting,,Scheme II (CRS),IS 10322 (Part 5/Section 3): 2012,Luminaires – Part 5: Particular Requirements Section 3 Luminaires for Road and Street Lighting,SO 2742 (E),,17th August 2017,,,https://www.bis.gov.in/MandatoryProducts/QCOrder/2742.pdf | https://www.bis.gov.in/wp-content/uploads/2021/11/Electronics-and-Information-Technology-Goods-Requirement-of-Compulsory-Registration-Order-2021-1.pdf | https://www.bis.gov.in/wp-content/uploads/2024/04/CCTV-Camera-CRO-2021.pdf | https://www.bis.gov.in/wp-content/uploads/2026/05/amendments-to-the-Electronics-and-Information-Technology-Goods-Requirements-for-Compulsory-Registration-2021-1.pdf,2026-09-03
LED Flood Lights,,Scheme II (CRS),IS 10322 (Part 5/Section 5): 2013,Luminaires – Part 5: Particular Requirements Section 5 Flood Lights,SO 2742 (E),,17th August 2017,,,https://www.bis.gov.in/MandatoryProducts/QCOrder/2742.pdf | https://www.bis.gov.in/wp-content/uploads/2021/11/Electronics-and-Information-Technology-Goods-Requirement-of-Compulsory-Registration-Order-2021-1.pdf | https://www.bis.gov.in/wp-content/uploads/2024/04/CCTV-Camera-CRO-2021.pdf | https://www.bis.gov.in/wp-content/uploads/2026/05/amendments-to-the-Electronics-and-Information-Technology-Goods-Requirements-for-Compulsory-Registration-2021-1.pdf,2026-09-03
LED Hand lamps,,Scheme II (CRS),IS 10322 (Part 5/Section 6): 2013,Luminaires – Part 5: Particular Requirements Section 6 Hamp Lamps,SO 2742 (E),,17th August 2017,,,https://www.bis.gov.in/MandatoryProducts/QCOrder/2742.pdf | https://www.bis.gov.in/wp-content/uploads/2021/11/Electronics-and-Information-Technology-Goods-Requirement-of-Compulsory-Registration-Order-2021-1.pdf | https://www.bis.gov.in/wp-content/uploads/2024/04/CCTV-Camera-CRO-2021.pdf | https://www.bis.gov.in/wp-content/uploads/2026/05/amendments-to-the-Electronics-and-Information-Technology-Goods-Requirements-for-Compulsory-Registration-2021-1.pdf,2026-09-03
LED Lighting Chains,,Scheme II (CRS),IS 10322 (Part 5/Section 7): 2013,Luminaires – Part 5: Particular Requirements Section 7 Lighting Chains,SO 2742 (E),,17th August 2017,,,https://www.bis.gov.in/MandatoryProducts/QCOrder/2742.pdf | https://www.bis.gov.in/wp-content/uploads/2021/11/Electronics-and-Information-Technology-Goods-Requirement-of-Compulsory-Registration-Order-2021-1.pdf | https://www.bis.gov.in/wp-content/uploads/2024/04/CCTV-Camera-CRO-2021.pdf | https://www.bis.gov.in/wp-content/uploads/2026/05/amendments-to-the-Electronics-and-Information-Technology-Goods-Requirements-for-Compulsory-Registration-2021-1.pdf,2026-09-03
LED Luminaires for Emergency Lighting,,Scheme II (CRS),IS 10322 (Part 5/Section 8): 2013,Luminaires – Part 5: Particular Requirements Section 8 Luminaires for Emergency Lighting,SO 2742 (E),,17th August 2017,,,https://www.bis.gov.in/MandatoryProducts/QCOrder/2742.pdf | https://www.bis.gov.in/wp-content/uploads/2021/11/Electronics-and-Information-Technology-Goods-Requirement-of-Compulsory-Registration-Order-2021-1.pdf | https://www.bis.gov.in/wp-content/uploads/2024/04/CCTV-Camera-CRO-2021.pdf | https://www.bis.gov.in/wp-content/uploads/2026/05/amendments-to-the-Electronics-and-Information-Technology-Goods-Requirements-for-Compulsory-Registration-2021-1.pdf,2026-09-03
UPS/Inverters of rating ≤ 10kVA,,Scheme II (CRS),IS 16242 (Part 1):2014,General and Safety Requirements for UPS,SO 2742 (E),,17th August 2017,,,https://www.bis.gov.in/MandatoryProducts/QCOrder/2742.pdf | https://www.bis.gov.in/wp-content/uploads/2021/11/Electronics-and-Information-Technology-Goods-Requirement-of-Compulsory-Registration-Order-2021-1.pdf | https://www.bis.gov.in/wp-content/uploads/2024/04/CCTV-Camera-CRO-2021.pdf | https://www.bis.gov.in/wp-content/uploads/2026/05/amendments-to-the-Electronics-and-Information-Technology-Goods-Requirements-for-Compulsory-Registration-2021-1.pdf,2026-09-03
Plasma/ LCD/LED Television of screen size up-to 32”,,Scheme II (CRS),IS/IEC 62368: Part 1: 2023,"Audio/Video, Information and Communication Technology Equipment – Part 1 Safety Requirements",SO 2742 (E),,17th August 2017,,,https://www.bis.gov.in/MandatoryProducts/QCOrder/2742.pdf | https://www.bis.gov.in/wp-content/uploads/2021/11/Electronics-and-Information-Technology-Goods-Requirement-of-Compulsory-Registration-Order-2021-1.pdf | https://www.bis.gov.in/wp-content/uploads/2024/04/CCTV-Camera-CRO-2021.pdf | https://www.bis.gov.in/wp-content/uploads/2026/05/amendments-to-the-Electronics-and-Information-Technology-Goods-Requirements-for-Compulsory-Registration-2021-1.pdf,2026-09-03
"Visual Display Units, Video Monitors of screen size up-to 32”",,Scheme II (CRS),IS/IEC 62368: Part 1: 2023,"Audio/Video, Information and Communication Technology Equipment – Part 1 Safety Requirements",SO 2742 (E),,17th August 2017,,,https://www.bis.gov.in/MandatoryProducts/QCOrder/2742.pdf | https://www.bis.gov.in/wp-content/uploads/2021/11/Electronics-and-Information-Technology-Goods-Requirement-of-Compulsory-Registration-Order-2021-1.pdf | https://www.bis.gov.in/wp-content/uploads/2024/04/CCTV-Camera-CRO-2021.pdf | https://www.bis.gov.in/wp-content/uploads/2026/05/amendments-to-the-Electronics-and-Information-Technology-Goods-Requirements-for-Compulsory-Registration-2021-1.pdf,2026-09-03
CCTV Cameras/CCTV Recorders,,Scheme II (CRS),IS/IEC 62368: Part 1: 2023,"Audio/Video, Information and Communication Technology Equipment – Part 1 Safety Requirements",SO 2742 (E),,17th August 2017,,,https://www.bis.gov.in/MandatoryProducts/QCOrder/2742.pdf | https://www.bis.gov.in/wp-content/uploads/2021/11/Electronics-and-Information-Technology-Goods-Requirement-of-Compulsory-Registration-Order-2021-1.pdf | https://www.bis.gov.in/wp-content/uploads/2024/04/CCTV-Camera-CRO-2021.pdf | https://www.bis.gov.in/wp-content/uploads/2026/05/amendments-to-the-Electronics-and-Information-Technology-Goods-Requirements-for-Compulsory-Registration-2021-1.pdf,2026-09-03
Adapters for household and similar electrical appliances,,Scheme II (CRS),IS 302 (Part 1): 2008,Safety of Household and similar electrical appliances Part 1 General requirements,SO 2742 (E),,17th August 2017,,,https://www.bis.gov.in/MandatoryProducts/QCOrder/2742.pdf | https://www.bis.gov.in/wp-content/uploads/2021/11/Electronics-and-Information-Technology-Goods-Requirement-of-Compulsory-Registration-Order-2021-1.pdf | https://www.bis.gov.in/wp-content/uploads/2024/04/CCTV-Camera-CRO-2021.pdf | https://www.bis.gov.in/wp-content/uploads/2026/05/amendments-to-the-Electronics-and-Information-Technology-Goods-Requirements-for-Compulsory-Registration-2021-1.pdf,2026-09-03
"USB driven Barcode readers, barcode scanners, Iris scanners, Optical fingerprint scanners",,Scheme II (CRS),IS/IEC 62368: Part 1: 2023,"Audio/Video, Information and Communication Technology Equipment – Part 1 Safety Requirements",SO 2742 (E),,17th August 2017,,,https://www.bis.gov.in/MandatoryProducts/QCOrder/2742.pdf | https://www.bis.gov.in/wp-content/uploads/2021/11/Electronics-and-Information-Technology-Goods-Requirement-of-Compulsory-Registration-Order-2021-1.pdf | https://www.bis.gov.in/wp-content/uploads/2024/04/CCTV-Camera-CRO-2021.pdf | https://www.bis.gov.in/wp-content/uploads/2026/05/amendments-to-the-Electronics-and-Information-Technology-Goods-Requirements-for-Compulsory-Registration-2021-1.pdf,2026-09-03
Smart watches,,Scheme II (CRS),IS/IEC 62368: Part 1: 2023,"Audio/Video, Information and Communication Technology Equipment – Part 1 Safety Requirements",SO 2742 (E),,17th August 2017,,,https://www.bis.gov.in/MandatoryProducts/QCOrder/2742.pdf | https://www.bis.gov.in/wp-content/uploads/2021/11/Electronics-and-Information-Technology-Goods-Requirement-of-Compulsory-Registration-Order-2021-1.pdf | https://www.bis.gov.in/wp-content/uploads/2024/04/CCTV-Camera-CRO-2021.pdf | https://www.bis.gov.in/wp-content/uploads/2026/05/amendments-to-the-Electronics-and-Information-Technology-Goods-Requirements-for-Compulsory-Registration-2021-1.pdf,2026-09-03
Standalone LED Modules for General Lighting,,Scheme II (CRS),IS 16103 (Part 1): 2012,LED modules for general lighting: Part 1 safety requirements,SO 1236 (E),,"01st April, 2020",,,https://www.bis.gov.in/wp-content/uploads/2020/05/MeitY-QCO-for-additional-12-products.pdf | https://www.bis.gov.in/wp-content/uploads/2021/11/Electronics-and-Information-Technology-Goods-Requirement-of-Compulsory-Registration-Order-2021-1.pdf | https://www.bis.gov.in/wp-content/uploads/2026/05/amendments-to-the-Electronics-and-Information-Technology-Goods-Requirements-for-Compulsory-Registration-2021-1.pdf,2026-09-03
Lighting Chain (Rope Lights),,Scheme II (CRS),IS 10322 (Part 5)Section 9: 2017,Luminaries: Part 5 Particular Requirements Section 9 Rope Lights,SO 1236 (E),,"01st April, 2020",,,https://www.bis.gov.in/wp-content/uploads/2020/05/MeitY-QCO-for-additional-12-products.pdf | https://www.bis.gov.in/wp-content/uploads/2021/11/Electronics-and-Information-Technology-Goods-Requirement-of-Compulsory-Registration-Order-2021-1.pdf | https://www.bis.gov.in/wp-content/uploads/2026/05/amendments-to-the-Electronics-and-Information-Technology-Goods-Requirements-for-Compulsory-Registration-2021-1.pdf,2026-09-03
Keyboard,,Scheme II (CRS),IS/IEC 62368: Part 1: 2023,"Audio/Video, Information and Communication Technology Equipment – Part 1 Safety Requirements",SO 1236 (E),,"01st April, 2020",,,https://www.bis.gov.in/wp-content/uploads/2020/05/MeitY-QCO-for-additional-12-products.pdf | https://www.bis.gov.in/wp-content/uploads/2021/11/Electronics-and-Information-Technology-Goods-Requirement-of-Compulsory-Registration-Order-2021-1.pdf | https://www.bis.gov.in/wp-content/uploads/2026/05/amendments-to-the-Electronics-and-Information-Technology-Goods-Requirements-for-Compulsory-Registration-2021-1.pdf,2026-09-03
Induction Stove,,Scheme II (CRS),IS 302 (Part 2): Section 6: 2009,"Safety of household and similar electrical appliances: part 2 particular requirements, section 6 cooking ranges, hobs, ovens and similar appliances",SO 1236 (E),,"01st April, 2020",,,https://www.bis.gov.in/wp-content/uploads/2020/05/MeitY-QCO-for-additional-12-products.pdf | https://www.bis.gov.in/wp-content/uploads/2021/11/Electronics-and-Information-Technology-Goods-Requirement-of-Compulsory-Registration-Order-2021-1.pdf | https://www.bis.gov.in/wp-content/uploads/2026/05/amendments-to-the-Electronics-and-Information-Technology-Goods-Requirements-for-Compulsory-Registration-2021-1.pdf,2026-09-03
Automatic Teller Cash dispensing machines,,Scheme II (CRS),IS/IEC 62368: Part 1: 2023,"Audio/Video, Information and Communication Technology Equipment – Part 1 Safety Requirements",SO 1236 (E),,"01st April, 2020",,,https://www.bis.gov.in/wp-content/uploads/2020/05/MeitY-QCO-for-additional-12-products.pdf | https://www.bis.gov.in/wp-content/uploads/2021/11/Electronics-and-Information-Technology-Goods-Requirement-of-Compulsory-Registration-Order-2021-1.pdf | https://www.bis.gov.in/wp-content/uploads/2026/05/amendments-to-the-Electronics-and-Information-Technology-Goods-Requirements-for-Compulsory-Registration-2021-1.pdf,2026-09-03
USB Type External Hard Disk Drive,,Scheme II (CRS),IS/IEC 62368: Part 1: 2023,"Audio/Video, Information and Communication Technology Equipment – Part 1 Safety Requirements",S.O.2204 (E),,"05 May, 2026",,,https://www.bis.gov.in/wp-content/uploads/2026/05/Electronics-and-Information-Technology-Goods-2021-Amendment-Standalone-Hard-Disk-Drives-1.pdf,2026-09-03
Wireless Headphone and Earphone,,Scheme II (CRS),IS/IEC 62368: Part 1: 2023,"Audio/Video, Information and Communication Technology Equipment – Part 1 Safety Requirements",,,,,,,2026-09-03
USB Type External Solid- State Storage Devices (above 256 GB capacity),,Scheme II (CRS),IS/IEC 62368: Part 1: 2023,"Audio/Video, Information and Communication Technology Equipment – Part 1 Safety Requirements",,,,,,,2026-09-03
Electronic Musical System with input power below 200 Watts,,Scheme II (CRS),IS/IEC 62368: Part 1: 2023,"Audio/Video, Information and Communication Technology Equipment – Part 1 Safety Requirements",,,,,,,2026-09-03
Standalone Switch Mode Power Supplies (SMPS)with output voltage 48 V (max),,Scheme II (CRS),IS/IEC 62368: Part 1: 2023,"Audio/Video, Information and Communication Technology Equipment – Part 1 Safety Requirements",,,,,,,2026-09-03
Television other than Plasma/ LCD/LED TVs,,Scheme II (CRS),IS/IEC 62368: Part 1: 2023,"Audio/Video, Information and Communication Technology Equipment – Part 1 Safety Requirements",,,,,,,2026-09-03
Rice Cooker,,Scheme II (CRS),IS 302 (Part 2): Section 15: 2009,safety of household and similar electrical appliances: part 2 particular requirements: section 15 appliances for heating liquids,,,,,,,2026-09-03
Wireless microphone,,Scheme II (CRS),IS/IEC 62368: Part 1: 2023,"Audio/Video, Information and Communication Technology Equipment – Part 1 Safety Requirements",S.O. 3429(E),,1 October 2020,,,https://www.bis.gov.in/wp-content/uploads/2020/10/222196.pdf | https://www.bis.gov.in/wp-content/uploads/2021/11/Electronics-and-Information-Technology-Goods-Requirement-of-Compulsory-Registration-Order-2021-1.pdf | https://www.bis.gov.in/wp-content/uploads/2026/05/amendments-to-the-Electronics-and-Information-Technology-Goods-Requirements-for-Compulsory-Registration-2021-1.pdf,2026-09-03
Digital Camera,,Scheme II (CRS),IS/IEC 62368: Part 1: 2023,"Audio/Video, Information and Communication Technology Equipment – Part 1 Safety Requirements",S.O. 3429(E),,1 October 2020,,,https://www.bis.gov.in/wp-content/uploads/2020/10/222196.pdf | https://www.bis.gov.in/wp-content/uploads/2021/11/Electronics-and-Information-Technology-Goods-Requirement-of-Compulsory-Registration-Order-2021-1.pdf | https://www.bis.gov.in/wp-content/uploads/2026/05/amendments-to-the-Electronics-and-Information-Technology-Goods-Requirements-for-Compulsory-Registration-2021-1.pdf,2026-09-03
Video Camera,,Scheme II (CRS),IS/IEC 62368: Part 1: 2023,"Audio/Video, Information and Communication Technology Equipment – Part 1 Safety Requirements",S.O. 3429(E),,1 October 2020,,,https://www.bis.gov.in/wp-content/uploads/2020/10/222196.pdf | https://www.bis.gov.in/wp-content/uploads/2021/11/Electronics-and-Information-Technology-Goods-Requirement-of-Compulsory-Registration-Order-2021-1.pdf | https://www.bis.gov.in/wp-content/uploads/2026/05/amendments-to-the-Electronics-and-Information-Technology-Goods-Requirements-for-Compulsory-Registration-2021-1.pdf,2026-09-03
Webcam (Finished Product),,Scheme II (CRS),IS/IEC 62368: Part 1: 2023,"Audio/Video, Information and Communication Technology Equipment – Part 1 Safety Requirements",S.O. 3429(E),,1 October 2020,,,https://www.bis.gov.in/wp-content/uploads/2020/10/222196.pdf | https://www.bis.gov.in/wp-content/uploads/2021/11/Electronics-and-Information-Technology-Goods-Requirement-of-Compulsory-Registration-Order-2021-1.pdf | https://www.bis.gov.in/wp-content/uploads/2026/05/amendments-to-the-Electronics-and-Information-Technology-Goods-Requirements-for-Compulsory-Registration-2021-1.pdf,2026-09-03
Smart Speakers (with and without Display),,Scheme II (CRS),IS/IEC 62368: Part 1: 2023,"Audio/Video, Information and Communication Technology Equipment – Part 1 Safety Requirements",S.O. 3429(E),,1 October 2020,,,https://www.bis.gov.in/wp-content/uploads/2020/10/222196.pdf | https://www.bis.gov.in/wp-content/uploads/2021/11/Electronics-and-Information-Technology-Goods-Requirement-of-Compulsory-Registration-Order-2021-1.pdf | https://www.bis.gov.in/wp-content/uploads/2026/05/amendments-to-the-Electronics-and-Information-Technology-Goods-Requirements-for-Compulsory-Registration-2021-1.pdf,2026-09-03
Dimmers for LED products,,Scheme II (CRS),IS 60669-2-1: 2008,Particular requirements for Electronic switches standards for Switches for household and similar fixed electrical installations.,S.O. 3429(E),,1 October 2020,,,https://www.bis.gov.in/wp-content/uploads/2020/10/222196.pdf | https://www.bis.gov.in/wp-content/uploads/2021/11/Electronics-and-Information-Technology-Goods-Requirement-of-Compulsory-Registration-Order-2021-1.pdf | https://www.bis.gov.in/wp-content/uploads/2026/05/amendments-to-the-Electronics-and-Information-Technology-Goods-Requirements-for-Compulsory-Registration-2021-1.pdf,2026-09-03
Bluetooth speakers,,Scheme II (CRS),IS/IEC 62368: Part 1: 2023,"Audio/Video, Information and Communication Technology Equipment – Part 1 Safety Requirements",S.O. 3429(E),,1 October 2020,,,https://www.bis.gov.in/wp-content/uploads/2020/10/222196.pdf | https://www.bis.gov.in/wp-content/uploads/2021/11/Electronics-and-Information-Technology-Goods-Requirement-of-Compulsory-Registration-Order-2021-1.pdf | https://www.bis.gov.in/wp-content/uploads/2026/05/amendments-to-the-Electronics-and-Information-Technology-Goods-Requirements-for-Compulsory-Registration-2021-1.pdf,2026-09-03
Television Sets,,Scheme II (CRS),IS 18112:2022,Digital Television Receiver for Satellite Broadcast Transmission – Specification,S.O. 1929(E),,"26th April, 2023",,,https://www.bis.gov.in/wp-content/uploads/2023/05/Miety-QCO-amendment-order-26-April-2023.pdf | https://www.bis.gov.in/wp-content/uploads/2025/03/Digital-Television-Receiver-for-Satellite-Broadcast-Transmission-QCO-Amendment-2025.pdf | https://www.bis.gov.in/wp-content/uploads/2025/10/Extension-in-timelines-for-the-implementation-of-Television-Sets-IS-18112.pdf | https://www.bis.gov.in/wp-content/uploads/2026/01/Extension-of-Televisoin-Sets-timelies.pdf | https://www.bis.gov.in/wp-content/uploads/2026/05/amendments-to-the-Electronics-and-Information-Technology-Goods-Requirements-for-Compulsory-Registration-2021-1.pdf | https://www.bis.gov.in/wp-content/uploads/2026/07/Extension-in-timelines-for-the-implementation-of-the-order-for-product-categories-included-in-the-schedule-of-CRO-vide-S.O.-1929E-published-in-Gazette-of-India-on-26th-April20.pdf,2026-09-03
"Extended Reality Products (Augmented Reality, Virtual Reality, Mixed Reality etc.)",,Scheme II (CRS),IS/IEC 62368: Part 1: 2023,"Audio/Video, Information and Communication Technology Equipment – Part 1 Safety Requirements",S.O. 4997(E),,"04 November, 2025",,,https://www.bis.gov.in/wp-content/uploads/2025/11/Migration-to-IS-IEC-62368-Part-1-2023-from-IS-13252-Part-1-2010-and-IS-616-2017.pdf | https://www.bis.gov.in/wp-content/uploads/2026/05/amendments-to-the-Electronics-and-Information-Technology-Goods-Requirements-for-Compulsory-Registration-2021-1.pdf,2026-09-03
Crystalline Silicon Terrestrial Photovoltaic (PV) modules (Si wafer based),,Scheme II (CRS),IS 14286 IS/IEC 61730 -1 IS/IEC 61730 -2,Crystalline Silicon Terrestrial Photovoltaic (PV) modules – Design Qualification And Type Approval,S.O. 2920(E),,30 August 2017,,,https://www.bis.gov.in/MandatoryProducts/QCOrder/Gazette_SO2920_E.pdf | https://www.bis.gov.in/product-certification/products-under-compulsory-certification/scheme-ii-registration-scheme/?lang=en# | https://www.bis.gov.in/MandatoryProducts/QCOrder/Gazette_notification_quality_control_order_2183_30052018.pdf | https://www.bis.gov.in/wp-content/uploads/2018/12/MNRE-notification-published-in-Gazette-on-12-10-2018.pdf | https://www.bis.gov.in/wp-content/uploads/2023/02/Solar-Inverter-QCO-extension1.pdf | https://www.bis.gov.in/wp-content/uploads/2025/01/MNRE-QCO-Solar-PV-Products-Standards-EssentialRequirements.pdf | https://www.bis.gov.in/wp-content/uploads/2025/08/Solar-Systems-Devices-and-Components-Goods-Order-2025.pdf,2026-09-03
"Thin-Film Terrestrial Photovoltaic (PV) Modules (a-Si, CiGs and CdTe)",,Scheme II (CRS),IS 16077 IS/IEC 61730 -1 IS/IEC 61730 -2,Thin-Film Terrestrial Photovoltaic (PV) Modules – Design Qualification and Type Approval,S.O. 2920(E),,30 August 2017,,,https://www.bis.gov.in/MandatoryProducts/QCOrder/Gazette_SO2920_E.pdf | https://www.bis.gov.in/product-certification/products-under-compulsory-certification/scheme-ii-registration-scheme/?lang=en# | https://www.bis.gov.in/MandatoryProducts/QCOrder/Gazette_notification_quality_control_order_2183_30052018.pdf | https://www.bis.gov.in/wp-content/uploads/2018/12/MNRE-notification-published-in-Gazette-on-12-10-2018.pdf | https://www.bis.gov.in/wp-content/uploads/2023/02/Solar-Inverter-QCO-extension1.pdf | https://www.bis.gov.in/wp-content/uploads/2025/01/MNRE-QCO-Solar-PV-Products-Standards-EssentialRequirements.pdf | https://www.bis.gov.in/wp-content/uploads/2025/08/Solar-Systems-Devices-and-Components-Goods-Order-2025.pdf,2026-09-03
Power converters for use in photovoltaic power system,,Scheme II (CRS),IS 16221 (Part 2),Safety of Power Converters for Use in Photovoltaic Power Systems Part 2-Particular Requirements for Inverters,S.O. 2920(E),,30 August 2017,,,https://www.bis.gov.in/MandatoryProducts/QCOrder/Gazette_SO2920_E.pdf | https://www.bis.gov.in/product-certification/products-under-compulsory-certification/scheme-ii-registration-scheme/?lang=en# | https://www.bis.gov.in/MandatoryProducts/QCOrder/Gazette_notification_quality_control_order_2183_30052018.pdf | https://www.bis.gov.in/wp-content/uploads/2018/12/MNRE-notification-published-in-Gazette-on-12-10-2018.pdf | https://www.bis.gov.in/wp-content/uploads/2023/02/Solar-Inverter-QCO-extension1.pdf | https://www.bis.gov.in/wp-content/uploads/2025/01/MNRE-QCO-Solar-PV-Products-Standards-EssentialRequirements.pdf | https://www.bis.gov.in/wp-content/uploads/2025/08/Solar-Systems-Devices-and-Components-Goods-Order-2025.pdf,2026-09-03
Power converters for use in photovoltaic power system,,Scheme II (CRS),IS 16169,Safety of Power Converters for Use in Photovoltaic Power Systems Part 2-Particular Requirements for Inverters,S.O. 2920(E),,30 August 2017,,,https://www.bis.gov.in/MandatoryProducts/QCOrder/Gazette_SO2920_E.pdf | https://www.bis.gov.in/product-certification/products-under-compulsory-certification/scheme-ii-registration-scheme/?lang=en# | https://www.bis.gov.in/MandatoryProducts/QCOrder/Gazette_notification_quality_control_order_2183_30052018.pdf | https://www.bis.gov.in/wp-content/uploads/2018/12/MNRE-notification-published-in-Gazette-on-12-10-2018.pdf | https://www.bis.gov.in/wp-content/uploads/2023/02/Solar-Inverter-QCO-extension1.pdf | https://www.bis.gov.in/wp-content/uploads/2025/01/MNRE-QCO-Solar-PV-Products-Standards-EssentialRequirements.pdf | https://www.bis.gov.in/wp-content/uploads/2025/08/Solar-Systems-Devices-and-Components-Goods-Order-2025.pdf,2026-09-03
Utility –Interconnected Photovoltaic inverters,,Scheme II (CRS),IS 16270,Test Procedure of Islanding Prevention Measures for Utility-Interconnected Photovoltaic Inverters,S.O. 2920(E),,30 August 2017,,,https://www.bis.gov.in/MandatoryProducts/QCOrder/Gazette_SO2920_E.pdf | https://www.bis.gov.in/product-certification/products-under-compulsory-certification/scheme-ii-registration-scheme/?lang=en# | https://www.bis.gov.in/MandatoryProducts/QCOrder/Gazette_notification_quality_control_order_2183_30052018.pdf | https://www.bis.gov.in/wp-content/uploads/2018/12/MNRE-notification-published-in-Gazette-on-12-10-2018.pdf | https://www.bis.gov.in/wp-content/uploads/2023/02/Solar-Inverter-QCO-extension1.pdf | https://www.bis.gov.in/wp-content/uploads/2025/01/MNRE-QCO-Solar-PV-Products-Standards-EssentialRequirements.pdf | https://www.bis.gov.in/wp-content/uploads/2025/08/Solar-Systems-Devices-and-Components-Goods-Order-2025.pdf,2026-09-03
Ortho Phosphoric Acid,,Scheme II (CRS),IS 798:2020,Ortho Phosphoric Acid – Specification,S.O. 2335 (E),,15.06.2021,,,https://www.bis.gov.in/wp-content/uploads/2021/06/Ortho-Phosphoric-Acid-Quality-Control-Order-2021-1.pdf | https://www.bis.gov.in/wp-content/uploads/2021/12/Extension-of-Methylene-Chloride-and-Ortho-Phosphoric-Acid.pdf | https://www.bis.gov.in/wp-content/uploads/2022/05/Extension-of-enforcement-date-of-3-QCOs.pdf | https://www.bis.gov.in/wp-content/uploads/2024/04/Ortho-Phosphoric-Acid-Quality-ControlAmendment-order-2024.pdf | https://www.bis.gov.in/wp-content/uploads/2024/07/Ortho-Phosphoric-Acid-Quality-Control-Second-Amendment-order-2024.pdf,2026-09-03
Polyphosphoric Acid,,Scheme II (CRS),IS 17439:2020,Polyphosphoric Acid – Specification,S.O. 5388(E),,24.12.2021,,,https://www.bis.gov.in/wp-content/uploads/2022/01/QCO-on-Polyphosphoric-Acid.pdf | https://www.bis.gov.in/wp-content/uploads/2022/05/Extension-of-enforcement-date-of-3-QCOs.pdf,2026-09-03
Trimethyl Phosphite,,Scheme II (CRS),IS 17412:2020,Trimethyl Phosphite – Technical Grade,S.O. 1637(E),,05.04.2022,,,https://www.bis.gov.in/wp-content/uploads/2022/04/Trimethyl-phosphite-Quality-Control-Order-2022.pdf,2026-09-03
Cotton Bales,,Scheme II (CRS),IS 12171:2019,Cotton Bales- Specification,S.O. 948(E),,28 February 2023,,,https://www.bis.gov.in/wp-content/uploads/2023/03/Cotton-Bales-QCO-20231.pdf | https://www.bis.gov.in/wp-content/uploads/2023/08/Cotton-Bales-QCO-Extension1.pdf | https://www.bis.gov.in/wp-content/uploads/2023/08/Cotton-Bales-QCO-amndment-2023-28082023.pdf | https://www.bis.gov.in/wp-content/uploads/2024/08/Cotton-bales-QCO-2023.pdf | https://www.bis.gov.in/wp-content/uploads/2025/07/Cotton-Bales-Quality-Control-Amendment-Order-2023.pdf | https://www.bis.gov.in/wp-content/uploads/2026/06/Rescind-Order-of-the-Cotton-Bales-Quality-Control-Order-2023-1.pdf,2026-09-03
Stampings/laminations/cores of transformers (with or without winding),,Scheme IV,,,S.O. 1673(E),,27-05-2020,,,https://www.bis.gov.in/wp-content/uploads/2020/07/Steel-QCO-2020-dated-27th-May-2020.pdf | https://www.bis.gov.in/wp-content/uploads/2020/10/Extension.pdf | https://www.bis.gov.in/wp-content/uploads/2021/01/QCO30032020.pdf | https://www.bis.gov.in/wp-content/uploads/2021/04/Order-on-extension-in-the-date-of-enforcement-of-Quality-Control-Order-on-StampingLaminationsCores-of-Transformers.pdf | https://www.bis.gov.in/wp-content/uploads/2021/09/Extension-in-the-date-of-enforcement-of-Quality-Control-Order-on-StampingLaminationsCores-of-Transformers-1.pdf,2026-09-03
Requirement of Retro-Reflective Devices for Bicycles,,Scheme IV,,,S.O. 2290(E),,25.05.2021,,,https://www.bis.gov.in/wp-content/uploads/2020/07/QCO-CoC-Bycycle-DPIIT.pdf | https://www.bis.gov.in/wp-content/uploads/2021/06/Bicycles-Retro-Reflective-Devices-Quality-Control-Order-2021.pdf | https://www.bis.gov.in/wp-content/uploads/2022/04/Bicycles-Retro-Reflective-Devices-Quality-Control-Amendment-Order-2021-2.pdf | https://www.bis.gov.in/wp-content/uploads/2023/03/Extension-of-DOI-of-Bicycles-Retro-Reflective-Devices-Quality-Control-Order-2021.pdf | https://www.bis.gov.in/wp-content/uploads/2023/04/Corrigndum-for-Bicycyle-reflector-27032023.pdf,2026-09-03
"AC Circuit – Breakers (Category A)- All ratings upto 630 A, upto 440V AC",,Scheme X,IS/IEC 60947: Part 2:2016,Low – Voltage Switchgear and Controlgear: Part 2 circuit – Breakers (First Revision),S.O. 4044(E),,9th May 2023,,,https://www.bis.gov.in/wp-content/uploads/2025/05/Electrical-Equipment-Quality-Control-2020-1.pdf | https://www.bis.gov.in/wp-content/uploads/2025/05/Electrical-Equipmemts-QCO-2023-1.pdf | https://www.bis.gov.in/wp-content/uploads/2025/05/Electrical-Equipment-Quality-Control-Second-Amendment-Order-2024-1.pdf,2026-09-03
"AC Circuit – Breakers (Category – A)- All ratings above 630A , upto 440V AC",,Scheme X,IS/IEC 60947: Part 2:2016,Low – Voltage Switchgear and Controlgear: Part 2 circuit – Breakers (First Revision),S.O. 5038(E),,6 November 2025,,,https://www.bis.gov.in/wp-content/uploads/2025/11/Deferment-of-upcoming-phase-implementation-of-the-Electrical-Equipment-Quality-Control-Order-2020.pdf,2026-09-03
"AC Circuit – Breakers (Category – A)- All ratings above 630A , upto 440V AC",,Scheme X,IS/IEC 60947: Part 2:2016,Low – Voltage Switchgear and Controlgear: Part 2 circuit – Breakers (First Revision),S.O. 2007 (E),,5 May 2025,,,https://www.bis.gov.in/wp-content/uploads/2025/05/Extension-of-implementation-timeline-under-the-Electrical-Equipment-Quality-Control-2.pdf | https://www.bis.gov.in/wp-content/uploads/2025/11/Deferment-of-upcoming-phase-implementation-of-the-Electrical-Equipment-Quality-Control-Order-2020.pdf,2026-09-03
"AC Circuit – Breakers (Category – A)- All ratings above 630A , upto 440V AC",,Scheme X,IS/IEC 60947: Part 2:2016,Low – Voltage Switchgear and Controlgear: Part 2 circuit – Breakers (First Revision),S.O. 5038(E),,6 November 2025,,,https://www.bis.gov.in/wp-content/uploads/2025/11/Deferment-of-upcoming-phase-implementation-of-the-Electrical-Equipment-Quality-Control-Order-2020.pdf,2026-09-03
"AC Circuit Breakers (Category -B)- All ratings upto 2000 A, upto 440V AC",,Scheme X,IS/IEC 60947: Part 2:2016,Low – Voltage Switchgear and Controlgear: Part 2 circuit – Breakers (First Revision),S.O. 2007 (E),,5 May 2025,,,https://www.bis.gov.in/wp-content/uploads/2025/05/Extension-of-implementation-timeline-under-the-Electrical-Equipment-Quality-Control-2.pdf | https://www.bis.gov.in/wp-content/uploads/2025/11/Deferment-of-upcoming-phase-implementation-of-the-Electrical-Equipment-Quality-Control-Order-2020.pdf,2026-09-03
"AC Circuit – Breakers (Category B)- All rating upto 2000 A, upto 440V AC",,Scheme X,IS/IEC 60947: Part 2:2016,Low – Voltage Switchgear and Controlgear: Part 2 circuit – Breakers (First Revision),S.O. 5038(E),,6 November 2025,,,https://www.bis.gov.in/wp-content/uploads/2025/11/Deferment-of-upcoming-phase-implementation-of-the-Electrical-Equipment-Quality-Control-Order-2020.pdf,2026-09-03
AC Circuit – Breakers (Category A) – All rating above 440V AC,,Scheme X,IS/IEC 60947: Part 2:2016,Low – Voltage Switchgear and Controlgear: Part 2 circuit – Breakers (First Revision),S.O. 5038(E),,6 November 2025,,,https://www.bis.gov.in/wp-content/uploads/2025/11/Deferment-of-upcoming-phase-implementation-of-the-Electrical-Equipment-Quality-Control-Order-2020.pdf,2026-09-03
"AC Circuit – Breakers (Category B)- rating above 2000 A, upto 440V AC",,Scheme X,IS/IEC 60947: Part 2:2016,Low – Voltage Switchgear and Controlgear: Part 2 circuit – Breakers (First Revision),S.O. 5038(E),,6 November 2025,,,https://www.bis.gov.in/wp-content/uploads/2025/11/Deferment-of-upcoming-phase-implementation-of-the-Electrical-Equipment-Quality-Control-Order-2020.pdf,2026-09-03
AC Circuit – Breakers (Category B)- All rating above 440V AC,,Scheme X,IS/IEC 60947: Part 2:2016,Low – Voltage Switchgear and Controlgear: Part 2 circuit – Breakers (First Revision),S.O. 5038(E),,6 November 2025,,,https://www.bis.gov.in/wp-content/uploads/2025/11/Deferment-of-upcoming-phase-implementation-of-the-Electrical-Equipment-Quality-Control-Order-2020.pdf,2026-09-03
DC Circuit – Breaker (Category A) – All rating,,Scheme X,IS/IEC 60947: Part 2:2016,Low – Voltage Switchgear and Controlgear: Part 2 circuit – Breakers (First Revision),S.O. 5038(E),,6 November 2025,,,https://www.bis.gov.in/wp-content/uploads/2025/11/Deferment-of-upcoming-phase-implementation-of-the-Electrical-Equipment-Quality-Control-Order-2020.pdf,2026-09-03
AC Circuit – Breaker (Category B)- All rating,,Scheme X,IS/IEC 60947: Part 2:2016,Low – Voltage Switchgear and Controlgear: Part 2 circuit – Breakers (First Revision),S.O. 5038(E),,6 November 2025,,,https://www.bis.gov.in/wp-content/uploads/2025/11/Deferment-of-upcoming-phase-implementation-of-the-Electrical-Equipment-Quality-Control-Order-2020.pdf,2026-09-03
"All AC utilization categories Upto 250A, Upto 440V AC",,Scheme X,IS/IEC 60947: Part 3:2012,"Low-Voltage switchgear and control gear: Part 3 switches, disconnectors, switch disconnectors and fuse – Combination units",S.O. 2007 (E),,"10 March, 2025",,,https://www.bis.gov.in/wp-content/uploads/2025/05/Product-Specific-Guidelines-for-Low-Voltage-Switchgear-and-Controlgear-60947-3-1.pdf | https://www.bis.gov.in/wp-content/uploads/2025/05/Extension-of-implementation-timeline-under-the-Electrical-Equipment-Quality-Control-2.pdf | https://www.bis.gov.in/wp-content/uploads/2025/11/Deferment-of-upcoming-phase-implementation-of-the-Electrical-Equipment-Quality-Control-Order-2020.pdf,2026-09-03
"All AC utilization categories Upto 250A, Upto 440V AC",,Scheme X,IS/IEC 60947: Part 3:2012,"Low-Voltage switchgear and control gear: Part 3 switches, disconnectors, switch disconnectors and fuse – Combination units",S.O. 5038(E),,6 November 2025,,,https://www.bis.gov.in/wp-content/uploads/2025/11/Deferment-of-upcoming-phase-implementation-of-the-Electrical-Equipment-Quality-Control-Order-2020.pdf,2026-09-03
"All AC utilization categories Upto 630 A, Upto 440V AC",,Scheme X,IS/IEC 60947: Part 3:2012,"Low-Voltage switchgear and control gear: Part 3 switches, disconnectors, switch disconnectors and fuse – Combination units",S.O. 5038(E),,6 November 2025,,,https://www.bis.gov.in/wp-content/uploads/2025/11/Deferment-of-upcoming-phase-implementation-of-the-Electrical-Equipment-Quality-Control-Order-2020.pdf,2026-09-03
"All AC utilization categories Above 630 A, Upto 440V AC",,Scheme X,IS/IEC 60947: Part 3:2012,"Low-Voltage switchgear and control gear: Part 3 switches, disconnectors, switch disconnectors and fuse – Combination units",S.O. 5038(E),,6 November 2025,,,https://www.bis.gov.in/wp-content/uploads/2025/11/Deferment-of-upcoming-phase-implementation-of-the-Electrical-Equipment-Quality-Control-Order-2020.pdf,2026-09-03
"All AC utilization categories All ratings, above 440V AC",,Scheme X,IS/IEC 60947: Part 3:2012,"Low-Voltage switchgear and control gear: Part 3 switches, disconnectors, switch disconnectors and fuse – Combination units",S.O. 5038(E),,6 November 2025,,,https://www.bis.gov.in/wp-content/uploads/2025/11/Deferment-of-upcoming-phase-implementation-of-the-Electrical-Equipment-Quality-Control-Order-2020.pdf,2026-09-03
"All DC utilization categories, All ratings.",,Scheme X,IS/IEC 60947: Part 3:2012,"Low-Voltage switchgear and control gear: Part 3 switches, disconnectors, switch disconnectors and fuse – Combination units",S.O. 5038(E),,6 November 2025,,,https://www.bis.gov.in/wp-content/uploads/2025/11/Deferment-of-upcoming-phase-implementation-of-the-Electrical-Equipment-Quality-Control-Order-2020.pdf,2026-09-03
Contactor -All AC utilization categories Upto 32A,,Scheme X,IS/IEC 60947 : Part 4 : Sec 1 : 2018,Low-Voltage Switchgear and Controlgear Part 4 Contactors and Motor-Starters Section 1 Electromechanical Contactors and Motor-Starters (Second Revision ),S.O. 2007 (E),,5 May 2025,,,https://www.bis.gov.in/wp-content/uploads/2025/05/Extension-of-implementation-timeline-under-the-Electrical-Equipment-Quality-Control-2.pdf | https://www.bis.gov.in/wp-content/uploads/2025/11/Deferment-of-upcoming-phase-implementation-of-the-Electrical-Equipment-Quality-Control-Order-2020.pdf,2026-09-03
Contactor -All AC utilization categories Upto 32A,,Scheme X,IS/IEC 60947 : Part 4 : Sec 1 : 2018,Low-Voltage Switchgear and Controlgear Part 4 Contactors and Motor-Starters Section 1 Electromechanical Contactors and Motor-Starters (Second Revision ),S.O. 5038(E),,6 November 2025,,,https://www.bis.gov.in/wp-content/uploads/2025/11/Deferment-of-upcoming-phase-implementation-of-the-Electrical-Equipment-Quality-Control-Order-2020.pdf,2026-09-03
"Contactor -All AC utilization categories, above 32A",,Scheme X,IS/IEC 60947 : Part 4 : Sec 1 : 2018,Low-Voltage Switchgear and Controlgear Part 4 Contactors and Motor-Starters Section 1 Electromechanical Contactors and Motor-Starters (Second Revision ),S.O. 5038(E),,6 November 2025,,,https://www.bis.gov.in/wp-content/uploads/2025/11/Deferment-of-upcoming-phase-implementation-of-the-Electrical-Equipment-Quality-Control-Order-2020.pdf,2026-09-03
Starter- All AC utilization categories direct-on-line a.c. starter,,Scheme X,IS/IEC 60947 : Part 4 : Sec 1 : 2018,Low-Voltage Switchgear and Controlgear Part 4 Contactors and Motor-Starters Section 1 Electromechanical Contactors and Motor-Starters (Second Revision ),S.O. 5038(E),,6 November 2025,,,https://www.bis.gov.in/wp-content/uploads/2025/11/Deferment-of-upcoming-phase-implementation-of-the-Electrical-Equipment-Quality-Control-Order-2020.pdf,2026-09-03
Starter- All AC utilization categories. All other Starters,,Scheme X,IS/IEC 60947 : Part 4 : Sec 1 : 2018,Low-Voltage Switchgear and Controlgear Part 4 Contactors and Motor-Starters Section 1 Electromechanical Contactors and Motor-Starters (Second Revision ),S.O. 5038(E),,6 November 2025,,,https://www.bis.gov.in/wp-content/uploads/2025/11/Deferment-of-upcoming-phase-implementation-of-the-Electrical-Equipment-Quality-Control-Order-2020.pdf,2026-09-03
All DC utilization categories. All DC ratings,,Scheme X,IS/IEC 60947 : Part 4 : Sec 1 : 2018,Low-Voltage Switchgear and Controlgear Part 4 Contactors and Motor-Starters Section 1 Electromechanical Contactors and Motor-Starters (Second Revision ),S.O. 5038(E),,"10 March, 2025",,,https://www.bis.gov.in/wp-content/uploads/2025/05/Product-Specific-Guidelines-for-Electromechanical-Contactor-and-Motor-Starter-60947-4-1-1.pdf | https://www.bis.gov.in/wp-content/uploads/2025/11/Deferment-of-upcoming-phase-implementation-of-the-Electrical-Equipment-Quality-Control-Order-2020.pdf,2026-09-03
All types of product ratings,,Scheme X,IS/IEC 60947 : Part 4 : Sec 2 : 2020,Low – Voltage Switchgear and Controlgear: Part 4 Contactors and Motor – Starters: Sec 2 Semiconductor Motor Controllers and Starters and Soft Starters (Second Revision),S.O. 2007 (E),,5 May 2025,,,https://www.bis.gov.in/wp-content/uploads/2025/05/Extension-of-implementation-timeline-under-the-Electrical-Equipment-Quality-Control-2.pdf | https://www.bis.gov.in/wp-content/uploads/2025/11/Deferment-of-upcoming-phase-implementation-of-the-Electrical-Equipment-Quality-Control-Order-2020.pdf,2026-09-03
All types of product ratings,,Scheme X,IS/IEC 60947 : Part 4 : Sec 3 : 2020,Low-Voltage Switchgear and Controlgear Part 4 Contactors and Motor-Starters Section 3 Semiconductor Controllers and Semiconductor Contactors for Non-Motor Loads ( Third Revision ),S.O. 2007 (E),,5 May 2025,,,https://www.bis.gov.in/wp-content/uploads/2025/05/Extension-of-implementation-timeline-under-the-Electrical-Equipment-Quality-Control-2.pdf | https://www.bis.gov.in/wp-content/uploads/2025/11/Deferment-of-upcoming-phase-implementation-of-the-Electrical-Equipment-Quality-Control-Order-2020.pdf,2026-09-03
Low-Voltage Switchgear and Controlgear Part 5 Control Circuit Devices and Switching,,Scheme X,IS/IEC 60947 : Part 5 : Sec 1 : 2016,Low-Voltage switchgear and control gear: Part 5 control circuit devices and switching elements: Sec 1 electromechanical control circuit devices ( First Revision),S.O. 2007 (E),,"10 March, 2025",,,https://www.bis.gov.in/wp-content/uploads/2025/05/Product-Specific-Guidelines-for-Low-Voltage-Switchgear-and-Controlgear-60947-5-1-1.pdf | https://www.bis.gov.in/wp-content/uploads/2025/05/Extension-of-implementation-timeline-under-the-Electrical-Equipment-Quality-Control-2.pdf | https://www.bis.gov.in/wp-content/uploads/2025/11/Deferment-of-upcoming-phase-implementation-of-the-Electrical-Equipment-Quality-Control-Order-2020.pdf,2026-09-03
Low-Voltage Switchgear and Controlgear Part 5 Control Circuit Devices and Switching,,Scheme X,IS/IEC 60947 : Part 5 : Sec 1 : 2016,,S.O. 5038(E),,6 November 2025,,,https://www.bis.gov.in/wp-content/uploads/2025/11/Deferment-of-upcoming-phase-implementation-of-the-Electrical-Equipment-Quality-Control-Order-2020.pdf,2026-09-03
Low-Voltage Switchgear and Controlgear Part 5 Control Circuit Devices and Switching,,Scheme X,IS/IEC 60947 : Part 5 : Sec 1 : 2016,,S.O. 5038(E),,6 November 2025,,,https://www.bis.gov.in/wp-content/uploads/2025/11/Deferment-of-upcoming-phase-implementation-of-the-Electrical-Equipment-Quality-Control-Order-2020.pdf,2026-09-03
Low-Voltage Switchgear and Controlgear Part 5 Control Circuit Devices and Switching,,Scheme X,IS/IEC 60947 : Part 5 : Sec 1 : 2016,,S.O. 5038(E),,6 November 2025,,,https://www.bis.gov.in/wp-content/uploads/2025/11/Deferment-of-upcoming-phase-implementation-of-the-Electrical-Equipment-Quality-Control-Order-2020.pdf,2026-09-03
All test as per IS/IEC 60947: Part 5: Sec 2: 2007,,Scheme X,IS/IEC 60947: Part 5: Sec 2: 2007,Low-Voltage switchgear and control gear: Part 5 control circuit devices and switching elements: Sec 2 proximity switches,,,,,,https://www.bis.gov.in/wp-content/uploads/2025/05/Extension-of-implementation-timeline-under-the-Electrical-Equipment-Quality-Control-2.pdf | https://www.bis.gov.in/wp-content/uploads/2025/11/Deferment-of-upcoming-phase-implementation-of-the-Electrical-Equipment-Quality-Control-Order-2020.pdf,2026-09-03
All devices with button type actuator,,Scheme X,IS/IEC 60947 : Part 5 : Sec 5 : 2016,Low-Voltage Switchgear and Controlgear Part 5 Control Circuit Devices and Switching Elements Section 5 Electrical emergency stop devices with mechanical latching function,S.O. 2007 (E),,"10 March, 2025",,,https://www.bis.gov.in/wp-content/uploads/2025/03/Product-Specific-Guidelines-for-Low-Voltage-Switchgear-60947-5-5.pdf | https://www.bis.gov.in/wp-content/uploads/2025/05/Extension-of-implementation-timeline-under-the-Electrical-Equipment-Quality-Control-2.pdf | https://www.bis.gov.in/wp-content/uploads/2025/11/Deferment-of-upcoming-phase-implementation-of-the-Electrical-Equipment-Quality-Control-Order-2020.pdf,2026-09-03
All devices with all types of actuator,,Scheme X,IS/IEC 60947 : Part 5 : Sec 5 : 2016,Low-Voltage Switchgear and Controlgear Part 5 Control Circuit Devices and Switching Elements Section 5 Electrical emergency stop devices with mechanical latching function,S.O. 5038(E),,6 November 2025,,,https://www.bis.gov.in/wp-content/uploads/2025/11/Deferment-of-upcoming-phase-implementation-of-the-Electrical-Equipment-Quality-Control-Order-2020.pdf,2026-09-03
